303,-113,asY8wSsl35p8xg2v4U8eRhBXWCw=,a5Ojwbx4Pq3CBfC/mdvKEkPqtCc=
302,-113,asY8wSsl35p8xg2v4U8eRhBXWCw=,a5Ojwbx4Pq3CBfC/mdvKEkPqtCc=
300,-113,asY8wSsl35p8xg2v4U8eRhBXWCw=,a5Ojwbx4Pq3CBfC/mdvKEkPqtCc=
301,-113,asY8wSsl35p8xg2v4U8eRhBXWCw=,a5Ojwbx4Pq3CBfC/mdvKEkPqtCc=
299,-113,asY8wSsl35p8xg2v4U8eRhBXWCw=,a5Ojwbx4Pq3CBfC/mdvKEkPqtCc=
298,-113,asY8wSsl35p8xg2v4U8eRhBXWCw=,a5Ojwbx4Pq3CBfC/mdvKEkPqtCc=
296,-113,asY8wSsl35p8xg2v4U8eRhBXWCw=,a5Ojwbx4Pq3CBfC/mdvKEkPqtCc=
297,-113,asY8wSsl35p8xg2v4U8eRhBXWCw=,a5Ojwbx4Pq3CBfC/mdvKEkPqtCc=
295,-113,asY8wSsl35p8xg2v4U8eRhBXWCw=,a5Ojwbx4Pq3CBfC/mdvKEkPqtCc=
293,-113,asY8wSsl35p8xg2v4U8eRhBXWCw=,a5Ojwbx4Pq3CBfC/mdvKEkPqtCc=
291,-113,asY8wSsl35p8xg2v4U8eRhBXWCw=,a5Ojwbx4Pq3CBfC/mdvKEkPqtCc=
292,-113,asY8wSsl35p8xg2v4U8eRhBXWCw=,a5Ojwbx4Pq3CBfC/mdvKEkPqtCc=
294,-113,asY8wSsl35p8xg2v4U8eRhBXWCw=,a5Ojwbx4Pq3CBfC/mdvKEkPqtCc=
289,-113,asY8wSsl35p8xg2v4U8eRhBXWCw=,a5Ojwbx4Pq3CBfC/mdvKEkPqtCc=
302,-128,asY8wSsl35p8xg2v4U8eRhBXWCw=,a5Ojwbx4Pq3CBfC/mdvKEkPqtCc=
302,-127,asY8wSsl35p8xg2v4U8eRhBXWCw=,a5Ojwbx4Pq3CBfC/mdvKEkPqtCc=
290,-113,asY8wSsl35p8xg2v4U8eRhBXWCw=,a5Ojwbx4Pq3CBfC/mdvKEkPqtCc=
303,-127,asY8wSsl35p8xg2v4U8eRhBXWCw=,a5Ojwbx4Pq3CBfC/mdvKEkPqtCc=
299,-128,asY8wSsl35p8xg2v4U8eRhBXWCw=,a5Ojwbx4Pq3CBfC/mdvKEkPqtCc=
289,-126,asY8wSsl35p8xg2v4U8eRhBXWCw=,a5Ojwbx4Pq3CBfC/mdvKEkPqtCc=
288,-126,asY8wSsl35p8xg2v4U8eRhBXWCw=,a5Ojwbx4Pq3CBfC/mdvKEkPqtCc=
290,-126,asY8wSsl35p8xg2v4U8eRhBXWCw=,a5Ojwbx4Pq3CBfC/mdvKEkPqtCc=
291,-126,asY8wSsl35p8xg2v4U8eRhBXWCw=,a5Ojwbx4Pq3CBfC/mdvKEkPqtCc=
292,-126,asY8wSsl35p8xg2v4U8eRhBXWCw=,a5Ojwbx4Pq3CBfC/mdvKEkPqtCc=
293,-126,asY8wSsl35p8xg2v4U8eRhBXWCw=,a5Ojwbx4Pq3CBfC/mdvKEkPqtCc=
294,-126,asY8wSsl35p8xg2v4U8eRhBXWCw=,a5Ojwbx4Pq3CBfC/mdvKEkPqtCc=
295,-126,asY8wSsl35p8xg2v4U8eRhBXWCw=,a5Ojwbx4Pq3CBfC/mdvKEkPqtCc=
300,-128,asY8wSsl35p8xg2v4U8eRhBXWCw=,a5Ojwbx4Pq3CBfC/mdvKEkPqtCc=
288,-128,asY8wSsl35p8xg2v4U8eRhBXWCw=,a5Ojwbx4Pq3CBfC/mdvKEkPqtCc=
289,-128,asY8wSsl35p8xg2v4U8eRhBXWCw=,a5Ojwbx4Pq3CBfC/mdvKEkPqtCc=
290,-128,asY8wSsl35p8xg2v4U8eRhBXWCw=,a5Ojwbx4Pq3CBfC/mdvKEkPqtCc=
301,-127,asY8wSsl35p8xg2v4U8eRhBXWCw=,a5Ojwbx4Pq3CBfC/mdvKEkPqtCc=
288,-113,asY8wSsl35p8xg2v4U8eRhBXWCw=,a5Ojwbx4Pq3CBfC/mdvKEkPqtCc=
303,-114,asY8wSsl35p8xg2v4U8eRhBXWCw=,a5Ojwbx4Pq3CBfC/mdvKEkPqtCc=
302,-114,asY8wSsl35p8xg2v4U8eRhBXWCw=,a5Ojwbx4Pq3CBfC/mdvKEkPqtCc=
301,-114,asY8wSsl35p8xg2v4U8eRhBXWCw=,a5Ojwbx4Pq3CBfC/mdvKEkPqtCc=
299,-114,asY8wSsl35p8xg2v4U8eRhBXWCw=,a5Ojwbx4Pq3CBfC/mdvKEkPqtCc=
300,-114,asY8wSsl35p8xg2v4U8eRhBXWCw=,a5Ojwbx4Pq3CBfC/mdvKEkPqtCc=
298,-114,asY8wSsl35p8xg2v4U8eRhBXWCw=,a5Ojwbx4Pq3CBfC/mdvKEkPqtCc=
297,-114,asY8wSsl35p8xg2v4U8eRhBXWCw=,a5Ojwbx4Pq3CBfC/mdvKEkPqtCc=
296,-114,asY8wSsl35p8xg2v4U8eRhBXWCw=,a5Ojwbx4Pq3CBfC/mdvKEkPqtCc=
294,-114,asY8wSsl35p8xg2v4U8eRhBXWCw=,a5Ojwbx4Pq3CBfC/mdvKEkPqtCc=
295,-114,asY8wSsl35p8xg2v4U8eRhBXWCw=,a5Ojwbx4Pq3CBfC/mdvKEkPqtCc=
292,-114,asY8wSsl35p8xg2v4U8eRhBXWCw=,a5Ojwbx4Pq3CBfC/mdvKEkPqtCc=
293,-114,asY8wSsl35p8xg2v4U8eRhBXWCw=,a5Ojwbx4Pq3CBfC/mdvKEkPqtCc=
291,-114,asY8wSsl35p8xg2v4U8eRhBXWCw=,a5Ojwbx4Pq3CBfC/mdvKEkPqtCc=
290,-114,asY8wSsl35p8xg2v4U8eRhBXWCw=,a5Ojwbx4Pq3CBfC/mdvKEkPqtCc=
301,-128,asY8wSsl35p8xg2v4U8eRhBXWCw=,a5Ojwbx4Pq3CBfC/mdvKEkPqtCc=
289,-114,asY8wSsl35p8xg2v4U8eRhBXWCw=,a5Ojwbx4Pq3CBfC/mdvKEkPqtCc=
288,-114,asY8wSsl35p8xg2v4U8eRhBXWCw=,a5Ojwbx4Pq3CBfC/mdvKEkPqtCc=
303,-115,asY8wSsl35p8xg2v4U8eRhBXWCw=,a5Ojwbx4Pq3CBfC/mdvKEkPqtCc=
302,-115,asY8wSsl35p8xg2v4U8eRhBXWCw=,a5Ojwbx4Pq3CBfC/mdvKEkPqtCc=
301,-115,asY8wSsl35p8xg2v4U8eRhBXWCw=,a5Ojwbx4Pq3CBfC/mdvKEkPqtCc=
300,-115,asY8wSsl35p8xg2v4U8eRhBXWCw=,a5Ojwbx4Pq3CBfC/mdvKEkPqtCc=
299,-115,asY8wSsl35p8xg2v4U8eRhBXWCw=,a5Ojwbx4Pq3CBfC/mdvKEkPqtCc=
298,-115,asY8wSsl35p8xg2v4U8eRhBXWCw=,a5Ojwbx4Pq3CBfC/mdvKEkPqtCc=
297,-115,asY8wSsl35p8xg2v4U8eRhBXWCw=,a5Ojwbx4Pq3CBfC/mdvKEkPqtCc=
295,-115,asY8wSsl35p8xg2v4U8eRhBXWCw=,a5Ojwbx4Pq3CBfC/mdvKEkPqtCc=
296,-115,asY8wSsl35p8xg2v4U8eRhBXWCw=,a5Ojwbx4Pq3CBfC/mdvKEkPqtCc=
294,-115,asY8wSsl35p8xg2v4U8eRhBXWCw=,a5Ojwbx4Pq3CBfC/mdvKEkPqtCc=
293,-115,asY8wSsl35p8xg2v4U8eRhBXWCw=,a5Ojwbx4Pq3CBfC/mdvKEkPqtCc=
292,-115,asY8wSsl35p8xg2v4U8eRhBXWCw=,a5Ojwbx4Pq3CBfC/mdvKEkPqtCc=
290,-115,asY8wSsl35p8xg2v4U8eRhBXWCw=,a5Ojwbx4Pq3CBfC/mdvKEkPqtCc=
289,-115,asY8wSsl35p8xg2v4U8eRhBXWCw=,a5Ojwbx4Pq3CBfC/mdvKEkPqtCc=
288,-115,asY8wSsl35p8xg2v4U8eRhBXWCw=,a5Ojwbx4Pq3CBfC/mdvKEkPqtCc=
303,-116,asY8wSsl35p8xg2v4U8eRhBXWCw=,a5Ojwbx4Pq3CBfC/mdvKEkPqtCc=
302,-116,asY8wSsl35p8xg2v4U8eRhBXWCw=,a5Ojwbx4Pq3CBfC/mdvKEkPqtCc=
301,-116,asY8wSsl35p8xg2v4U8eRhBXWCw=,a5Ojwbx4Pq3CBfC/mdvKEkPqtCc=
300,-116,asY8wSsl35p8xg2v4U8eRhBXWCw=,a5Ojwbx4Pq3CBfC/mdvKEkPqtCc=
291,-115,asY8wSsl35p8xg2v4U8eRhBXWCw=,a5Ojwbx4Pq3CBfC/mdvKEkPqtCc=
299,-116,asY8wSsl35p8xg2v4U8eRhBXWCw=,a5Ojwbx4Pq3CBfC/mdvKEkPqtCc=
298,-116,asY8wSsl35p8xg2v4U8eRhBXWCw=,a5Ojwbx4Pq3CBfC/mdvKEkPqtCc=
297,-116,asY8wSsl35p8xg2v4U8eRhBXWCw=,a5Ojwbx4Pq3CBfC/mdvKEkPqtCc=
296,-116,asY8wSsl35p8xg2v4U8eRhBXWCw=,a5Ojwbx4Pq3CBfC/mdvKEkPqtCc=
295,-116,asY8wSsl35p8xg2v4U8eRhBXWCw=,a5Ojwbx4Pq3CBfC/mdvKEkPqtCc=
294,-116,asY8wSsl35p8xg2v4U8eRhBXWCw=,a5Ojwbx4Pq3CBfC/mdvKEkPqtCc=
293,-116,asY8wSsl35p8xg2v4U8eRhBXWCw=,a5Ojwbx4Pq3CBfC/mdvKEkPqtCc=
292,-116,asY8wSsl35p8xg2v4U8eRhBXWCw=,a5Ojwbx4Pq3CBfC/mdvKEkPqtCc=
291,-116,asY8wSsl35p8xg2v4U8eRhBXWCw=,a5Ojwbx4Pq3CBfC/mdvKEkPqtCc=
290,-116,asY8wSsl35p8xg2v4U8eRhBXWCw=,a5Ojwbx4Pq3CBfC/mdvKEkPqtCc=
289,-116,asY8wSsl35p8xg2v4U8eRhBXWCw=,a5Ojwbx4Pq3CBfC/mdvKEkPqtCc=
288,-116,asY8wSsl35p8xg2v4U8eRhBXWCw=,a5Ojwbx4Pq3CBfC/mdvKEkPqtCc=
303,-117,asY8wSsl35p8xg2v4U8eRhBXWCw=,a5Ojwbx4Pq3CBfC/mdvKEkPqtCc=
302,-117,asY8wSsl35p8xg2v4U8eRhBXWCw=,a5Ojwbx4Pq3CBfC/mdvKEkPqtCc=
300,-117,asY8wSsl35p8xg2v4U8eRhBXWCw=,a5Ojwbx4Pq3CBfC/mdvKEkPqtCc=
301,-117,asY8wSsl35p8xg2v4U8eRhBXWCw=,a5Ojwbx4Pq3CBfC/mdvKEkPqtCc=
299,-117,asY8wSsl35p8xg2v4U8eRhBXWCw=,a5Ojwbx4Pq3CBfC/mdvKEkPqtCc=
298,-117,asY8wSsl35p8xg2v4U8eRhBXWCw=,a5Ojwbx4Pq3CBfC/mdvKEkPqtCc=
297,-117,asY8wSsl35p8xg2v4U8eRhBXWCw=,a5Ojwbx4Pq3CBfC/mdvKEkPqtCc=
296,-117,asY8wSsl35p8xg2v4U8eRhBXWCw=,a5Ojwbx4Pq3CBfC/mdvKEkPqtCc=
295,-117,asY8wSsl35p8xg2v4U8eRhBXWCw=,a5Ojwbx4Pq3CBfC/mdvKEkPqtCc=
294,-117,asY8wSsl35p8xg2v4U8eRhBXWCw=,a5Ojwbx4Pq3CBfC/mdvKEkPqtCc=
293,-117,asY8wSsl35p8xg2v4U8eRhBXWCw=,a5Ojwbx4Pq3CBfC/mdvKEkPqtCc=
297,-127,asY8wSsl35p8xg2v4U8eRhBXWCw=,a5Ojwbx4Pq3CBfC/mdvKEkPqtCc=
292,-117,asY8wSsl35p8xg2v4U8eRhBXWCw=,a5Ojwbx4Pq3CBfC/mdvKEkPqtCc=
291,-117,asY8wSsl35p8xg2v4U8eRhBXWCw=,a5Ojwbx4Pq3CBfC/mdvKEkPqtCc=
290,-117,asY8wSsl35p8xg2v4U8eRhBXWCw=,a5Ojwbx4Pq3CBfC/mdvKEkPqtCc=
289,-117,asY8wSsl35p8xg2v4U8eRhBXWCw=,a5Ojwbx4Pq3CBfC/mdvKEkPqtCc=
288,-117,asY8wSsl35p8xg2v4U8eRhBXWCw=,a5Ojwbx4Pq3CBfC/mdvKEkPqtCc=
303,-118,asY8wSsl35p8xg2v4U8eRhBXWCw=,a5Ojwbx4Pq3CBfC/mdvKEkPqtCc=
302,-118,asY8wSsl35p8xg2v4U8eRhBXWCw=,a5Ojwbx4Pq3CBfC/mdvKEkPqtCc=
301,-118,asY8wSsl35p8xg2v4U8eRhBXWCw=,a5Ojwbx4Pq3CBfC/mdvKEkPqtCc=
300,-118,asY8wSsl35p8xg2v4U8eRhBXWCw=,a5Ojwbx4Pq3CBfC/mdvKEkPqtCc=
299,-118,asY8wSsl35p8xg2v4U8eRhBXWCw=,a5Ojwbx4Pq3CBfC/mdvKEkPqtCc=
298,-118,asY8wSsl35p8xg2v4U8eRhBXWCw=,a5Ojwbx4Pq3CBfC/mdvKEkPqtCc=
297,-118,asY8wSsl35p8xg2v4U8eRhBXWCw=,a5Ojwbx4Pq3CBfC/mdvKEkPqtCc=
296,-118,asY8wSsl35p8xg2v4U8eRhBXWCw=,a5Ojwbx4Pq3CBfC/mdvKEkPqtCc=
295,-118,asY8wSsl35p8xg2v4U8eRhBXWCw=,a5Ojwbx4Pq3CBfC/mdvKEkPqtCc=
294,-118,asY8wSsl35p8xg2v4U8eRhBXWCw=,a5Ojwbx4Pq3CBfC/mdvKEkPqtCc=
303,-128,asY8wSsl35p8xg2v4U8eRhBXWCw=,a5Ojwbx4Pq3CBfC/mdvKEkPqtCc=
293,-118,asY8wSsl35p8xg2v4U8eRhBXWCw=,a5Ojwbx4Pq3CBfC/mdvKEkPqtCc=
292,-118,asY8wSsl35p8xg2v4U8eRhBXWCw=,a5Ojwbx4Pq3CBfC/mdvKEkPqtCc=
291,-118,asY8wSsl35p8xg2v4U8eRhBXWCw=,a5Ojwbx4Pq3CBfC/mdvKEkPqtCc=
290,-118,asY8wSsl35p8xg2v4U8eRhBXWCw=,a5Ojwbx4Pq3CBfC/mdvKEkPqtCc=
288,-118,asY8wSsl35p8xg2v4U8eRhBXWCw=,a5Ojwbx4Pq3CBfC/mdvKEkPqtCc=
289,-118,asY8wSsl35p8xg2v4U8eRhBXWCw=,a5Ojwbx4Pq3CBfC/mdvKEkPqtCc=
303,-119,asY8wSsl35p8xg2v4U8eRhBXWCw=,a5Ojwbx4Pq3CBfC/mdvKEkPqtCc=
302,-119,asY8wSsl35p8xg2v4U8eRhBXWCw=,a5Ojwbx4Pq3CBfC/mdvKEkPqtCc=
301,-119,asY8wSsl35p8xg2v4U8eRhBXWCw=,a5Ojwbx4Pq3CBfC/mdvKEkPqtCc=
300,-119,asY8wSsl35p8xg2v4U8eRhBXWCw=,a5Ojwbx4Pq3CBfC/mdvKEkPqtCc=
299,-119,asY8wSsl35p8xg2v4U8eRhBXWCw=,a5Ojwbx4Pq3CBfC/mdvKEkPqtCc=
298,-119,asY8wSsl35p8xg2v4U8eRhBXWCw=,a5Ojwbx4Pq3CBfC/mdvKEkPqtCc=
297,-119,asY8wSsl35p8xg2v4U8eRhBXWCw=,a5Ojwbx4Pq3CBfC/mdvKEkPqtCc=
296,-119,asY8wSsl35p8xg2v4U8eRhBXWCw=,a5Ojwbx4Pq3CBfC/mdvKEkPqtCc=
295,-119,asY8wSsl35p8xg2v4U8eRhBXWCw=,a5Ojwbx4Pq3CBfC/mdvKEkPqtCc=
295,-127,asY8wSsl35p8xg2v4U8eRhBXWCw=,a5Ojwbx4Pq3CBfC/mdvKEkPqtCc=
294,-119,asY8wSsl35p8xg2v4U8eRhBXWCw=,a5Ojwbx4Pq3CBfC/mdvKEkPqtCc=
293,-119,asY8wSsl35p8xg2v4U8eRhBXWCw=,a5Ojwbx4Pq3CBfC/mdvKEkPqtCc=
292,-119,asY8wSsl35p8xg2v4U8eRhBXWCw=,a5Ojwbx4Pq3CBfC/mdvKEkPqtCc=
291,-119,asY8wSsl35p8xg2v4U8eRhBXWCw=,a5Ojwbx4Pq3CBfC/mdvKEkPqtCc=
290,-119,asY8wSsl35p8xg2v4U8eRhBXWCw=,a5Ojwbx4Pq3CBfC/mdvKEkPqtCc=
289,-119,asY8wSsl35p8xg2v4U8eRhBXWCw=,a5Ojwbx4Pq3CBfC/mdvKEkPqtCc=
288,-119,asY8wSsl35p8xg2v4U8eRhBXWCw=,a5Ojwbx4Pq3CBfC/mdvKEkPqtCc=
303,-120,asY8wSsl35p8xg2v4U8eRhBXWCw=,a5Ojwbx4Pq3CBfC/mdvKEkPqtCc=
302,-120,asY8wSsl35p8xg2v4U8eRhBXWCw=,a5Ojwbx4Pq3CBfC/mdvKEkPqtCc=
301,-120,asY8wSsl35p8xg2v4U8eRhBXWCw=,a5Ojwbx4Pq3CBfC/mdvKEkPqtCc=
298,-128,asY8wSsl35p8xg2v4U8eRhBXWCw=,a5Ojwbx4Pq3CBfC/mdvKEkPqtCc=
300,-120,asY8wSsl35p8xg2v4U8eRhBXWCw=,a5Ojwbx4Pq3CBfC/mdvKEkPqtCc=
299,-120,asY8wSsl35p8xg2v4U8eRhBXWCw=,a5Ojwbx4Pq3CBfC/mdvKEkPqtCc=
297,-120,asY8wSsl35p8xg2v4U8eRhBXWCw=,a5Ojwbx4Pq3CBfC/mdvKEkPqtCc=
298,-120,asY8wSsl35p8xg2v4U8eRhBXWCw=,a5Ojwbx4Pq3CBfC/mdvKEkPqtCc=
296,-120,asY8wSsl35p8xg2v4U8eRhBXWCw=,a5Ojwbx4Pq3CBfC/mdvKEkPqtCc=
295,-120,asY8wSsl35p8xg2v4U8eRhBXWCw=,a5Ojwbx4Pq3CBfC/mdvKEkPqtCc=
294,-120,asY8wSsl35p8xg2v4U8eRhBXWCw=,a5Ojwbx4Pq3CBfC/mdvKEkPqtCc=
293,-120,asY8wSsl35p8xg2v4U8eRhBXWCw=,a5Ojwbx4Pq3CBfC/mdvKEkPqtCc=
292,-120,asY8wSsl35p8xg2v4U8eRhBXWCw=,a5Ojwbx4Pq3CBfC/mdvKEkPqtCc=
291,-120,asY8wSsl35p8xg2v4U8eRhBXWCw=,a5Ojwbx4Pq3CBfC/mdvKEkPqtCc=
290,-120,asY8wSsl35p8xg2v4U8eRhBXWCw=,a5Ojwbx4Pq3CBfC/mdvKEkPqtCc=
289,-120,asY8wSsl35p8xg2v4U8eRhBXWCw=,a5Ojwbx4Pq3CBfC/mdvKEkPqtCc=
288,-120,asY8wSsl35p8xg2v4U8eRhBXWCw=,a5Ojwbx4Pq3CBfC/mdvKEkPqtCc=
303,-121,asY8wSsl35p8xg2v4U8eRhBXWCw=,a5Ojwbx4Pq3CBfC/mdvKEkPqtCc=
302,-121,asY8wSsl35p8xg2v4U8eRhBXWCw=,a5Ojwbx4Pq3CBfC/mdvKEkPqtCc=
301,-121,asY8wSsl35p8xg2v4U8eRhBXWCw=,a5Ojwbx4Pq3CBfC/mdvKEkPqtCc=
300,-121,asY8wSsl35p8xg2v4U8eRhBXWCw=,a5Ojwbx4Pq3CBfC/mdvKEkPqtCc=
299,-121,asY8wSsl35p8xg2v4U8eRhBXWCw=,a5Ojwbx4Pq3CBfC/mdvKEkPqtCc=
298,-121,asY8wSsl35p8xg2v4U8eRhBXWCw=,a5Ojwbx4Pq3CBfC/mdvKEkPqtCc=
297,-121,asY8wSsl35p8xg2v4U8eRhBXWCw=,a5Ojwbx4Pq3CBfC/mdvKEkPqtCc=
294,-128,asY8wSsl35p8xg2v4U8eRhBXWCw=,a5Ojwbx4Pq3CBfC/mdvKEkPqtCc=
295,-121,asY8wSsl35p8xg2v4U8eRhBXWCw=,a5Ojwbx4Pq3CBfC/mdvKEkPqtCc=
296,-121,asY8wSsl35p8xg2v4U8eRhBXWCw=,a5Ojwbx4Pq3CBfC/mdvKEkPqtCc=
293,-121,asY8wSsl35p8xg2v4U8eRhBXWCw=,a5Ojwbx4Pq3CBfC/mdvKEkPqtCc=
292,-121,asY8wSsl35p8xg2v4U8eRhBXWCw=,a5Ojwbx4Pq3CBfC/mdvKEkPqtCc=
291,-121,asY8wSsl35p8xg2v4U8eRhBXWCw=,a5Ojwbx4Pq3CBfC/mdvKEkPqtCc=
290,-121,asY8wSsl35p8xg2v4U8eRhBXWCw=,a5Ojwbx4Pq3CBfC/mdvKEkPqtCc=
289,-121,asY8wSsl35p8xg2v4U8eRhBXWCw=,a5Ojwbx4Pq3CBfC/mdvKEkPqtCc=
288,-121,asY8wSsl35p8xg2v4U8eRhBXWCw=,a5Ojwbx4Pq3CBfC/mdvKEkPqtCc=
303,-122,asY8wSsl35p8xg2v4U8eRhBXWCw=,a5Ojwbx4Pq3CBfC/mdvKEkPqtCc=
302,-122,asY8wSsl35p8xg2v4U8eRhBXWCw=,a5Ojwbx4Pq3CBfC/mdvKEkPqtCc=
301,-122,asY8wSsl35p8xg2v4U8eRhBXWCw=,a5Ojwbx4Pq3CBfC/mdvKEkPqtCc=
300,-122,asY8wSsl35p8xg2v4U8eRhBXWCw=,a5Ojwbx4Pq3CBfC/mdvKEkPqtCc=
299,-122,asY8wSsl35p8xg2v4U8eRhBXWCw=,a5Ojwbx4Pq3CBfC/mdvKEkPqtCc=
297,-122,asY8wSsl35p8xg2v4U8eRhBXWCw=,a5Ojwbx4Pq3CBfC/mdvKEkPqtCc=
298,-122,asY8wSsl35p8xg2v4U8eRhBXWCw=,a5Ojwbx4Pq3CBfC/mdvKEkPqtCc=
296,-122,asY8wSsl35p8xg2v4U8eRhBXWCw=,a5Ojwbx4Pq3CBfC/mdvKEkPqtCc=
295,-122,asY8wSsl35p8xg2v4U8eRhBXWCw=,a5Ojwbx4Pq3CBfC/mdvKEkPqtCc=
294,-122,asY8wSsl35p8xg2v4U8eRhBXWCw=,a5Ojwbx4Pq3CBfC/mdvKEkPqtCc=
293,-122,asY8wSsl35p8xg2v4U8eRhBXWCw=,a5Ojwbx4Pq3CBfC/mdvKEkPqtCc=
292,-122,asY8wSsl35p8xg2v4U8eRhBXWCw=,a5Ojwbx4Pq3CBfC/mdvKEkPqtCc=
291,-122,asY8wSsl35p8xg2v4U8eRhBXWCw=,a5Ojwbx4Pq3CBfC/mdvKEkPqtCc=
290,-122,asY8wSsl35p8xg2v4U8eRhBXWCw=,a5Ojwbx4Pq3CBfC/mdvKEkPqtCc=
289,-122,asY8wSsl35p8xg2v4U8eRhBXWCw=,a5Ojwbx4Pq3CBfC/mdvKEkPqtCc=
288,-122,asY8wSsl35p8xg2v4U8eRhBXWCw=,a5Ojwbx4Pq3CBfC/mdvKEkPqtCc=
303,-123,asY8wSsl35p8xg2v4U8eRhBXWCw=,a5Ojwbx4Pq3CBfC/mdvKEkPqtCc=
302,-123,asY8wSsl35p8xg2v4U8eRhBXWCw=,a5Ojwbx4Pq3CBfC/mdvKEkPqtCc=
301,-123,asY8wSsl35p8xg2v4U8eRhBXWCw=,a5Ojwbx4Pq3CBfC/mdvKEkPqtCc=
300,-123,asY8wSsl35p8xg2v4U8eRhBXWCw=,a5Ojwbx4Pq3CBfC/mdvKEkPqtCc=
299,-123,asY8wSsl35p8xg2v4U8eRhBXWCw=,a5Ojwbx4Pq3CBfC/mdvKEkPqtCc=
296,-128,asY8wSsl35p8xg2v4U8eRhBXWCw=,a5Ojwbx4Pq3CBfC/mdvKEkPqtCc=
298,-123,asY8wSsl35p8xg2v4U8eRhBXWCw=,a5Ojwbx4Pq3CBfC/mdvKEkPqtCc=
297,-123,asY8wSsl35p8xg2v4U8eRhBXWCw=,a5Ojwbx4Pq3CBfC/mdvKEkPqtCc=
296,-123,asY8wSsl35p8xg2v4U8eRhBXWCw=,a5Ojwbx4Pq3CBfC/mdvKEkPqtCc=
295,-123,asY8wSsl35p8xg2v4U8eRhBXWCw=,a5Ojwbx4Pq3CBfC/mdvKEkPqtCc=
294,-123,asY8wSsl35p8xg2v4U8eRhBXWCw=,a5Ojwbx4Pq3CBfC/mdvKEkPqtCc=
293,-123,asY8wSsl35p8xg2v4U8eRhBXWCw=,a5Ojwbx4Pq3CBfC/mdvKEkPqtCc=
292,-123,asY8wSsl35p8xg2v4U8eRhBXWCw=,a5Ojwbx4Pq3CBfC/mdvKEkPqtCc=
291,-123,asY8wSsl35p8xg2v4U8eRhBXWCw=,a5Ojwbx4Pq3CBfC/mdvKEkPqtCc=
290,-123,asY8wSsl35p8xg2v4U8eRhBXWCw=,a5Ojwbx4Pq3CBfC/mdvKEkPqtCc=
289,-123,asY8wSsl35p8xg2v4U8eRhBXWCw=,a5Ojwbx4Pq3CBfC/mdvKEkPqtCc=
288,-123,asY8wSsl35p8xg2v4U8eRhBXWCw=,a5Ojwbx4Pq3CBfC/mdvKEkPqtCc=
296,-126,asY8wSsl35p8xg2v4U8eRhBXWCw=,a5Ojwbx4Pq3CBfC/mdvKEkPqtCc=
300,-127,asY8wSsl35p8xg2v4U8eRhBXWCw=,a5Ojwbx4Pq3CBfC/mdvKEkPqtCc=
302,-124,asY8wSsl35p8xg2v4U8eRhBXWCw=,a5Ojwbx4Pq3CBfC/mdvKEkPqtCc=
301,-124,asY8wSsl35p8xg2v4U8eRhBXWCw=,a5Ojwbx4Pq3CBfC/mdvKEkPqtCc=
300,-124,asY8wSsl35p8xg2v4U8eRhBXWCw=,a5Ojwbx4Pq3CBfC/mdvKEkPqtCc=
290,-127,asY8wSsl35p8xg2v4U8eRhBXWCw=,a5Ojwbx4Pq3CBfC/mdvKEkPqtCc=
298,-124,asY8wSsl35p8xg2v4U8eRhBXWCw=,a5Ojwbx4Pq3CBfC/mdvKEkPqtCc=
299,-124,asY8wSsl35p8xg2v4U8eRhBXWCw=,a5Ojwbx4Pq3CBfC/mdvKEkPqtCc=
297,-124,asY8wSsl35p8xg2v4U8eRhBXWCw=,a5Ojwbx4Pq3CBfC/mdvKEkPqtCc=
296,-124,asY8wSsl35p8xg2v4U8eRhBXWCw=,a5Ojwbx4Pq3CBfC/mdvKEkPqtCc=
295,-124,asY8wSsl35p8xg2v4U8eRhBXWCw=,a5Ojwbx4Pq3CBfC/mdvKEkPqtCc=
294,-124,asY8wSsl35p8xg2v4U8eRhBXWCw=,a5Ojwbx4Pq3CBfC/mdvKEkPqtCc=
293,-124,asY8wSsl35p8xg2v4U8eRhBXWCw=,a5Ojwbx4Pq3CBfC/mdvKEkPqtCc=
292,-124,asY8wSsl35p8xg2v4U8eRhBXWCw=,a5Ojwbx4Pq3CBfC/mdvKEkPqtCc=
291,-124,asY8wSsl35p8xg2v4U8eRhBXWCw=,a5Ojwbx4Pq3CBfC/mdvKEkPqtCc=
290,-124,asY8wSsl35p8xg2v4U8eRhBXWCw=,a5Ojwbx4Pq3CBfC/mdvKEkPqtCc=
289,-124,asY8wSsl35p8xg2v4U8eRhBXWCw=,a5Ojwbx4Pq3CBfC/mdvKEkPqtCc=
288,-124,asY8wSsl35p8xg2v4U8eRhBXWCw=,a5Ojwbx4Pq3CBfC/mdvKEkPqtCc=
298,-127,asY8wSsl35p8xg2v4U8eRhBXWCw=,a5Ojwbx4Pq3CBfC/mdvKEkPqtCc=
289,-127,asY8wSsl35p8xg2v4U8eRhBXWCw=,a5Ojwbx4Pq3CBfC/mdvKEkPqtCc=
292,-128,asY8wSsl35p8xg2v4U8eRhBXWCw=,a5Ojwbx4Pq3CBfC/mdvKEkPqtCc=
299,-125,asY8wSsl35p8xg2v4U8eRhBXWCw=,a5Ojwbx4Pq3CBfC/mdvKEkPqtCc=
293,-128,asY8wSsl35p8xg2v4U8eRhBXWCw=,a5Ojwbx4Pq3CBfC/mdvKEkPqtCc=
298,-125,asY8wSsl35p8xg2v4U8eRhBXWCw=,a5Ojwbx4Pq3CBfC/mdvKEkPqtCc=
297,-125,asY8wSsl35p8xg2v4U8eRhBXWCw=,a5Ojwbx4Pq3CBfC/mdvKEkPqtCc=
296,-125,asY8wSsl35p8xg2v4U8eRhBXWCw=,a5Ojwbx4Pq3CBfC/mdvKEkPqtCc=
295,-125,asY8wSsl35p8xg2v4U8eRhBXWCw=,a5Ojwbx4Pq3CBfC/mdvKEkPqtCc=
294,-125,asY8wSsl35p8xg2v4U8eRhBXWCw=,a5Ojwbx4Pq3CBfC/mdvKEkPqtCc=
293,-125,asY8wSsl35p8xg2v4U8eRhBXWCw=,a5Ojwbx4Pq3CBfC/mdvKEkPqtCc=
292,-125,asY8wSsl35p8xg2v4U8eRhBXWCw=,a5Ojwbx4Pq3CBfC/mdvKEkPqtCc=
291,-125,asY8wSsl35p8xg2v4U8eRhBXWCw=,a5Ojwbx4Pq3CBfC/mdvKEkPqtCc=
290,-125,asY8wSsl35p8xg2v4U8eRhBXWCw=,a5Ojwbx4Pq3CBfC/mdvKEkPqtCc=
289,-125,asY8wSsl35p8xg2v4U8eRhBXWCw=,a5Ojwbx4Pq3CBfC/mdvKEkPqtCc=
288,-125,asY8wSsl35p8xg2v4U8eRhBXWCw=,a5Ojwbx4Pq3CBfC/mdvKEkPqtCc=
294,-127,asY8wSsl35p8xg2v4U8eRhBXWCw=,a5Ojwbx4Pq3CBfC/mdvKEkPqtCc=
297,-128,asY8wSsl35p8xg2v4U8eRhBXWCw=,a5Ojwbx4Pq3CBfC/mdvKEkPqtCc=
288,-127,asY8wSsl35p8xg2v4U8eRhBXWCw=,a5Ojwbx4Pq3CBfC/mdvKEkPqtCc=
301,-126,asY8wSsl35p8xg2v4U8eRhBXWCw=,a5Ojwbx4Pq3CBfC/mdvKEkPqtCc=
291,-128,asY8wSsl35p8xg2v4U8eRhBXWCw=,a5Ojwbx4Pq3CBfC/mdvKEkPqtCc=
299,-126,asY8wSsl35p8xg2v4U8eRhBXWCw=,a5Ojwbx4Pq3CBfC/mdvKEkPqtCc=
292,-127,asY8wSsl35p8xg2v4U8eRhBXWCw=,a5Ojwbx4Pq3CBfC/mdvKEkPqtCc=
299,-127,asY8wSsl35p8xg2v4U8eRhBXWCw=,a5Ojwbx4Pq3CBfC/mdvKEkPqtCc=
294,-121,asY8wSsl35p8xg2v4U8eRhBXWCw=,a5Ojwbx4Pq3CBfC/mdvKEkPqtCc=
297,-126,asY8wSsl35p8xg2v4U8eRhBXWCw=,a5Ojwbx4Pq3CBfC/mdvKEkPqtCc=
295,-128,asY8wSsl35p8xg2v4U8eRhBXWCw=,a5Ojwbx4Pq3CBfC/mdvKEkPqtCc=
291,-127,asY8wSsl35p8xg2v4U8eRhBXWCw=,a5Ojwbx4Pq3CBfC/mdvKEkPqtCc=
301,-125,asY8wSsl35p8xg2v4U8eRhBXWCw=,a5Ojwbx4Pq3CBfC/mdvKEkPqtCc=
303,-124,asY8wSsl35p8xg2v4U8eRhBXWCw=,a5Ojwbx4Pq3CBfC/mdvKEkPqtCc=
300,-125,asY8wSsl35p8xg2v4U8eRhBXWCw=,a5Ojwbx4Pq3CBfC/mdvKEkPqtCc=
296,-127,asY8wSsl35p8xg2v4U8eRhBXWCw=,a5Ojwbx4Pq3CBfC/mdvKEkPqtCc=
293,-127,asY8wSsl35p8xg2v4U8eRhBXWCw=,a5Ojwbx4Pq3CBfC/mdvKEkPqtCc=
303,-126,asY8wSsl35p8xg2v4U8eRhBXWCw=,a5Ojwbx4Pq3CBfC/mdvKEkPqtCc=
300,-126,asY8wSsl35p8xg2v4U8eRhBXWCw=,a5Ojwbx4Pq3CBfC/mdvKEkPqtCc=
303,-125,asY8wSsl35p8xg2v4U8eRhBXWCw=,a5Ojwbx4Pq3CBfC/mdvKEkPqtCc=
302,-125,asY8wSsl35p8xg2v4U8eRhBXWCw=,a5Ojwbx4Pq3CBfC/mdvKEkPqtCc=
302,-126,asY8wSsl35p8xg2v4U8eRhBXWCw=,a5Ojwbx4Pq3CBfC/mdvKEkPqtCc=
298,-126,asY8wSsl35p8xg2v4U8eRhBXWCw=,a5Ojwbx4Pq3CBfC/mdvKEkPqtCc=
319,-128,asY8wSsl35p8xg2v4U8eRhBXWCw=,a5Ojwbx4Pq3CBfC/mdvKEkPqtCc=
319,-113,asY8wSsl35p8xg2v4U8eRhBXWCw=,a5Ojwbx4Pq3CBfC/mdvKEkPqtCc=
318,-113,asY8wSsl35p8xg2v4U8eRhBXWCw=,a5Ojwbx4Pq3CBfC/mdvKEkPqtCc=
317,-113,asY8wSsl35p8xg2v4U8eRhBXWCw=,a5Ojwbx4Pq3CBfC/mdvKEkPqtCc=
316,-113,asY8wSsl35p8xg2v4U8eRhBXWCw=,a5Ojwbx4Pq3CBfC/mdvKEkPqtCc=
315,-113,asY8wSsl35p8xg2v4U8eRhBXWCw=,a5Ojwbx4Pq3CBfC/mdvKEkPqtCc=
314,-113,asY8wSsl35p8xg2v4U8eRhBXWCw=,a5Ojwbx4Pq3CBfC/mdvKEkPqtCc=
312,-113,asY8wSsl35p8xg2v4U8eRhBXWCw=,a5Ojwbx4Pq3CBfC/mdvKEkPqtCc=
311,-113,asY8wSsl35p8xg2v4U8eRhBXWCw=,a5Ojwbx4Pq3CBfC/mdvKEkPqtCc=
313,-113,asY8wSsl35p8xg2v4U8eRhBXWCw=,a5Ojwbx4Pq3CBfC/mdvKEkPqtCc=
309,-113,asY8wSsl35p8xg2v4U8eRhBXWCw=,a5Ojwbx4Pq3CBfC/mdvKEkPqtCc=
310,-113,asY8wSsl35p8xg2v4U8eRhBXWCw=,a5Ojwbx4Pq3CBfC/mdvKEkPqtCc=
308,-113,asY8wSsl35p8xg2v4U8eRhBXWCw=,a5Ojwbx4Pq3CBfC/mdvKEkPqtCc=
307,-113,asY8wSsl35p8xg2v4U8eRhBXWCw=,a5Ojwbx4Pq3CBfC/mdvKEkPqtCc=
305,-113,asY8wSsl35p8xg2v4U8eRhBXWCw=,a5Ojwbx4Pq3CBfC/mdvKEkPqtCc=
306,-113,asY8wSsl35p8xg2v4U8eRhBXWCw=,a5Ojwbx4Pq3CBfC/mdvKEkPqtCc=
304,-113,asY8wSsl35p8xg2v4U8eRhBXWCw=,a5Ojwbx4Pq3CBfC/mdvKEkPqtCc=
319,-114,asY8wSsl35p8xg2v4U8eRhBXWCw=,a5Ojwbx4Pq3CBfC/mdvKEkPqtCc=
318,-114,asY8wSsl35p8xg2v4U8eRhBXWCw=,a5Ojwbx4Pq3CBfC/mdvKEkPqtCc=
316,-114,asY8wSsl35p8xg2v4U8eRhBXWCw=,a5Ojwbx4Pq3CBfC/mdvKEkPqtCc=
317,-114,asY8wSsl35p8xg2v4U8eRhBXWCw=,a5Ojwbx4Pq3CBfC/mdvKEkPqtCc=
315,-114,asY8wSsl35p8xg2v4U8eRhBXWCw=,a5Ojwbx4Pq3CBfC/mdvKEkPqtCc=
314,-114,asY8wSsl35p8xg2v4U8eRhBXWCw=,a5Ojwbx4Pq3CBfC/mdvKEkPqtCc=
313,-114,asY8wSsl35p8xg2v4U8eRhBXWCw=,a5Ojwbx4Pq3CBfC/mdvKEkPqtCc=
312,-114,asY8wSsl35p8xg2v4U8eRhBXWCw=,a5Ojwbx4Pq3CBfC/mdvKEkPqtCc=
311,-114,asY8wSsl35p8xg2v4U8eRhBXWCw=,a5Ojwbx4Pq3CBfC/mdvKEkPqtCc=
310,-114,asY8wSsl35p8xg2v4U8eRhBXWCw=,a5Ojwbx4Pq3CBfC/mdvKEkPqtCc=
309,-114,asY8wSsl35p8xg2v4U8eRhBXWCw=,a5Ojwbx4Pq3CBfC/mdvKEkPqtCc=
308,-114,asY8wSsl35p8xg2v4U8eRhBXWCw=,a5Ojwbx4Pq3CBfC/mdvKEkPqtCc=
306,-114,asY8wSsl35p8xg2v4U8eRhBXWCw=,a5Ojwbx4Pq3CBfC/mdvKEkPqtCc=
307,-114,asY8wSsl35p8xg2v4U8eRhBXWCw=,a5Ojwbx4Pq3CBfC/mdvKEkPqtCc=
305,-114,asY8wSsl35p8xg2v4U8eRhBXWCw=,a5Ojwbx4Pq3CBfC/mdvKEkPqtCc=
304,-114,asY8wSsl35p8xg2v4U8eRhBXWCw=,a5Ojwbx4Pq3CBfC/mdvKEkPqtCc=
318,-128,asY8wSsl35p8xg2v4U8eRhBXWCw=,a5Ojwbx4Pq3CBfC/mdvKEkPqtCc=
318,-115,asY8wSsl35p8xg2v4U8eRhBXWCw=,a5Ojwbx4Pq3CBfC/mdvKEkPqtCc=
319,-115,asY8wSsl35p8xg2v4U8eRhBXWCw=,a5Ojwbx4Pq3CBfC/mdvKEkPqtCc=
316,-115,asY8wSsl35p8xg2v4U8eRhBXWCw=,a5Ojwbx4Pq3CBfC/mdvKEkPqtCc=
315,-115,asY8wSsl35p8xg2v4U8eRhBXWCw=,a5Ojwbx4Pq3CBfC/mdvKEkPqtCc=
314,-115,asY8wSsl35p8xg2v4U8eRhBXWCw=,a5Ojwbx4Pq3CBfC/mdvKEkPqtCc=
313,-115,asY8wSsl35p8xg2v4U8eRhBXWCw=,a5Ojwbx4Pq3CBfC/mdvKEkPqtCc=
312,-115,asY8wSsl35p8xg2v4U8eRhBXWCw=,a5Ojwbx4Pq3CBfC/mdvKEkPqtCc=
311,-115,asY8wSsl35p8xg2v4U8eRhBXWCw=,a5Ojwbx4Pq3CBfC/mdvKEkPqtCc=
317,-115,asY8wSsl35p8xg2v4U8eRhBXWCw=,a5Ojwbx4Pq3CBfC/mdvKEkPqtCc=
310,-115,asY8wSsl35p8xg2v4U8eRhBXWCw=,a5Ojwbx4Pq3CBfC/mdvKEkPqtCc=
308,-115,asY8wSsl35p8xg2v4U8eRhBXWCw=,a5Ojwbx4Pq3CBfC/mdvKEkPqtCc=
309,-115,asY8wSsl35p8xg2v4U8eRhBXWCw=,a5Ojwbx4Pq3CBfC/mdvKEkPqtCc=
307,-115,asY8wSsl35p8xg2v4U8eRhBXWCw=,a5Ojwbx4Pq3CBfC/mdvKEkPqtCc=
306,-115,asY8wSsl35p8xg2v4U8eRhBXWCw=,a5Ojwbx4Pq3CBfC/mdvKEkPqtCc=
304,-115,asY8wSsl35p8xg2v4U8eRhBXWCw=,a5Ojwbx4Pq3CBfC/mdvKEkPqtCc=
319,-116,asY8wSsl35p8xg2v4U8eRhBXWCw=,a5Ojwbx4Pq3CBfC/mdvKEkPqtCc=
317,-128,asY8wSsl35p8xg2v4U8eRhBXWCw=,a5Ojwbx4Pq3CBfC/mdvKEkPqtCc=
318,-116,asY8wSsl35p8xg2v4U8eRhBXWCw=,a5Ojwbx4Pq3CBfC/mdvKEkPqtCc=
317,-116,asY8wSsl35p8xg2v4U8eRhBXWCw=,a5Ojwbx4Pq3CBfC/mdvKEkPqtCc=
316,-116,asY8wSsl35p8xg2v4U8eRhBXWCw=,a5Ojwbx4Pq3CBfC/mdvKEkPqtCc=
305,-115,asY8wSsl35p8xg2v4U8eRhBXWCw=,a5Ojwbx4Pq3CBfC/mdvKEkPqtCc=
315,-116,asY8wSsl35p8xg2v4U8eRhBXWCw=,a5Ojwbx4Pq3CBfC/mdvKEkPqtCc=
314,-116,asY8wSsl35p8xg2v4U8eRhBXWCw=,a5Ojwbx4Pq3CBfC/mdvKEkPqtCc=
313,-116,asY8wSsl35p8xg2v4U8eRhBXWCw=,a5Ojwbx4Pq3CBfC/mdvKEkPqtCc=
311,-116,asY8wSsl35p8xg2v4U8eRhBXWCw=,a5Ojwbx4Pq3CBfC/mdvKEkPqtCc=
312,-116,asY8wSsl35p8xg2v4U8eRhBXWCw=,a5Ojwbx4Pq3CBfC/mdvKEkPqtCc=
310,-116,asY8wSsl35p8xg2v4U8eRhBXWCw=,a5Ojwbx4Pq3CBfC/mdvKEkPqtCc=
309,-116,asY8wSsl35p8xg2v4U8eRhBXWCw=,a5Ojwbx4Pq3CBfC/mdvKEkPqtCc=
308,-116,asY8wSsl35p8xg2v4U8eRhBXWCw=,a5Ojwbx4Pq3CBfC/mdvKEkPqtCc=
306,-116,asY8wSsl35p8xg2v4U8eRhBXWCw=,a5Ojwbx4Pq3CBfC/mdvKEkPqtCc=
305,-116,asY8wSsl35p8xg2v4U8eRhBXWCw=,a5Ojwbx4Pq3CBfC/mdvKEkPqtCc=
307,-116,asY8wSsl35p8xg2v4U8eRhBXWCw=,a5Ojwbx4Pq3CBfC/mdvKEkPqtCc=
319,-117,asY8wSsl35p8xg2v4U8eRhBXWCw=,a5Ojwbx4Pq3CBfC/mdvKEkPqtCc=
304,-116,asY8wSsl35p8xg2v4U8eRhBXWCw=,a5Ojwbx4Pq3CBfC/mdvKEkPqtCc=
318,-117,asY8wSsl35p8xg2v4U8eRhBXWCw=,a5Ojwbx4Pq3CBfC/mdvKEkPqtCc=
317,-117,asY8wSsl35p8xg2v4U8eRhBXWCw=,a5Ojwbx4Pq3CBfC/mdvKEkPqtCc=
315,-117,asY8wSsl35p8xg2v4U8eRhBXWCw=,a5Ojwbx4Pq3CBfC/mdvKEkPqtCc=
316,-117,asY8wSsl35p8xg2v4U8eRhBXWCw=,a5Ojwbx4Pq3CBfC/mdvKEkPqtCc=
314,-117,asY8wSsl35p8xg2v4U8eRhBXWCw=,a5Ojwbx4Pq3CBfC/mdvKEkPqtCc=
313,-117,asY8wSsl35p8xg2v4U8eRhBXWCw=,a5Ojwbx4Pq3CBfC/mdvKEkPqtCc=
312,-117,asY8wSsl35p8xg2v4U8eRhBXWCw=,a5Ojwbx4Pq3CBfC/mdvKEkPqtCc=
311,-117,asY8wSsl35p8xg2v4U8eRhBXWCw=,a5Ojwbx4Pq3CBfC/mdvKEkPqtCc=
310,-117,asY8wSsl35p8xg2v4U8eRhBXWCw=,a5Ojwbx4Pq3CBfC/mdvKEkPqtCc=
308,-117,asY8wSsl35p8xg2v4U8eRhBXWCw=,a5Ojwbx4Pq3CBfC/mdvKEkPqtCc=
309,-117,asY8wSsl35p8xg2v4U8eRhBXWCw=,a5Ojwbx4Pq3CBfC/mdvKEkPqtCc=
306,-117,asY8wSsl35p8xg2v4U8eRhBXWCw=,a5Ojwbx4Pq3CBfC/mdvKEkPqtCc=
305,-117,asY8wSsl35p8xg2v4U8eRhBXWCw=,a5Ojwbx4Pq3CBfC/mdvKEkPqtCc=
304,-117,asY8wSsl35p8xg2v4U8eRhBXWCw=,a5Ojwbx4Pq3CBfC/mdvKEkPqtCc=
318,-118,asY8wSsl35p8xg2v4U8eRhBXWCw=,a5Ojwbx4Pq3CBfC/mdvKEkPqtCc=
319,-118,asY8wSsl35p8xg2v4U8eRhBXWCw=,a5Ojwbx4Pq3CBfC/mdvKEkPqtCc=
317,-118,asY8wSsl35p8xg2v4U8eRhBXWCw=,a5Ojwbx4Pq3CBfC/mdvKEkPqtCc=
307,-117,asY8wSsl35p8xg2v4U8eRhBXWCw=,a5Ojwbx4Pq3CBfC/mdvKEkPqtCc=
316,-118,asY8wSsl35p8xg2v4U8eRhBXWCw=,a5Ojwbx4Pq3CBfC/mdvKEkPqtCc=
315,-118,asY8wSsl35p8xg2v4U8eRhBXWCw=,a5Ojwbx4Pq3CBfC/mdvKEkPqtCc=
314,-118,asY8wSsl35p8xg2v4U8eRhBXWCw=,a5Ojwbx4Pq3CBfC/mdvKEkPqtCc=
313,-118,asY8wSsl35p8xg2v4U8eRhBXWCw=,a5Ojwbx4Pq3CBfC/mdvKEkPqtCc=
312,-118,asY8wSsl35p8xg2v4U8eRhBXWCw=,a5Ojwbx4Pq3CBfC/mdvKEkPqtCc=
311,-118,asY8wSsl35p8xg2v4U8eRhBXWCw=,a5Ojwbx4Pq3CBfC/mdvKEkPqtCc=
309,-118,asY8wSsl35p8xg2v4U8eRhBXWCw=,a5Ojwbx4Pq3CBfC/mdvKEkPqtCc=
308,-118,asY8wSsl35p8xg2v4U8eRhBXWCw=,a5Ojwbx4Pq3CBfC/mdvKEkPqtCc=
310,-118,asY8wSsl35p8xg2v4U8eRhBXWCw=,a5Ojwbx4Pq3CBfC/mdvKEkPqtCc=
307,-118,asY8wSsl35p8xg2v4U8eRhBXWCw=,a5Ojwbx4Pq3CBfC/mdvKEkPqtCc=
306,-118,asY8wSsl35p8xg2v4U8eRhBXWCw=,a5Ojwbx4Pq3CBfC/mdvKEkPqtCc=
304,-118,asY8wSsl35p8xg2v4U8eRhBXWCw=,a5Ojwbx4Pq3CBfC/mdvKEkPqtCc=
305,-118,asY8wSsl35p8xg2v4U8eRhBXWCw=,a5Ojwbx4Pq3CBfC/mdvKEkPqtCc=
314,-128,asY8wSsl35p8xg2v4U8eRhBXWCw=,a5Ojwbx4Pq3CBfC/mdvKEkPqtCc=
319,-119,asY8wSsl35p8xg2v4U8eRhBXWCw=,a5Ojwbx4Pq3CBfC/mdvKEkPqtCc=
318,-119,asY8wSsl35p8xg2v4U8eRhBXWCw=,a5Ojwbx4Pq3CBfC/mdvKEkPqtCc=
317,-119,asY8wSsl35p8xg2v4U8eRhBXWCw=,a5Ojwbx4Pq3CBfC/mdvKEkPqtCc=
316,-119,asY8wSsl35p8xg2v4U8eRhBXWCw=,a5Ojwbx4Pq3CBfC/mdvKEkPqtCc=
315,-119,asY8wSsl35p8xg2v4U8eRhBXWCw=,a5Ojwbx4Pq3CBfC/mdvKEkPqtCc=
314,-119,asY8wSsl35p8xg2v4U8eRhBXWCw=,a5Ojwbx4Pq3CBfC/mdvKEkPqtCc=
311,-119,asY8wSsl35p8xg2v4U8eRhBXWCw=,a5Ojwbx4Pq3CBfC/mdvKEkPqtCc=
313,-119,asY8wSsl35p8xg2v4U8eRhBXWCw=,a5Ojwbx4Pq3CBfC/mdvKEkPqtCc=
308,-119,asY8wSsl35p8xg2v4U8eRhBXWCw=,a5Ojwbx4Pq3CBfC/mdvKEkPqtCc=
310,-119,asY8wSsl35p8xg2v4U8eRhBXWCw=,a5Ojwbx4Pq3CBfC/mdvKEkPqtCc=
307,-119,asY8wSsl35p8xg2v4U8eRhBXWCw=,a5Ojwbx4Pq3CBfC/mdvKEkPqtCc=
306,-119,asY8wSsl35p8xg2v4U8eRhBXWCw=,a5Ojwbx4Pq3CBfC/mdvKEkPqtCc=
309,-119,asY8wSsl35p8xg2v4U8eRhBXWCw=,a5Ojwbx4Pq3CBfC/mdvKEkPqtCc=
305,-119,asY8wSsl35p8xg2v4U8eRhBXWCw=,a5Ojwbx4Pq3CBfC/mdvKEkPqtCc=
304,-119,asY8wSsl35p8xg2v4U8eRhBXWCw=,a5Ojwbx4Pq3CBfC/mdvKEkPqtCc=
313,-128,asY8wSsl35p8xg2v4U8eRhBXWCw=,a5Ojwbx4Pq3CBfC/mdvKEkPqtCc=
318,-120,asY8wSsl35p8xg2v4U8eRhBXWCw=,a5Ojwbx4Pq3CBfC/mdvKEkPqtCc=
317,-120,asY8wSsl35p8xg2v4U8eRhBXWCw=,a5Ojwbx4Pq3CBfC/mdvKEkPqtCc=
316,-120,asY8wSsl35p8xg2v4U8eRhBXWCw=,a5Ojwbx4Pq3CBfC/mdvKEkPqtCc=
314,-120,asY8wSsl35p8xg2v4U8eRhBXWCw=,a5Ojwbx4Pq3CBfC/mdvKEkPqtCc=
315,-120,asY8wSsl35p8xg2v4U8eRhBXWCw=,a5Ojwbx4Pq3CBfC/mdvKEkPqtCc=
313,-120,asY8wSsl35p8xg2v4U8eRhBXWCw=,a5Ojwbx4Pq3CBfC/mdvKEkPqtCc=
312,-120,asY8wSsl35p8xg2v4U8eRhBXWCw=,a5Ojwbx4Pq3CBfC/mdvKEkPqtCc=
311,-120,asY8wSsl35p8xg2v4U8eRhBXWCw=,a5Ojwbx4Pq3CBfC/mdvKEkPqtCc=
310,-120,asY8wSsl35p8xg2v4U8eRhBXWCw=,a5Ojwbx4Pq3CBfC/mdvKEkPqtCc=
312,-119,asY8wSsl35p8xg2v4U8eRhBXWCw=,a5Ojwbx4Pq3CBfC/mdvKEkPqtCc=
309,-120,asY8wSsl35p8xg2v4U8eRhBXWCw=,a5Ojwbx4Pq3CBfC/mdvKEkPqtCc=
307,-120,asY8wSsl35p8xg2v4U8eRhBXWCw=,a5Ojwbx4Pq3CBfC/mdvKEkPqtCc=
305,-120,asY8wSsl35p8xg2v4U8eRhBXWCw=,a5Ojwbx4Pq3CBfC/mdvKEkPqtCc=
308,-120,asY8wSsl35p8xg2v4U8eRhBXWCw=,a5Ojwbx4Pq3CBfC/mdvKEkPqtCc=
306,-120,asY8wSsl35p8xg2v4U8eRhBXWCw=,a5Ojwbx4Pq3CBfC/mdvKEkPqtCc=
312,-128,asY8wSsl35p8xg2v4U8eRhBXWCw=,a5Ojwbx4Pq3CBfC/mdvKEkPqtCc=
318,-121,asY8wSsl35p8xg2v4U8eRhBXWCw=,a5Ojwbx4Pq3CBfC/mdvKEkPqtCc=
319,-121,asY8wSsl35p8xg2v4U8eRhBXWCw=,a5Ojwbx4Pq3CBfC/mdvKEkPqtCc=
304,-120,asY8wSsl35p8xg2v4U8eRhBXWCw=,a5Ojwbx4Pq3CBfC/mdvKEkPqtCc=
317,-121,asY8wSsl35p8xg2v4U8eRhBXWCw=,a5Ojwbx4Pq3CBfC/mdvKEkPqtCc=
316,-121,asY8wSsl35p8xg2v4U8eRhBXWCw=,a5Ojwbx4Pq3CBfC/mdvKEkPqtCc=
314,-121,asY8wSsl35p8xg2v4U8eRhBXWCw=,a5Ojwbx4Pq3CBfC/mdvKEkPqtCc=
315,-121,asY8wSsl35p8xg2v4U8eRhBXWCw=,a5Ojwbx4Pq3CBfC/mdvKEkPqtCc=
313,-121,asY8wSsl35p8xg2v4U8eRhBXWCw=,a5Ojwbx4Pq3CBfC/mdvKEkPqtCc=
311,-121,asY8wSsl35p8xg2v4U8eRhBXWCw=,a5Ojwbx4Pq3CBfC/mdvKEkPqtCc=
312,-121,asY8wSsl35p8xg2v4U8eRhBXWCw=,a5Ojwbx4Pq3CBfC/mdvKEkPqtCc=
310,-121,asY8wSsl35p8xg2v4U8eRhBXWCw=,a5Ojwbx4Pq3CBfC/mdvKEkPqtCc=
309,-121,asY8wSsl35p8xg2v4U8eRhBXWCw=,a5Ojwbx4Pq3CBfC/mdvKEkPqtCc=
308,-121,asY8wSsl35p8xg2v4U8eRhBXWCw=,a5Ojwbx4Pq3CBfC/mdvKEkPqtCc=
307,-121,asY8wSsl35p8xg2v4U8eRhBXWCw=,a5Ojwbx4Pq3CBfC/mdvKEkPqtCc=
305,-121,asY8wSsl35p8xg2v4U8eRhBXWCw=,a5Ojwbx4Pq3CBfC/mdvKEkPqtCc=
306,-121,asY8wSsl35p8xg2v4U8eRhBXWCw=,a5Ojwbx4Pq3CBfC/mdvKEkPqtCc=
304,-121,asY8wSsl35p8xg2v4U8eRhBXWCw=,a5Ojwbx4Pq3CBfC/mdvKEkPqtCc=
316,-122,asY8wSsl35p8xg2v4U8eRhBXWCw=,a5Ojwbx4Pq3CBfC/mdvKEkPqtCc=
311,-122,asY8wSsl35p8xg2v4U8eRhBXWCw=,a5Ojwbx4Pq3CBfC/mdvKEkPqtCc=
309,-122,asY8wSsl35p8xg2v4U8eRhBXWCw=,a5Ojwbx4Pq3CBfC/mdvKEkPqtCc=
312,-122,asY8wSsl35p8xg2v4U8eRhBXWCw=,a5Ojwbx4Pq3CBfC/mdvKEkPqtCc=
308,-122,asY8wSsl35p8xg2v4U8eRhBXWCw=,a5Ojwbx4Pq3CBfC/mdvKEkPqtCc=
307,-122,asY8wSsl35p8xg2v4U8eRhBXWCw=,a5Ojwbx4Pq3CBfC/mdvKEkPqtCc=
306,-122,asY8wSsl35p8xg2v4U8eRhBXWCw=,a5Ojwbx4Pq3CBfC/mdvKEkPqtCc=
305,-122,asY8wSsl35p8xg2v4U8eRhBXWCw=,a5Ojwbx4Pq3CBfC/mdvKEkPqtCc=
304,-122,asY8wSsl35p8xg2v4U8eRhBXWCw=,a5Ojwbx4Pq3CBfC/mdvKEkPqtCc=
318,-123,asY8wSsl35p8xg2v4U8eRhBXWCw=,a5Ojwbx4Pq3CBfC/mdvKEkPqtCc=
315,-122,asY8wSsl35p8xg2v4U8eRhBXWCw=,a5Ojwbx4Pq3CBfC/mdvKEkPqtCc=
316,-123,asY8wSsl35p8xg2v4U8eRhBXWCw=,a5Ojwbx4Pq3CBfC/mdvKEkPqtCc=
313,-123,asY8wSsl35p8xg2v4U8eRhBXWCw=,a5Ojwbx4Pq3CBfC/mdvKEkPqtCc=
311,-128,asY8wSsl35p8xg2v4U8eRhBXWCw=,a5Ojwbx4Pq3CBfC/mdvKEkPqtCc=
317,-122,asY8wSsl35p8xg2v4U8eRhBXWCw=,a5Ojwbx4Pq3CBfC/mdvKEkPqtCc=
309,-123,asY8wSsl35p8xg2v4U8eRhBXWCw=,a5Ojwbx4Pq3CBfC/mdvKEkPqtCc=
308,-123,asY8wSsl35p8xg2v4U8eRhBXWCw=,a5Ojwbx4Pq3CBfC/mdvKEkPqtCc=
307,-123,asY8wSsl35p8xg2v4U8eRhBXWCw=,a5Ojwbx4Pq3CBfC/mdvKEkPqtCc=
306,-123,asY8wSsl35p8xg2v4U8eRhBXWCw=,a5Ojwbx4Pq3CBfC/mdvKEkPqtCc=
305,-123,asY8wSsl35p8xg2v4U8eRhBXWCw=,a5Ojwbx4Pq3CBfC/mdvKEkPqtCc=
304,-123,asY8wSsl35p8xg2v4U8eRhBXWCw=,a5Ojwbx4Pq3CBfC/mdvKEkPqtCc=
319,-120,asY8wSsl35p8xg2v4U8eRhBXWCw=,a5Ojwbx4Pq3CBfC/mdvKEkPqtCc=
313,-122,asY8wSsl35p8xg2v4U8eRhBXWCw=,a5Ojwbx4Pq3CBfC/mdvKEkPqtCc=
318,-124,asY8wSsl35p8xg2v4U8eRhBXWCw=,a5Ojwbx4Pq3CBfC/mdvKEkPqtCc=
319,-123,asY8wSsl35p8xg2v4U8eRhBXWCw=,a5Ojwbx4Pq3CBfC/mdvKEkPqtCc=
304,-127,asY8wSsl35p8xg2v4U8eRhBXWCw=,a5Ojwbx4Pq3CBfC/mdvKEkPqtCc=
316,-128,asY8wSsl35p8xg2v4U8eRhBXWCw=,a5Ojwbx4Pq3CBfC/mdvKEkPqtCc=
317,-123,asY8wSsl35p8xg2v4U8eRhBXWCw=,a5Ojwbx4Pq3CBfC/mdvKEkPqtCc=
311,-124,asY8wSsl35p8xg2v4U8eRhBXWCw=,a5Ojwbx4Pq3CBfC/mdvKEkPqtCc=
319,-122,asY8wSsl35p8xg2v4U8eRhBXWCw=,a5Ojwbx4Pq3CBfC/mdvKEkPqtCc=
311,-123,asY8wSsl35p8xg2v4U8eRhBXWCw=,a5Ojwbx4Pq3CBfC/mdvKEkPqtCc=
312,-123,asY8wSsl35p8xg2v4U8eRhBXWCw=,a5Ojwbx4Pq3CBfC/mdvKEkPqtCc=
310,-122,asY8wSsl35p8xg2v4U8eRhBXWCw=,a5Ojwbx4Pq3CBfC/mdvKEkPqtCc=
314,-122,asY8wSsl35p8xg2v4U8eRhBXWCw=,a5Ojwbx4Pq3CBfC/mdvKEkPqtCc=
305,-124,asY8wSsl35p8xg2v4U8eRhBXWCw=,a5Ojwbx4Pq3CBfC/mdvKEkPqtCc=
314,-124,asY8wSsl35p8xg2v4U8eRhBXWCw=,a5Ojwbx4Pq3CBfC/mdvKEkPqtCc=
308,-128,asY8wSsl35p8xg2v4U8eRhBXWCw=,a5Ojwbx4Pq3CBfC/mdvKEkPqtCc=
310,-128,asY8wSsl35p8xg2v4U8eRhBXWCw=,a5Ojwbx4Pq3CBfC/mdvKEkPqtCc=
318,-122,asY8wSsl35p8xg2v4U8eRhBXWCw=,a5Ojwbx4Pq3CBfC/mdvKEkPqtCc=
312,-124,asY8wSsl35p8xg2v4U8eRhBXWCw=,a5Ojwbx4Pq3CBfC/mdvKEkPqtCc=
315,-123,asY8wSsl35p8xg2v4U8eRhBXWCw=,a5Ojwbx4Pq3CBfC/mdvKEkPqtCc=
319,-124,asY8wSsl35p8xg2v4U8eRhBXWCw=,a5Ojwbx4Pq3CBfC/mdvKEkPqtCc=
317,-124,asY8wSsl35p8xg2v4U8eRhBXWCw=,a5Ojwbx4Pq3CBfC/mdvKEkPqtCc=
309,-124,asY8wSsl35p8xg2v4U8eRhBXWCw=,a5Ojwbx4Pq3CBfC/mdvKEkPqtCc=
319,-125,asY8wSsl35p8xg2v4U8eRhBXWCw=,a5Ojwbx4Pq3CBfC/mdvKEkPqtCc=
315,-128,asY8wSsl35p8xg2v4U8eRhBXWCw=,a5Ojwbx4Pq3CBfC/mdvKEkPqtCc=
316,-124,asY8wSsl35p8xg2v4U8eRhBXWCw=,a5Ojwbx4Pq3CBfC/mdvKEkPqtCc=
313,-124,asY8wSsl35p8xg2v4U8eRhBXWCw=,a5Ojwbx4Pq3CBfC/mdvKEkPqtCc=
304,-124,asY8wSsl35p8xg2v4U8eRhBXWCw=,a5Ojwbx4Pq3CBfC/mdvKEkPqtCc=
307,-125,asY8wSsl35p8xg2v4U8eRhBXWCw=,a5Ojwbx4Pq3CBfC/mdvKEkPqtCc=
304,-128,asY8wSsl35p8xg2v4U8eRhBXWCw=,a5Ojwbx4Pq3CBfC/mdvKEkPqtCc=
314,-123,asY8wSsl35p8xg2v4U8eRhBXWCw=,a5Ojwbx4Pq3CBfC/mdvKEkPqtCc=
305,-125,asY8wSsl35p8xg2v4U8eRhBXWCw=,a5Ojwbx4Pq3CBfC/mdvKEkPqtCc=
315,-124,asY8wSsl35p8xg2v4U8eRhBXWCw=,a5Ojwbx4Pq3CBfC/mdvKEkPqtCc=
318,-125,asY8wSsl35p8xg2v4U8eRhBXWCw=,a5Ojwbx4Pq3CBfC/mdvKEkPqtCc=
310,-124,asY8wSsl35p8xg2v4U8eRhBXWCw=,a5Ojwbx4Pq3CBfC/mdvKEkPqtCc=
306,-124,asY8wSsl35p8xg2v4U8eRhBXWCw=,a5Ojwbx4Pq3CBfC/mdvKEkPqtCc=
319,-126,asY8wSsl35p8xg2v4U8eRhBXWCw=,a5Ojwbx4Pq3CBfC/mdvKEkPqtCc=
316,-126,asY8wSsl35p8xg2v4U8eRhBXWCw=,a5Ojwbx4Pq3CBfC/mdvKEkPqtCc=
306,-125,asY8wSsl35p8xg2v4U8eRhBXWCw=,a5Ojwbx4Pq3CBfC/mdvKEkPqtCc=
317,-126,asY8wSsl35p8xg2v4U8eRhBXWCw=,a5Ojwbx4Pq3CBfC/mdvKEkPqtCc=
318,-126,asY8wSsl35p8xg2v4U8eRhBXWCw=,a5Ojwbx4Pq3CBfC/mdvKEkPqtCc=
310,-123,asY8wSsl35p8xg2v4U8eRhBXWCw=,a5Ojwbx4Pq3CBfC/mdvKEkPqtCc=
312,-125,asY8wSsl35p8xg2v4U8eRhBXWCw=,a5Ojwbx4Pq3CBfC/mdvKEkPqtCc=
317,-125,asY8wSsl35p8xg2v4U8eRhBXWCw=,a5Ojwbx4Pq3CBfC/mdvKEkPqtCc=
309,-128,asY8wSsl35p8xg2v4U8eRhBXWCw=,a5Ojwbx4Pq3CBfC/mdvKEkPqtCc=
307,-124,asY8wSsl35p8xg2v4U8eRhBXWCw=,a5Ojwbx4Pq3CBfC/mdvKEkPqtCc=
311,-125,asY8wSsl35p8xg2v4U8eRhBXWCw=,a5Ojwbx4Pq3CBfC/mdvKEkPqtCc=
309,-125,asY8wSsl35p8xg2v4U8eRhBXWCw=,a5Ojwbx4Pq3CBfC/mdvKEkPqtCc=
304,-126,asY8wSsl35p8xg2v4U8eRhBXWCw=,a5Ojwbx4Pq3CBfC/mdvKEkPqtCc=
305,-126,asY8wSsl35p8xg2v4U8eRhBXWCw=,a5Ojwbx4Pq3CBfC/mdvKEkPqtCc=
306,-128,asY8wSsl35p8xg2v4U8eRhBXWCw=,a5Ojwbx4Pq3CBfC/mdvKEkPqtCc=
319,-127,asY8wSsl35p8xg2v4U8eRhBXWCw=,a5Ojwbx4Pq3CBfC/mdvKEkPqtCc=
318,-127,asY8wSsl35p8xg2v4U8eRhBXWCw=,a5Ojwbx4Pq3CBfC/mdvKEkPqtCc=
305,-128,asY8wSsl35p8xg2v4U8eRhBXWCw=,a5Ojwbx4Pq3CBfC/mdvKEkPqtCc=
317,-127,asY8wSsl35p8xg2v4U8eRhBXWCw=,a5Ojwbx4Pq3CBfC/mdvKEkPqtCc=
316,-127,asY8wSsl35p8xg2v4U8eRhBXWCw=,a5Ojwbx4Pq3CBfC/mdvKEkPqtCc=
312,-126,asY8wSsl35p8xg2v4U8eRhBXWCw=,a5Ojwbx4Pq3CBfC/mdvKEkPqtCc=
315,-125,asY8wSsl35p8xg2v4U8eRhBXWCw=,a5Ojwbx4Pq3CBfC/mdvKEkPqtCc=
310,-125,asY8wSsl35p8xg2v4U8eRhBXWCw=,a5Ojwbx4Pq3CBfC/mdvKEkPqtCc=
307,-128,asY8wSsl35p8xg2v4U8eRhBXWCw=,a5Ojwbx4Pq3CBfC/mdvKEkPqtCc=
314,-125,asY8wSsl35p8xg2v4U8eRhBXWCw=,a5Ojwbx4Pq3CBfC/mdvKEkPqtCc=
308,-124,asY8wSsl35p8xg2v4U8eRhBXWCw=,a5Ojwbx4Pq3CBfC/mdvKEkPqtCc=
316,-125,asY8wSsl35p8xg2v4U8eRhBXWCw=,a5Ojwbx4Pq3CBfC/mdvKEkPqtCc=
308,-127,asY8wSsl35p8xg2v4U8eRhBXWCw=,a5Ojwbx4Pq3CBfC/mdvKEkPqtCc=
306,-127,asY8wSsl35p8xg2v4U8eRhBXWCw=,a5Ojwbx4Pq3CBfC/mdvKEkPqtCc=
305,-127,asY8wSsl35p8xg2v4U8eRhBXWCw=,a5Ojwbx4Pq3CBfC/mdvKEkPqtCc=
315,-126,asY8wSsl35p8xg2v4U8eRhBXWCw=,a5Ojwbx4Pq3CBfC/mdvKEkPqtCc=
313,-126,asY8wSsl35p8xg2v4U8eRhBXWCw=,a5Ojwbx4Pq3CBfC/mdvKEkPqtCc=
304,-125,asY8wSsl35p8xg2v4U8eRhBXWCw=,a5Ojwbx4Pq3CBfC/mdvKEkPqtCc=
313,-125,asY8wSsl35p8xg2v4U8eRhBXWCw=,a5Ojwbx4Pq3CBfC/mdvKEkPqtCc=
308,-125,asY8wSsl35p8xg2v4U8eRhBXWCw=,a5Ojwbx4Pq3CBfC/mdvKEkPqtCc=
311,-126,asY8wSsl35p8xg2v4U8eRhBXWCw=,a5Ojwbx4Pq3CBfC/mdvKEkPqtCc=
310,-126,asY8wSsl35p8xg2v4U8eRhBXWCw=,a5Ojwbx4Pq3CBfC/mdvKEkPqtCc=
314,-126,asY8wSsl35p8xg2v4U8eRhBXWCw=,a5Ojwbx4Pq3CBfC/mdvKEkPqtCc=
306,-126,asY8wSsl35p8xg2v4U8eRhBXWCw=,a5Ojwbx4Pq3CBfC/mdvKEkPqtCc=
309,-127,asY8wSsl35p8xg2v4U8eRhBXWCw=,a5Ojwbx4Pq3CBfC/mdvKEkPqtCc=
308,-126,asY8wSsl35p8xg2v4U8eRhBXWCw=,a5Ojwbx4Pq3CBfC/mdvKEkPqtCc=
313,-127,asY8wSsl35p8xg2v4U8eRhBXWCw=,a5Ojwbx4Pq3CBfC/mdvKEkPqtCc=
310,-127,asY8wSsl35p8xg2v4U8eRhBXWCw=,a5Ojwbx4Pq3CBfC/mdvKEkPqtCc=
315,-127,asY8wSsl35p8xg2v4U8eRhBXWCw=,a5Ojwbx4Pq3CBfC/mdvKEkPqtCc=
309,-126,asY8wSsl35p8xg2v4U8eRhBXWCw=,a5Ojwbx4Pq3CBfC/mdvKEkPqtCc=
314,-127,asY8wSsl35p8xg2v4U8eRhBXWCw=,a5Ojwbx4Pq3CBfC/mdvKEkPqtCc=
307,-126,asY8wSsl35p8xg2v4U8eRhBXWCw=,a5Ojwbx4Pq3CBfC/mdvKEkPqtCc=
311,-127,asY8wSsl35p8xg2v4U8eRhBXWCw=,a5Ojwbx4Pq3CBfC/mdvKEkPqtCc=
307,-127,asY8wSsl35p8xg2v4U8eRhBXWCw=,a5Ojwbx4Pq3CBfC/mdvKEkPqtCc=
312,-127,asY8wSsl35p8xg2v4U8eRhBXWCw=,a5Ojwbx4Pq3CBfC/mdvKEkPqtCc=
288,-111,KxmWssVTu6qsil8EODXm0RpqCs0=,a5Ojwbx4Pq3CBfC/mdvKEkPqtCc=
303,-97,KxmWssVTu6qsil8EODXm0RpqCs0=,a5Ojwbx4Pq3CBfC/mdvKEkPqtCc=
288,-112,KxmWssVTu6qsil8EODXm0RpqCs0=,a5Ojwbx4Pq3CBfC/mdvKEkPqtCc=
302,-97,KxmWssVTu6qsil8EODXm0RpqCs0=,a5Ojwbx4Pq3CBfC/mdvKEkPqtCc=
301,-97,KxmWssVTu6qsil8EODXm0RpqCs0=,a5Ojwbx4Pq3CBfC/mdvKEkPqtCc=
303,-112,KxmWssVTu6qsil8EODXm0RpqCs0=,a5Ojwbx4Pq3CBfC/mdvKEkPqtCc=
299,-97,KxmWssVTu6qsil8EODXm0RpqCs0=,a5Ojwbx4Pq3CBfC/mdvKEkPqtCc=
300,-97,KxmWssVTu6qsil8EODXm0RpqCs0=,a5Ojwbx4Pq3CBfC/mdvKEkPqtCc=
298,-97,KxmWssVTu6qsil8EODXm0RpqCs0=,a5Ojwbx4Pq3CBfC/mdvKEkPqtCc=
297,-97,KxmWssVTu6qsil8EODXm0RpqCs0=,a5Ojwbx4Pq3CBfC/mdvKEkPqtCc=
295,-97,KxmWssVTu6qsil8EODXm0RpqCs0=,a5Ojwbx4Pq3CBfC/mdvKEkPqtCc=
292,-97,KxmWssVTu6qsil8EODXm0RpqCs0=,a5Ojwbx4Pq3CBfC/mdvKEkPqtCc=
294,-97,KxmWssVTu6qsil8EODXm0RpqCs0=,a5Ojwbx4Pq3CBfC/mdvKEkPqtCc=
296,-97,KxmWssVTu6qsil8EODXm0RpqCs0=,a5Ojwbx4Pq3CBfC/mdvKEkPqtCc=
291,-97,KxmWssVTu6qsil8EODXm0RpqCs0=,a5Ojwbx4Pq3CBfC/mdvKEkPqtCc=
293,-97,KxmWssVTu6qsil8EODXm0RpqCs0=,a5Ojwbx4Pq3CBfC/mdvKEkPqtCc=
290,-97,KxmWssVTu6qsil8EODXm0RpqCs0=,a5Ojwbx4Pq3CBfC/mdvKEkPqtCc=
302,-112,KxmWssVTu6qsil8EODXm0RpqCs0=,a5Ojwbx4Pq3CBfC/mdvKEkPqtCc=
288,-97,KxmWssVTu6qsil8EODXm0RpqCs0=,a5Ojwbx4Pq3CBfC/mdvKEkPqtCc=
302,-98,KxmWssVTu6qsil8EODXm0RpqCs0=,a5Ojwbx4Pq3CBfC/mdvKEkPqtCc=
303,-98,KxmWssVTu6qsil8EODXm0RpqCs0=,a5Ojwbx4Pq3CBfC/mdvKEkPqtCc=
301,-98,KxmWssVTu6qsil8EODXm0RpqCs0=,a5Ojwbx4Pq3CBfC/mdvKEkPqtCc=
300,-98,KxmWssVTu6qsil8EODXm0RpqCs0=,a5Ojwbx4Pq3CBfC/mdvKEkPqtCc=
299,-98,KxmWssVTu6qsil8EODXm0RpqCs0=,a5Ojwbx4Pq3CBfC/mdvKEkPqtCc=
289,-97,KxmWssVTu6qsil8EODXm0RpqCs0=,a5Ojwbx4Pq3CBfC/mdvKEkPqtCc=
298,-98,KxmWssVTu6qsil8EODXm0RpqCs0=,a5Ojwbx4Pq3CBfC/mdvKEkPqtCc=
297,-98,KxmWssVTu6qsil8EODXm0RpqCs0=,a5Ojwbx4Pq3CBfC/mdvKEkPqtCc=
296,-98,KxmWssVTu6qsil8EODXm0RpqCs0=,a5Ojwbx4Pq3CBfC/mdvKEkPqtCc=
295,-98,KxmWssVTu6qsil8EODXm0RpqCs0=,a5Ojwbx4Pq3CBfC/mdvKEkPqtCc=
294,-98,KxmWssVTu6qsil8EODXm0RpqCs0=,a5Ojwbx4Pq3CBfC/mdvKEkPqtCc=
293,-98,KxmWssVTu6qsil8EODXm0RpqCs0=,a5Ojwbx4Pq3CBfC/mdvKEkPqtCc=
291,-98,KxmWssVTu6qsil8EODXm0RpqCs0=,a5Ojwbx4Pq3CBfC/mdvKEkPqtCc=
292,-98,KxmWssVTu6qsil8EODXm0RpqCs0=,a5Ojwbx4Pq3CBfC/mdvKEkPqtCc=
289,-98,KxmWssVTu6qsil8EODXm0RpqCs0=,a5Ojwbx4Pq3CBfC/mdvKEkPqtCc=
290,-98,KxmWssVTu6qsil8EODXm0RpqCs0=,a5Ojwbx4Pq3CBfC/mdvKEkPqtCc=
301,-112,KxmWssVTu6qsil8EODXm0RpqCs0=,a5Ojwbx4Pq3CBfC/mdvKEkPqtCc=
288,-98,KxmWssVTu6qsil8EODXm0RpqCs0=,a5Ojwbx4Pq3CBfC/mdvKEkPqtCc=
301,-99,KxmWssVTu6qsil8EODXm0RpqCs0=,a5Ojwbx4Pq3CBfC/mdvKEkPqtCc=
300,-99,KxmWssVTu6qsil8EODXm0RpqCs0=,a5Ojwbx4Pq3CBfC/mdvKEkPqtCc=
302,-99,KxmWssVTu6qsil8EODXm0RpqCs0=,a5Ojwbx4Pq3CBfC/mdvKEkPqtCc=
303,-99,KxmWssVTu6qsil8EODXm0RpqCs0=,a5Ojwbx4Pq3CBfC/mdvKEkPqtCc=
299,-99,KxmWssVTu6qsil8EODXm0RpqCs0=,a5Ojwbx4Pq3CBfC/mdvKEkPqtCc=
297,-99,KxmWssVTu6qsil8EODXm0RpqCs0=,a5Ojwbx4Pq3CBfC/mdvKEkPqtCc=
298,-99,KxmWssVTu6qsil8EODXm0RpqCs0=,a5Ojwbx4Pq3CBfC/mdvKEkPqtCc=
295,-99,KxmWssVTu6qsil8EODXm0RpqCs0=,a5Ojwbx4Pq3CBfC/mdvKEkPqtCc=
294,-99,KxmWssVTu6qsil8EODXm0RpqCs0=,a5Ojwbx4Pq3CBfC/mdvKEkPqtCc=
291,-99,KxmWssVTu6qsil8EODXm0RpqCs0=,a5Ojwbx4Pq3CBfC/mdvKEkPqtCc=
296,-99,KxmWssVTu6qsil8EODXm0RpqCs0=,a5Ojwbx4Pq3CBfC/mdvKEkPqtCc=
293,-99,KxmWssVTu6qsil8EODXm0RpqCs0=,a5Ojwbx4Pq3CBfC/mdvKEkPqtCc=
290,-99,KxmWssVTu6qsil8EODXm0RpqCs0=,a5Ojwbx4Pq3CBfC/mdvKEkPqtCc=
300,-112,KxmWssVTu6qsil8EODXm0RpqCs0=,a5Ojwbx4Pq3CBfC/mdvKEkPqtCc=
292,-99,KxmWssVTu6qsil8EODXm0RpqCs0=,a5Ojwbx4Pq3CBfC/mdvKEkPqtCc=
288,-99,KxmWssVTu6qsil8EODXm0RpqCs0=,a5Ojwbx4Pq3CBfC/mdvKEkPqtCc=
289,-99,KxmWssVTu6qsil8EODXm0RpqCs0=,a5Ojwbx4Pq3CBfC/mdvKEkPqtCc=
301,-100,KxmWssVTu6qsil8EODXm0RpqCs0=,a5Ojwbx4Pq3CBfC/mdvKEkPqtCc=
300,-100,KxmWssVTu6qsil8EODXm0RpqCs0=,a5Ojwbx4Pq3CBfC/mdvKEkPqtCc=
302,-100,KxmWssVTu6qsil8EODXm0RpqCs0=,a5Ojwbx4Pq3CBfC/mdvKEkPqtCc=
298,-100,KxmWssVTu6qsil8EODXm0RpqCs0=,a5Ojwbx4Pq3CBfC/mdvKEkPqtCc=
303,-100,KxmWssVTu6qsil8EODXm0RpqCs0=,a5Ojwbx4Pq3CBfC/mdvKEkPqtCc=
299,-100,KxmWssVTu6qsil8EODXm0RpqCs0=,a5Ojwbx4Pq3CBfC/mdvKEkPqtCc=
297,-100,KxmWssVTu6qsil8EODXm0RpqCs0=,a5Ojwbx4Pq3CBfC/mdvKEkPqtCc=
296,-100,KxmWssVTu6qsil8EODXm0RpqCs0=,a5Ojwbx4Pq3CBfC/mdvKEkPqtCc=
294,-100,KxmWssVTu6qsil8EODXm0RpqCs0=,a5Ojwbx4Pq3CBfC/mdvKEkPqtCc=
293,-100,KxmWssVTu6qsil8EODXm0RpqCs0=,a5Ojwbx4Pq3CBfC/mdvKEkPqtCc=
292,-100,KxmWssVTu6qsil8EODXm0RpqCs0=,a5Ojwbx4Pq3CBfC/mdvKEkPqtCc=
291,-100,KxmWssVTu6qsil8EODXm0RpqCs0=,a5Ojwbx4Pq3CBfC/mdvKEkPqtCc=
295,-100,KxmWssVTu6qsil8EODXm0RpqCs0=,a5Ojwbx4Pq3CBfC/mdvKEkPqtCc=
290,-100,KxmWssVTu6qsil8EODXm0RpqCs0=,a5Ojwbx4Pq3CBfC/mdvKEkPqtCc=
289,-100,KxmWssVTu6qsil8EODXm0RpqCs0=,a5Ojwbx4Pq3CBfC/mdvKEkPqtCc=
303,-101,KxmWssVTu6qsil8EODXm0RpqCs0=,a5Ojwbx4Pq3CBfC/mdvKEkPqtCc=
299,-112,KxmWssVTu6qsil8EODXm0RpqCs0=,a5Ojwbx4Pq3CBfC/mdvKEkPqtCc=
302,-101,KxmWssVTu6qsil8EODXm0RpqCs0=,a5Ojwbx4Pq3CBfC/mdvKEkPqtCc=
288,-100,KxmWssVTu6qsil8EODXm0RpqCs0=,a5Ojwbx4Pq3CBfC/mdvKEkPqtCc=
300,-101,KxmWssVTu6qsil8EODXm0RpqCs0=,a5Ojwbx4Pq3CBfC/mdvKEkPqtCc=
301,-101,KxmWssVTu6qsil8EODXm0RpqCs0=,a5Ojwbx4Pq3CBfC/mdvKEkPqtCc=
299,-101,KxmWssVTu6qsil8EODXm0RpqCs0=,a5Ojwbx4Pq3CBfC/mdvKEkPqtCc=
298,-101,KxmWssVTu6qsil8EODXm0RpqCs0=,a5Ojwbx4Pq3CBfC/mdvKEkPqtCc=
295,-101,KxmWssVTu6qsil8EODXm0RpqCs0=,a5Ojwbx4Pq3CBfC/mdvKEkPqtCc=
294,-101,KxmWssVTu6qsil8EODXm0RpqCs0=,a5Ojwbx4Pq3CBfC/mdvKEkPqtCc=
296,-101,KxmWssVTu6qsil8EODXm0RpqCs0=,a5Ojwbx4Pq3CBfC/mdvKEkPqtCc=
297,-101,KxmWssVTu6qsil8EODXm0RpqCs0=,a5Ojwbx4Pq3CBfC/mdvKEkPqtCc=
293,-101,KxmWssVTu6qsil8EODXm0RpqCs0=,a5Ojwbx4Pq3CBfC/mdvKEkPqtCc=
290,-101,KxmWssVTu6qsil8EODXm0RpqCs0=,a5Ojwbx4Pq3CBfC/mdvKEkPqtCc=
289,-101,KxmWssVTu6qsil8EODXm0RpqCs0=,a5Ojwbx4Pq3CBfC/mdvKEkPqtCc=
291,-101,KxmWssVTu6qsil8EODXm0RpqCs0=,a5Ojwbx4Pq3CBfC/mdvKEkPqtCc=
292,-101,KxmWssVTu6qsil8EODXm0RpqCs0=,a5Ojwbx4Pq3CBfC/mdvKEkPqtCc=
298,-112,KxmWssVTu6qsil8EODXm0RpqCs0=,a5Ojwbx4Pq3CBfC/mdvKEkPqtCc=
288,-101,KxmWssVTu6qsil8EODXm0RpqCs0=,a5Ojwbx4Pq3CBfC/mdvKEkPqtCc=
302,-102,KxmWssVTu6qsil8EODXm0RpqCs0=,a5Ojwbx4Pq3CBfC/mdvKEkPqtCc=
303,-102,KxmWssVTu6qsil8EODXm0RpqCs0=,a5Ojwbx4Pq3CBfC/mdvKEkPqtCc=
300,-102,KxmWssVTu6qsil8EODXm0RpqCs0=,a5Ojwbx4Pq3CBfC/mdvKEkPqtCc=
298,-102,KxmWssVTu6qsil8EODXm0RpqCs0=,a5Ojwbx4Pq3CBfC/mdvKEkPqtCc=
299,-102,KxmWssVTu6qsil8EODXm0RpqCs0=,a5Ojwbx4Pq3CBfC/mdvKEkPqtCc=
301,-102,KxmWssVTu6qsil8EODXm0RpqCs0=,a5Ojwbx4Pq3CBfC/mdvKEkPqtCc=
296,-102,KxmWssVTu6qsil8EODXm0RpqCs0=,a5Ojwbx4Pq3CBfC/mdvKEkPqtCc=
294,-102,KxmWssVTu6qsil8EODXm0RpqCs0=,a5Ojwbx4Pq3CBfC/mdvKEkPqtCc=
295,-102,KxmWssVTu6qsil8EODXm0RpqCs0=,a5Ojwbx4Pq3CBfC/mdvKEkPqtCc=
292,-102,KxmWssVTu6qsil8EODXm0RpqCs0=,a5Ojwbx4Pq3CBfC/mdvKEkPqtCc=
297,-102,KxmWssVTu6qsil8EODXm0RpqCs0=,a5Ojwbx4Pq3CBfC/mdvKEkPqtCc=
293,-102,KxmWssVTu6qsil8EODXm0RpqCs0=,a5Ojwbx4Pq3CBfC/mdvKEkPqtCc=
290,-102,KxmWssVTu6qsil8EODXm0RpqCs0=,a5Ojwbx4Pq3CBfC/mdvKEkPqtCc=
291,-102,KxmWssVTu6qsil8EODXm0RpqCs0=,a5Ojwbx4Pq3CBfC/mdvKEkPqtCc=
289,-102,KxmWssVTu6qsil8EODXm0RpqCs0=,a5Ojwbx4Pq3CBfC/mdvKEkPqtCc=
288,-102,KxmWssVTu6qsil8EODXm0RpqCs0=,a5Ojwbx4Pq3CBfC/mdvKEkPqtCc=
297,-112,KxmWssVTu6qsil8EODXm0RpqCs0=,a5Ojwbx4Pq3CBfC/mdvKEkPqtCc=
300,-103,KxmWssVTu6qsil8EODXm0RpqCs0=,a5Ojwbx4Pq3CBfC/mdvKEkPqtCc=
302,-103,KxmWssVTu6qsil8EODXm0RpqCs0=,a5Ojwbx4Pq3CBfC/mdvKEkPqtCc=
303,-103,KxmWssVTu6qsil8EODXm0RpqCs0=,a5Ojwbx4Pq3CBfC/mdvKEkPqtCc=
299,-103,KxmWssVTu6qsil8EODXm0RpqCs0=,a5Ojwbx4Pq3CBfC/mdvKEkPqtCc=
298,-103,KxmWssVTu6qsil8EODXm0RpqCs0=,a5Ojwbx4Pq3CBfC/mdvKEkPqtCc=
296,-103,KxmWssVTu6qsil8EODXm0RpqCs0=,a5Ojwbx4Pq3CBfC/mdvKEkPqtCc=
297,-103,KxmWssVTu6qsil8EODXm0RpqCs0=,a5Ojwbx4Pq3CBfC/mdvKEkPqtCc=
301,-103,KxmWssVTu6qsil8EODXm0RpqCs0=,a5Ojwbx4Pq3CBfC/mdvKEkPqtCc=
295,-103,KxmWssVTu6qsil8EODXm0RpqCs0=,a5Ojwbx4Pq3CBfC/mdvKEkPqtCc=
293,-103,KxmWssVTu6qsil8EODXm0RpqCs0=,a5Ojwbx4Pq3CBfC/mdvKEkPqtCc=
291,-103,KxmWssVTu6qsil8EODXm0RpqCs0=,a5Ojwbx4Pq3CBfC/mdvKEkPqtCc=
290,-103,KxmWssVTu6qsil8EODXm0RpqCs0=,a5Ojwbx4Pq3CBfC/mdvKEkPqtCc=
289,-103,KxmWssVTu6qsil8EODXm0RpqCs0=,a5Ojwbx4Pq3CBfC/mdvKEkPqtCc=
292,-103,KxmWssVTu6qsil8EODXm0RpqCs0=,a5Ojwbx4Pq3CBfC/mdvKEkPqtCc=
294,-103,KxmWssVTu6qsil8EODXm0RpqCs0=,a5Ojwbx4Pq3CBfC/mdvKEkPqtCc=
288,-103,KxmWssVTu6qsil8EODXm0RpqCs0=,a5Ojwbx4Pq3CBfC/mdvKEkPqtCc=
303,-104,KxmWssVTu6qsil8EODXm0RpqCs0=,a5Ojwbx4Pq3CBfC/mdvKEkPqtCc=
296,-112,KxmWssVTu6qsil8EODXm0RpqCs0=,a5Ojwbx4Pq3CBfC/mdvKEkPqtCc=
302,-104,KxmWssVTu6qsil8EODXm0RpqCs0=,a5Ojwbx4Pq3CBfC/mdvKEkPqtCc=
301,-104,KxmWssVTu6qsil8EODXm0RpqCs0=,a5Ojwbx4Pq3CBfC/mdvKEkPqtCc=
299,-104,KxmWssVTu6qsil8EODXm0RpqCs0=,a5Ojwbx4Pq3CBfC/mdvKEkPqtCc=
300,-104,KxmWssVTu6qsil8EODXm0RpqCs0=,a5Ojwbx4Pq3CBfC/mdvKEkPqtCc=
297,-104,KxmWssVTu6qsil8EODXm0RpqCs0=,a5Ojwbx4Pq3CBfC/mdvKEkPqtCc=
296,-104,KxmWssVTu6qsil8EODXm0RpqCs0=,a5Ojwbx4Pq3CBfC/mdvKEkPqtCc=
295,-104,KxmWssVTu6qsil8EODXm0RpqCs0=,a5Ojwbx4Pq3CBfC/mdvKEkPqtCc=
298,-104,KxmWssVTu6qsil8EODXm0RpqCs0=,a5Ojwbx4Pq3CBfC/mdvKEkPqtCc=
294,-104,KxmWssVTu6qsil8EODXm0RpqCs0=,a5Ojwbx4Pq3CBfC/mdvKEkPqtCc=
292,-104,KxmWssVTu6qsil8EODXm0RpqCs0=,a5Ojwbx4Pq3CBfC/mdvKEkPqtCc=
291,-104,KxmWssVTu6qsil8EODXm0RpqCs0=,a5Ojwbx4Pq3CBfC/mdvKEkPqtCc=
295,-112,KxmWssVTu6qsil8EODXm0RpqCs0=,a5Ojwbx4Pq3CBfC/mdvKEkPqtCc=
293,-104,KxmWssVTu6qsil8EODXm0RpqCs0=,a5Ojwbx4Pq3CBfC/mdvKEkPqtCc=
303,-105,KxmWssVTu6qsil8EODXm0RpqCs0=,a5Ojwbx4Pq3CBfC/mdvKEkPqtCc=
288,-104,KxmWssVTu6qsil8EODXm0RpqCs0=,a5Ojwbx4Pq3CBfC/mdvKEkPqtCc=
301,-105,KxmWssVTu6qsil8EODXm0RpqCs0=,a5Ojwbx4Pq3CBfC/mdvKEkPqtCc=
302,-105,KxmWssVTu6qsil8EODXm0RpqCs0=,a5Ojwbx4Pq3CBfC/mdvKEkPqtCc=
290,-104,KxmWssVTu6qsil8EODXm0RpqCs0=,a5Ojwbx4Pq3CBfC/mdvKEkPqtCc=
299,-105,KxmWssVTu6qsil8EODXm0RpqCs0=,a5Ojwbx4Pq3CBfC/mdvKEkPqtCc=
297,-105,KxmWssVTu6qsil8EODXm0RpqCs0=,a5Ojwbx4Pq3CBfC/mdvKEkPqtCc=
298,-105,KxmWssVTu6qsil8EODXm0RpqCs0=,a5Ojwbx4Pq3CBfC/mdvKEkPqtCc=
300,-105,KxmWssVTu6qsil8EODXm0RpqCs0=,a5Ojwbx4Pq3CBfC/mdvKEkPqtCc=
295,-105,KxmWssVTu6qsil8EODXm0RpqCs0=,a5Ojwbx4Pq3CBfC/mdvKEkPqtCc=
294,-105,KxmWssVTu6qsil8EODXm0RpqCs0=,a5Ojwbx4Pq3CBfC/mdvKEkPqtCc=
292,-105,KxmWssVTu6qsil8EODXm0RpqCs0=,a5Ojwbx4Pq3CBfC/mdvKEkPqtCc=
293,-105,KxmWssVTu6qsil8EODXm0RpqCs0=,a5Ojwbx4Pq3CBfC/mdvKEkPqtCc=
296,-105,KxmWssVTu6qsil8EODXm0RpqCs0=,a5Ojwbx4Pq3CBfC/mdvKEkPqtCc=
290,-105,KxmWssVTu6qsil8EODXm0RpqCs0=,a5Ojwbx4Pq3CBfC/mdvKEkPqtCc=
291,-105,KxmWssVTu6qsil8EODXm0RpqCs0=,a5Ojwbx4Pq3CBfC/mdvKEkPqtCc=
294,-112,KxmWssVTu6qsil8EODXm0RpqCs0=,a5Ojwbx4Pq3CBfC/mdvKEkPqtCc=
289,-105,KxmWssVTu6qsil8EODXm0RpqCs0=,a5Ojwbx4Pq3CBfC/mdvKEkPqtCc=
288,-105,KxmWssVTu6qsil8EODXm0RpqCs0=,a5Ojwbx4Pq3CBfC/mdvKEkPqtCc=
303,-106,KxmWssVTu6qsil8EODXm0RpqCs0=,a5Ojwbx4Pq3CBfC/mdvKEkPqtCc=
301,-106,KxmWssVTu6qsil8EODXm0RpqCs0=,a5Ojwbx4Pq3CBfC/mdvKEkPqtCc=
302,-106,KxmWssVTu6qsil8EODXm0RpqCs0=,a5Ojwbx4Pq3CBfC/mdvKEkPqtCc=
300,-106,KxmWssVTu6qsil8EODXm0RpqCs0=,a5Ojwbx4Pq3CBfC/mdvKEkPqtCc=
298,-106,KxmWssVTu6qsil8EODXm0RpqCs0=,a5Ojwbx4Pq3CBfC/mdvKEkPqtCc=
299,-106,KxmWssVTu6qsil8EODXm0RpqCs0=,a5Ojwbx4Pq3CBfC/mdvKEkPqtCc=
297,-106,KxmWssVTu6qsil8EODXm0RpqCs0=,a5Ojwbx4Pq3CBfC/mdvKEkPqtCc=
296,-106,KxmWssVTu6qsil8EODXm0RpqCs0=,a5Ojwbx4Pq3CBfC/mdvKEkPqtCc=
294,-106,KxmWssVTu6qsil8EODXm0RpqCs0=,a5Ojwbx4Pq3CBfC/mdvKEkPqtCc=
295,-106,KxmWssVTu6qsil8EODXm0RpqCs0=,a5Ojwbx4Pq3CBfC/mdvKEkPqtCc=
293,-106,KxmWssVTu6qsil8EODXm0RpqCs0=,a5Ojwbx4Pq3CBfC/mdvKEkPqtCc=
289,-104,KxmWssVTu6qsil8EODXm0RpqCs0=,a5Ojwbx4Pq3CBfC/mdvKEkPqtCc=
292,-106,KxmWssVTu6qsil8EODXm0RpqCs0=,a5Ojwbx4Pq3CBfC/mdvKEkPqtCc=
291,-106,KxmWssVTu6qsil8EODXm0RpqCs0=,a5Ojwbx4Pq3CBfC/mdvKEkPqtCc=
290,-106,KxmWssVTu6qsil8EODXm0RpqCs0=,a5Ojwbx4Pq3CBfC/mdvKEkPqtCc=
289,-106,KxmWssVTu6qsil8EODXm0RpqCs0=,a5Ojwbx4Pq3CBfC/mdvKEkPqtCc=
293,-112,KxmWssVTu6qsil8EODXm0RpqCs0=,a5Ojwbx4Pq3CBfC/mdvKEkPqtCc=
288,-106,KxmWssVTu6qsil8EODXm0RpqCs0=,a5Ojwbx4Pq3CBfC/mdvKEkPqtCc=
303,-107,KxmWssVTu6qsil8EODXm0RpqCs0=,a5Ojwbx4Pq3CBfC/mdvKEkPqtCc=
302,-107,KxmWssVTu6qsil8EODXm0RpqCs0=,a5Ojwbx4Pq3CBfC/mdvKEkPqtCc=
301,-107,KxmWssVTu6qsil8EODXm0RpqCs0=,a5Ojwbx4Pq3CBfC/mdvKEkPqtCc=
298,-107,KxmWssVTu6qsil8EODXm0RpqCs0=,a5Ojwbx4Pq3CBfC/mdvKEkPqtCc=
300,-107,KxmWssVTu6qsil8EODXm0RpqCs0=,a5Ojwbx4Pq3CBfC/mdvKEkPqtCc=
299,-107,KxmWssVTu6qsil8EODXm0RpqCs0=,a5Ojwbx4Pq3CBfC/mdvKEkPqtCc=
296,-107,KxmWssVTu6qsil8EODXm0RpqCs0=,a5Ojwbx4Pq3CBfC/mdvKEkPqtCc=
297,-107,KxmWssVTu6qsil8EODXm0RpqCs0=,a5Ojwbx4Pq3CBfC/mdvKEkPqtCc=
295,-107,KxmWssVTu6qsil8EODXm0RpqCs0=,a5Ojwbx4Pq3CBfC/mdvKEkPqtCc=
293,-107,KxmWssVTu6qsil8EODXm0RpqCs0=,a5Ojwbx4Pq3CBfC/mdvKEkPqtCc=
291,-107,KxmWssVTu6qsil8EODXm0RpqCs0=,a5Ojwbx4Pq3CBfC/mdvKEkPqtCc=
294,-107,KxmWssVTu6qsil8EODXm0RpqCs0=,a5Ojwbx4Pq3CBfC/mdvKEkPqtCc=
292,-107,KxmWssVTu6qsil8EODXm0RpqCs0=,a5Ojwbx4Pq3CBfC/mdvKEkPqtCc=
290,-107,KxmWssVTu6qsil8EODXm0RpqCs0=,a5Ojwbx4Pq3CBfC/mdvKEkPqtCc=
292,-112,KxmWssVTu6qsil8EODXm0RpqCs0=,a5Ojwbx4Pq3CBfC/mdvKEkPqtCc=
288,-107,KxmWssVTu6qsil8EODXm0RpqCs0=,a5Ojwbx4Pq3CBfC/mdvKEkPqtCc=
303,-108,KxmWssVTu6qsil8EODXm0RpqCs0=,a5Ojwbx4Pq3CBfC/mdvKEkPqtCc=
289,-107,KxmWssVTu6qsil8EODXm0RpqCs0=,a5Ojwbx4Pq3CBfC/mdvKEkPqtCc=
302,-108,KxmWssVTu6qsil8EODXm0RpqCs0=,a5Ojwbx4Pq3CBfC/mdvKEkPqtCc=
301,-108,KxmWssVTu6qsil8EODXm0RpqCs0=,a5Ojwbx4Pq3CBfC/mdvKEkPqtCc=
300,-108,KxmWssVTu6qsil8EODXm0RpqCs0=,a5Ojwbx4Pq3CBfC/mdvKEkPqtCc=
299,-108,KxmWssVTu6qsil8EODXm0RpqCs0=,a5Ojwbx4Pq3CBfC/mdvKEkPqtCc=
296,-108,KxmWssVTu6qsil8EODXm0RpqCs0=,a5Ojwbx4Pq3CBfC/mdvKEkPqtCc=
297,-108,KxmWssVTu6qsil8EODXm0RpqCs0=,a5Ojwbx4Pq3CBfC/mdvKEkPqtCc=
298,-108,KxmWssVTu6qsil8EODXm0RpqCs0=,a5Ojwbx4Pq3CBfC/mdvKEkPqtCc=
295,-108,KxmWssVTu6qsil8EODXm0RpqCs0=,a5Ojwbx4Pq3CBfC/mdvKEkPqtCc=
294,-108,KxmWssVTu6qsil8EODXm0RpqCs0=,a5Ojwbx4Pq3CBfC/mdvKEkPqtCc=
293,-108,KxmWssVTu6qsil8EODXm0RpqCs0=,a5Ojwbx4Pq3CBfC/mdvKEkPqtCc=
292,-108,KxmWssVTu6qsil8EODXm0RpqCs0=,a5Ojwbx4Pq3CBfC/mdvKEkPqtCc=
290,-108,KxmWssVTu6qsil8EODXm0RpqCs0=,a5Ojwbx4Pq3CBfC/mdvKEkPqtCc=
291,-112,KxmWssVTu6qsil8EODXm0RpqCs0=,a5Ojwbx4Pq3CBfC/mdvKEkPqtCc=
291,-108,KxmWssVTu6qsil8EODXm0RpqCs0=,a5Ojwbx4Pq3CBfC/mdvKEkPqtCc=
303,-109,KxmWssVTu6qsil8EODXm0RpqCs0=,a5Ojwbx4Pq3CBfC/mdvKEkPqtCc=
288,-108,KxmWssVTu6qsil8EODXm0RpqCs0=,a5Ojwbx4Pq3CBfC/mdvKEkPqtCc=
302,-109,KxmWssVTu6qsil8EODXm0RpqCs0=,a5Ojwbx4Pq3CBfC/mdvKEkPqtCc=
289,-108,KxmWssVTu6qsil8EODXm0RpqCs0=,a5Ojwbx4Pq3CBfC/mdvKEkPqtCc=
300,-109,KxmWssVTu6qsil8EODXm0RpqCs0=,a5Ojwbx4Pq3CBfC/mdvKEkPqtCc=
298,-109,KxmWssVTu6qsil8EODXm0RpqCs0=,a5Ojwbx4Pq3CBfC/mdvKEkPqtCc=
297,-109,KxmWssVTu6qsil8EODXm0RpqCs0=,a5Ojwbx4Pq3CBfC/mdvKEkPqtCc=
296,-109,KxmWssVTu6qsil8EODXm0RpqCs0=,a5Ojwbx4Pq3CBfC/mdvKEkPqtCc=
291,-109,KxmWssVTu6qsil8EODXm0RpqCs0=,a5Ojwbx4Pq3CBfC/mdvKEkPqtCc=
302,-110,KxmWssVTu6qsil8EODXm0RpqCs0=,a5Ojwbx4Pq3CBfC/mdvKEkPqtCc=
301,-109,KxmWssVTu6qsil8EODXm0RpqCs0=,a5Ojwbx4Pq3CBfC/mdvKEkPqtCc=
295,-109,KxmWssVTu6qsil8EODXm0RpqCs0=,a5Ojwbx4Pq3CBfC/mdvKEkPqtCc=
293,-109,KxmWssVTu6qsil8EODXm0RpqCs0=,a5Ojwbx4Pq3CBfC/mdvKEkPqtCc=
294,-109,KxmWssVTu6qsil8EODXm0RpqCs0=,a5Ojwbx4Pq3CBfC/mdvKEkPqtCc=
290,-112,KxmWssVTu6qsil8EODXm0RpqCs0=,a5Ojwbx4Pq3CBfC/mdvKEkPqtCc=
301,-110,KxmWssVTu6qsil8EODXm0RpqCs0=,a5Ojwbx4Pq3CBfC/mdvKEkPqtCc=
303,-110,KxmWssVTu6qsil8EODXm0RpqCs0=,a5Ojwbx4Pq3CBfC/mdvKEkPqtCc=
299,-110,KxmWssVTu6qsil8EODXm0RpqCs0=,a5Ojwbx4Pq3CBfC/mdvKEkPqtCc=
292,-109,KxmWssVTu6qsil8EODXm0RpqCs0=,a5Ojwbx4Pq3CBfC/mdvKEkPqtCc=
300,-110,KxmWssVTu6qsil8EODXm0RpqCs0=,a5Ojwbx4Pq3CBfC/mdvKEkPqtCc=
288,-109,KxmWssVTu6qsil8EODXm0RpqCs0=,a5Ojwbx4Pq3CBfC/mdvKEkPqtCc=
289,-109,KxmWssVTu6qsil8EODXm0RpqCs0=,a5Ojwbx4Pq3CBfC/mdvKEkPqtCc=
297,-110,KxmWssVTu6qsil8EODXm0RpqCs0=,a5Ojwbx4Pq3CBfC/mdvKEkPqtCc=
298,-110,KxmWssVTu6qsil8EODXm0RpqCs0=,a5Ojwbx4Pq3CBfC/mdvKEkPqtCc=
295,-110,KxmWssVTu6qsil8EODXm0RpqCs0=,a5Ojwbx4Pq3CBfC/mdvKEkPqtCc=
294,-110,KxmWssVTu6qsil8EODXm0RpqCs0=,a5Ojwbx4Pq3CBfC/mdvKEkPqtCc=
296,-110,KxmWssVTu6qsil8EODXm0RpqCs0=,a5Ojwbx4Pq3CBfC/mdvKEkPqtCc=
292,-110,KxmWssVTu6qsil8EODXm0RpqCs0=,a5Ojwbx4Pq3CBfC/mdvKEkPqtCc=
291,-110,KxmWssVTu6qsil8EODXm0RpqCs0=,a5Ojwbx4Pq3CBfC/mdvKEkPqtCc=
288,-110,KxmWssVTu6qsil8EODXm0RpqCs0=,a5Ojwbx4Pq3CBfC/mdvKEkPqtCc=
303,-111,KxmWssVTu6qsil8EODXm0RpqCs0=,a5Ojwbx4Pq3CBfC/mdvKEkPqtCc=
290,-109,KxmWssVTu6qsil8EODXm0RpqCs0=,a5Ojwbx4Pq3CBfC/mdvKEkPqtCc=
293,-110,KxmWssVTu6qsil8EODXm0RpqCs0=,a5Ojwbx4Pq3CBfC/mdvKEkPqtCc=
289,-110,KxmWssVTu6qsil8EODXm0RpqCs0=,a5Ojwbx4Pq3CBfC/mdvKEkPqtCc=
290,-110,KxmWssVTu6qsil8EODXm0RpqCs0=,a5Ojwbx4Pq3CBfC/mdvKEkPqtCc=
295,-111,KxmWssVTu6qsil8EODXm0RpqCs0=,a5Ojwbx4Pq3CBfC/mdvKEkPqtCc=
300,-111,KxmWssVTu6qsil8EODXm0RpqCs0=,a5Ojwbx4Pq3CBfC/mdvKEkPqtCc=
301,-111,KxmWssVTu6qsil8EODXm0RpqCs0=,a5Ojwbx4Pq3CBfC/mdvKEkPqtCc=
297,-111,KxmWssVTu6qsil8EODXm0RpqCs0=,a5Ojwbx4Pq3CBfC/mdvKEkPqtCc=
302,-111,KxmWssVTu6qsil8EODXm0RpqCs0=,a5Ojwbx4Pq3CBfC/mdvKEkPqtCc=
293,-111,KxmWssVTu6qsil8EODXm0RpqCs0=,a5Ojwbx4Pq3CBfC/mdvKEkPqtCc=
296,-111,KxmWssVTu6qsil8EODXm0RpqCs0=,a5Ojwbx4Pq3CBfC/mdvKEkPqtCc=
298,-111,KxmWssVTu6qsil8EODXm0RpqCs0=,a5Ojwbx4Pq3CBfC/mdvKEkPqtCc=
291,-111,KxmWssVTu6qsil8EODXm0RpqCs0=,a5Ojwbx4Pq3CBfC/mdvKEkPqtCc=
292,-111,KxmWssVTu6qsil8EODXm0RpqCs0=,a5Ojwbx4Pq3CBfC/mdvKEkPqtCc=
289,-111,KxmWssVTu6qsil8EODXm0RpqCs0=,a5Ojwbx4Pq3CBfC/mdvKEkPqtCc=
290,-111,KxmWssVTu6qsil8EODXm0RpqCs0=,a5Ojwbx4Pq3CBfC/mdvKEkPqtCc=
299,-109,KxmWssVTu6qsil8EODXm0RpqCs0=,a5Ojwbx4Pq3CBfC/mdvKEkPqtCc=
299,-111,KxmWssVTu6qsil8EODXm0RpqCs0=,a5Ojwbx4Pq3CBfC/mdvKEkPqtCc=
289,-112,KxmWssVTu6qsil8EODXm0RpqCs0=,a5Ojwbx4Pq3CBfC/mdvKEkPqtCc=
294,-111,KxmWssVTu6qsil8EODXm0RpqCs0=,a5Ojwbx4Pq3CBfC/mdvKEkPqtCc=
319,-97,KxmWssVTu6qsil8EODXm0RpqCs0=,a5Ojwbx4Pq3CBfC/mdvKEkPqtCc=
318,-97,KxmWssVTu6qsil8EODXm0RpqCs0=,a5Ojwbx4Pq3CBfC/mdvKEkPqtCc=
317,-112,KxmWssVTu6qsil8EODXm0RpqCs0=,a5Ojwbx4Pq3CBfC/mdvKEkPqtCc=
318,-112,KxmWssVTu6qsil8EODXm0RpqCs0=,a5Ojwbx4Pq3CBfC/mdvKEkPqtCc=
319,-112,KxmWssVTu6qsil8EODXm0RpqCs0=,a5Ojwbx4Pq3CBfC/mdvKEkPqtCc=
316,-112,KxmWssVTu6qsil8EODXm0RpqCs0=,a5Ojwbx4Pq3CBfC/mdvKEkPqtCc=
315,-112,KxmWssVTu6qsil8EODXm0RpqCs0=,a5Ojwbx4Pq3CBfC/mdvKEkPqtCc=
314,-112,KxmWssVTu6qsil8EODXm0RpqCs0=,a5Ojwbx4Pq3CBfC/mdvKEkPqtCc=
311,-112,KxmWssVTu6qsil8EODXm0RpqCs0=,a5Ojwbx4Pq3CBfC/mdvKEkPqtCc=
313,-112,KxmWssVTu6qsil8EODXm0RpqCs0=,a5Ojwbx4Pq3CBfC/mdvKEkPqtCc=
310,-112,KxmWssVTu6qsil8EODXm0RpqCs0=,a5Ojwbx4Pq3CBfC/mdvKEkPqtCc=
309,-112,KxmWssVTu6qsil8EODXm0RpqCs0=,a5Ojwbx4Pq3CBfC/mdvKEkPqtCc=
312,-112,KxmWssVTu6qsil8EODXm0RpqCs0=,a5Ojwbx4Pq3CBfC/mdvKEkPqtCc=
307,-112,KxmWssVTu6qsil8EODXm0RpqCs0=,a5Ojwbx4Pq3CBfC/mdvKEkPqtCc=
306,-112,KxmWssVTu6qsil8EODXm0RpqCs0=,a5Ojwbx4Pq3CBfC/mdvKEkPqtCc=
305,-112,KxmWssVTu6qsil8EODXm0RpqCs0=,a5Ojwbx4Pq3CBfC/mdvKEkPqtCc=
317,-97,KxmWssVTu6qsil8EODXm0RpqCs0=,a5Ojwbx4Pq3CBfC/mdvKEkPqtCc=
308,-112,KxmWssVTu6qsil8EODXm0RpqCs0=,a5Ojwbx4Pq3CBfC/mdvKEkPqtCc=
304,-112,KxmWssVTu6qsil8EODXm0RpqCs0=,a5Ojwbx4Pq3CBfC/mdvKEkPqtCc=
316,-97,KxmWssVTu6qsil8EODXm0RpqCs0=,a5Ojwbx4Pq3CBfC/mdvKEkPqtCc=
315,-97,KxmWssVTu6qsil8EODXm0RpqCs0=,a5Ojwbx4Pq3CBfC/mdvKEkPqtCc=
314,-97,KxmWssVTu6qsil8EODXm0RpqCs0=,a5Ojwbx4Pq3CBfC/mdvKEkPqtCc=
313,-97,KxmWssVTu6qsil8EODXm0RpqCs0=,a5Ojwbx4Pq3CBfC/mdvKEkPqtCc=
312,-97,KxmWssVTu6qsil8EODXm0RpqCs0=,a5Ojwbx4Pq3CBfC/mdvKEkPqtCc=
310,-97,KxmWssVTu6qsil8EODXm0RpqCs0=,a5Ojwbx4Pq3CBfC/mdvKEkPqtCc=
311,-97,KxmWssVTu6qsil8EODXm0RpqCs0=,a5Ojwbx4Pq3CBfC/mdvKEkPqtCc=
309,-97,KxmWssVTu6qsil8EODXm0RpqCs0=,a5Ojwbx4Pq3CBfC/mdvKEkPqtCc=
308,-97,KxmWssVTu6qsil8EODXm0RpqCs0=,a5Ojwbx4Pq3CBfC/mdvKEkPqtCc=
307,-97,KxmWssVTu6qsil8EODXm0RpqCs0=,a5Ojwbx4Pq3CBfC/mdvKEkPqtCc=
306,-97,KxmWssVTu6qsil8EODXm0RpqCs0=,a5Ojwbx4Pq3CBfC/mdvKEkPqtCc=
305,-97,KxmWssVTu6qsil8EODXm0RpqCs0=,a5Ojwbx4Pq3CBfC/mdvKEkPqtCc=
319,-98,KxmWssVTu6qsil8EODXm0RpqCs0=,a5Ojwbx4Pq3CBfC/mdvKEkPqtCc=
304,-97,KxmWssVTu6qsil8EODXm0RpqCs0=,a5Ojwbx4Pq3CBfC/mdvKEkPqtCc=
317,-98,KxmWssVTu6qsil8EODXm0RpqCs0=,a5Ojwbx4Pq3CBfC/mdvKEkPqtCc=
316,-98,KxmWssVTu6qsil8EODXm0RpqCs0=,a5Ojwbx4Pq3CBfC/mdvKEkPqtCc=
318,-98,KxmWssVTu6qsil8EODXm0RpqCs0=,a5Ojwbx4Pq3CBfC/mdvKEkPqtCc=
314,-98,KxmWssVTu6qsil8EODXm0RpqCs0=,a5Ojwbx4Pq3CBfC/mdvKEkPqtCc=
312,-98,KxmWssVTu6qsil8EODXm0RpqCs0=,a5Ojwbx4Pq3CBfC/mdvKEkPqtCc=
311,-98,KxmWssVTu6qsil8EODXm0RpqCs0=,a5Ojwbx4Pq3CBfC/mdvKEkPqtCc=
313,-98,KxmWssVTu6qsil8EODXm0RpqCs0=,a5Ojwbx4Pq3CBfC/mdvKEkPqtCc=
310,-98,KxmWssVTu6qsil8EODXm0RpqCs0=,a5Ojwbx4Pq3CBfC/mdvKEkPqtCc=
309,-98,KxmWssVTu6qsil8EODXm0RpqCs0=,a5Ojwbx4Pq3CBfC/mdvKEkPqtCc=
307,-98,KxmWssVTu6qsil8EODXm0RpqCs0=,a5Ojwbx4Pq3CBfC/mdvKEkPqtCc=
308,-98,KxmWssVTu6qsil8EODXm0RpqCs0=,a5Ojwbx4Pq3CBfC/mdvKEkPqtCc=
306,-98,KxmWssVTu6qsil8EODXm0RpqCs0=,a5Ojwbx4Pq3CBfC/mdvKEkPqtCc=
305,-98,KxmWssVTu6qsil8EODXm0RpqCs0=,a5Ojwbx4Pq3CBfC/mdvKEkPqtCc=
304,-98,KxmWssVTu6qsil8EODXm0RpqCs0=,a5Ojwbx4Pq3CBfC/mdvKEkPqtCc=
304,-111,KxmWssVTu6qsil8EODXm0RpqCs0=,a5Ojwbx4Pq3CBfC/mdvKEkPqtCc=
319,-99,KxmWssVTu6qsil8EODXm0RpqCs0=,a5Ojwbx4Pq3CBfC/mdvKEkPqtCc=
318,-99,KxmWssVTu6qsil8EODXm0RpqCs0=,a5Ojwbx4Pq3CBfC/mdvKEkPqtCc=
317,-99,KxmWssVTu6qsil8EODXm0RpqCs0=,a5Ojwbx4Pq3CBfC/mdvKEkPqtCc=
305,-111,KxmWssVTu6qsil8EODXm0RpqCs0=,a5Ojwbx4Pq3CBfC/mdvKEkPqtCc=
315,-99,KxmWssVTu6qsil8EODXm0RpqCs0=,a5Ojwbx4Pq3CBfC/mdvKEkPqtCc=
315,-98,KxmWssVTu6qsil8EODXm0RpqCs0=,a5Ojwbx4Pq3CBfC/mdvKEkPqtCc=
313,-99,KxmWssVTu6qsil8EODXm0RpqCs0=,a5Ojwbx4Pq3CBfC/mdvKEkPqtCc=
306,-111,KxmWssVTu6qsil8EODXm0RpqCs0=,a5Ojwbx4Pq3CBfC/mdvKEkPqtCc=
314,-99,KxmWssVTu6qsil8EODXm0RpqCs0=,a5Ojwbx4Pq3CBfC/mdvKEkPqtCc=
311,-99,KxmWssVTu6qsil8EODXm0RpqCs0=,a5Ojwbx4Pq3CBfC/mdvKEkPqtCc=
312,-99,KxmWssVTu6qsil8EODXm0RpqCs0=,a5Ojwbx4Pq3CBfC/mdvKEkPqtCc=
316,-99,KxmWssVTu6qsil8EODXm0RpqCs0=,a5Ojwbx4Pq3CBfC/mdvKEkPqtCc=
307,-111,KxmWssVTu6qsil8EODXm0RpqCs0=,a5Ojwbx4Pq3CBfC/mdvKEkPqtCc=
308,-99,KxmWssVTu6qsil8EODXm0RpqCs0=,a5Ojwbx4Pq3CBfC/mdvKEkPqtCc=
308,-111,KxmWssVTu6qsil8EODXm0RpqCs0=,a5Ojwbx4Pq3CBfC/mdvKEkPqtCc=
310,-99,KxmWssVTu6qsil8EODXm0RpqCs0=,a5Ojwbx4Pq3CBfC/mdvKEkPqtCc=
309,-99,KxmWssVTu6qsil8EODXm0RpqCs0=,a5Ojwbx4Pq3CBfC/mdvKEkPqtCc=
306,-99,KxmWssVTu6qsil8EODXm0RpqCs0=,a5Ojwbx4Pq3CBfC/mdvKEkPqtCc=
309,-111,KxmWssVTu6qsil8EODXm0RpqCs0=,a5Ojwbx4Pq3CBfC/mdvKEkPqtCc=
305,-99,KxmWssVTu6qsil8EODXm0RpqCs0=,a5Ojwbx4Pq3CBfC/mdvKEkPqtCc=
310,-111,KxmWssVTu6qsil8EODXm0RpqCs0=,a5Ojwbx4Pq3CBfC/mdvKEkPqtCc=
304,-99,KxmWssVTu6qsil8EODXm0RpqCs0=,a5Ojwbx4Pq3CBfC/mdvKEkPqtCc=
307,-99,KxmWssVTu6qsil8EODXm0RpqCs0=,a5Ojwbx4Pq3CBfC/mdvKEkPqtCc=
319,-100,KxmWssVTu6qsil8EODXm0RpqCs0=,a5Ojwbx4Pq3CBfC/mdvKEkPqtCc=
317,-100,KxmWssVTu6qsil8EODXm0RpqCs0=,a5Ojwbx4Pq3CBfC/mdvKEkPqtCc=
315,-100,KxmWssVTu6qsil8EODXm0RpqCs0=,a5Ojwbx4Pq3CBfC/mdvKEkPqtCc=
316,-100,KxmWssVTu6qsil8EODXm0RpqCs0=,a5Ojwbx4Pq3CBfC/mdvKEkPqtCc=
311,-111,KxmWssVTu6qsil8EODXm0RpqCs0=,a5Ojwbx4Pq3CBfC/mdvKEkPqtCc=
314,-100,KxmWssVTu6qsil8EODXm0RpqCs0=,a5Ojwbx4Pq3CBfC/mdvKEkPqtCc=
318,-100,KxmWssVTu6qsil8EODXm0RpqCs0=,a5Ojwbx4Pq3CBfC/mdvKEkPqtCc=
313,-100,KxmWssVTu6qsil8EODXm0RpqCs0=,a5Ojwbx4Pq3CBfC/mdvKEkPqtCc=
312,-111,KxmWssVTu6qsil8EODXm0RpqCs0=,a5Ojwbx4Pq3CBfC/mdvKEkPqtCc=
312,-100,KxmWssVTu6qsil8EODXm0RpqCs0=,a5Ojwbx4Pq3CBfC/mdvKEkPqtCc=
311,-100,KxmWssVTu6qsil8EODXm0RpqCs0=,a5Ojwbx4Pq3CBfC/mdvKEkPqtCc=
313,-111,KxmWssVTu6qsil8EODXm0RpqCs0=,a5Ojwbx4Pq3CBfC/mdvKEkPqtCc=
306,-100,KxmWssVTu6qsil8EODXm0RpqCs0=,a5Ojwbx4Pq3CBfC/mdvKEkPqtCc=
308,-100,KxmWssVTu6qsil8EODXm0RpqCs0=,a5Ojwbx4Pq3CBfC/mdvKEkPqtCc=
310,-100,KxmWssVTu6qsil8EODXm0RpqCs0=,a5Ojwbx4Pq3CBfC/mdvKEkPqtCc=
305,-100,KxmWssVTu6qsil8EODXm0RpqCs0=,a5Ojwbx4Pq3CBfC/mdvKEkPqtCc=
309,-100,KxmWssVTu6qsil8EODXm0RpqCs0=,a5Ojwbx4Pq3CBfC/mdvKEkPqtCc=
314,-111,KxmWssVTu6qsil8EODXm0RpqCs0=,a5Ojwbx4Pq3CBfC/mdvKEkPqtCc=
304,-100,KxmWssVTu6qsil8EODXm0RpqCs0=,a5Ojwbx4Pq3CBfC/mdvKEkPqtCc=
319,-101,KxmWssVTu6qsil8EODXm0RpqCs0=,a5Ojwbx4Pq3CBfC/mdvKEkPqtCc=
318,-101,KxmWssVTu6qsil8EODXm0RpqCs0=,a5Ojwbx4Pq3CBfC/mdvKEkPqtCc=
317,-101,KxmWssVTu6qsil8EODXm0RpqCs0=,a5Ojwbx4Pq3CBfC/mdvKEkPqtCc=
307,-100,KxmWssVTu6qsil8EODXm0RpqCs0=,a5Ojwbx4Pq3CBfC/mdvKEkPqtCc=
316,-101,KxmWssVTu6qsil8EODXm0RpqCs0=,a5Ojwbx4Pq3CBfC/mdvKEkPqtCc=
315,-101,KxmWssVTu6qsil8EODXm0RpqCs0=,a5Ojwbx4Pq3CBfC/mdvKEkPqtCc=
315,-111,KxmWssVTu6qsil8EODXm0RpqCs0=,a5Ojwbx4Pq3CBfC/mdvKEkPqtCc=
313,-101,KxmWssVTu6qsil8EODXm0RpqCs0=,a5Ojwbx4Pq3CBfC/mdvKEkPqtCc=
314,-101,KxmWssVTu6qsil8EODXm0RpqCs0=,a5Ojwbx4Pq3CBfC/mdvKEkPqtCc=
312,-101,KxmWssVTu6qsil8EODXm0RpqCs0=,a5Ojwbx4Pq3CBfC/mdvKEkPqtCc=
316,-111,KxmWssVTu6qsil8EODXm0RpqCs0=,a5Ojwbx4Pq3CBfC/mdvKEkPqtCc=
309,-101,KxmWssVTu6qsil8EODXm0RpqCs0=,a5Ojwbx4Pq3CBfC/mdvKEkPqtCc=
306,-101,KxmWssVTu6qsil8EODXm0RpqCs0=,a5Ojwbx4Pq3CBfC/mdvKEkPqtCc=
310,-101,KxmWssVTu6qsil8EODXm0RpqCs0=,a5Ojwbx4Pq3CBfC/mdvKEkPqtCc=
317,-111,KxmWssVTu6qsil8EODXm0RpqCs0=,a5Ojwbx4Pq3CBfC/mdvKEkPqtCc=
307,-101,KxmWssVTu6qsil8EODXm0RpqCs0=,a5Ojwbx4Pq3CBfC/mdvKEkPqtCc=
304,-101,KxmWssVTu6qsil8EODXm0RpqCs0=,a5Ojwbx4Pq3CBfC/mdvKEkPqtCc=
319,-102,KxmWssVTu6qsil8EODXm0RpqCs0=,a5Ojwbx4Pq3CBfC/mdvKEkPqtCc=
308,-101,KxmWssVTu6qsil8EODXm0RpqCs0=,a5Ojwbx4Pq3CBfC/mdvKEkPqtCc=
311,-101,KxmWssVTu6qsil8EODXm0RpqCs0=,a5Ojwbx4Pq3CBfC/mdvKEkPqtCc=
318,-102,KxmWssVTu6qsil8EODXm0RpqCs0=,a5Ojwbx4Pq3CBfC/mdvKEkPqtCc=
314,-102,KxmWssVTu6qsil8EODXm0RpqCs0=,a5Ojwbx4Pq3CBfC/mdvKEkPqtCc=
317,-102,KxmWssVTu6qsil8EODXm0RpqCs0=,a5Ojwbx4Pq3CBfC/mdvKEkPqtCc=
318,-111,KxmWssVTu6qsil8EODXm0RpqCs0=,a5Ojwbx4Pq3CBfC/mdvKEkPqtCc=
305,-101,KxmWssVTu6qsil8EODXm0RpqCs0=,a5Ojwbx4Pq3CBfC/mdvKEkPqtCc=
315,-102,KxmWssVTu6qsil8EODXm0RpqCs0=,a5Ojwbx4Pq3CBfC/mdvKEkPqtCc=
316,-102,KxmWssVTu6qsil8EODXm0RpqCs0=,a5Ojwbx4Pq3CBfC/mdvKEkPqtCc=
312,-102,KxmWssVTu6qsil8EODXm0RpqCs0=,a5Ojwbx4Pq3CBfC/mdvKEkPqtCc=
309,-102,KxmWssVTu6qsil8EODXm0RpqCs0=,a5Ojwbx4Pq3CBfC/mdvKEkPqtCc=
308,-102,KxmWssVTu6qsil8EODXm0RpqCs0=,a5Ojwbx4Pq3CBfC/mdvKEkPqtCc=
313,-102,KxmWssVTu6qsil8EODXm0RpqCs0=,a5Ojwbx4Pq3CBfC/mdvKEkPqtCc=
307,-102,KxmWssVTu6qsil8EODXm0RpqCs0=,a5Ojwbx4Pq3CBfC/mdvKEkPqtCc=
311,-102,KxmWssVTu6qsil8EODXm0RpqCs0=,a5Ojwbx4Pq3CBfC/mdvKEkPqtCc=
310,-102,KxmWssVTu6qsil8EODXm0RpqCs0=,a5Ojwbx4Pq3CBfC/mdvKEkPqtCc=
305,-102,KxmWssVTu6qsil8EODXm0RpqCs0=,a5Ojwbx4Pq3CBfC/mdvKEkPqtCc=
319,-111,KxmWssVTu6qsil8EODXm0RpqCs0=,a5Ojwbx4Pq3CBfC/mdvKEkPqtCc=
304,-102,KxmWssVTu6qsil8EODXm0RpqCs0=,a5Ojwbx4Pq3CBfC/mdvKEkPqtCc=
306,-102,KxmWssVTu6qsil8EODXm0RpqCs0=,a5Ojwbx4Pq3CBfC/mdvKEkPqtCc=
318,-103,KxmWssVTu6qsil8EODXm0RpqCs0=,a5Ojwbx4Pq3CBfC/mdvKEkPqtCc=
319,-103,KxmWssVTu6qsil8EODXm0RpqCs0=,a5Ojwbx4Pq3CBfC/mdvKEkPqtCc=
304,-110,KxmWssVTu6qsil8EODXm0RpqCs0=,a5Ojwbx4Pq3CBfC/mdvKEkPqtCc=
317,-103,KxmWssVTu6qsil8EODXm0RpqCs0=,a5Ojwbx4Pq3CBfC/mdvKEkPqtCc=
316,-103,KxmWssVTu6qsil8EODXm0RpqCs0=,a5Ojwbx4Pq3CBfC/mdvKEkPqtCc=
314,-103,KxmWssVTu6qsil8EODXm0RpqCs0=,a5Ojwbx4Pq3CBfC/mdvKEkPqtCc=
315,-103,KxmWssVTu6qsil8EODXm0RpqCs0=,a5Ojwbx4Pq3CBfC/mdvKEkPqtCc=
313,-103,KxmWssVTu6qsil8EODXm0RpqCs0=,a5Ojwbx4Pq3CBfC/mdvKEkPqtCc=
312,-103,KxmWssVTu6qsil8EODXm0RpqCs0=,a5Ojwbx4Pq3CBfC/mdvKEkPqtCc=
311,-103,KxmWssVTu6qsil8EODXm0RpqCs0=,a5Ojwbx4Pq3CBfC/mdvKEkPqtCc=
310,-103,KxmWssVTu6qsil8EODXm0RpqCs0=,a5Ojwbx4Pq3CBfC/mdvKEkPqtCc=
305,-110,KxmWssVTu6qsil8EODXm0RpqCs0=,a5Ojwbx4Pq3CBfC/mdvKEkPqtCc=
309,-103,KxmWssVTu6qsil8EODXm0RpqCs0=,a5Ojwbx4Pq3CBfC/mdvKEkPqtCc=
308,-103,KxmWssVTu6qsil8EODXm0RpqCs0=,a5Ojwbx4Pq3CBfC/mdvKEkPqtCc=
307,-103,KxmWssVTu6qsil8EODXm0RpqCs0=,a5Ojwbx4Pq3CBfC/mdvKEkPqtCc=
306,-103,KxmWssVTu6qsil8EODXm0RpqCs0=,a5Ojwbx4Pq3CBfC/mdvKEkPqtCc=
304,-103,KxmWssVTu6qsil8EODXm0RpqCs0=,a5Ojwbx4Pq3CBfC/mdvKEkPqtCc=
305,-103,KxmWssVTu6qsil8EODXm0RpqCs0=,a5Ojwbx4Pq3CBfC/mdvKEkPqtCc=
306,-110,KxmWssVTu6qsil8EODXm0RpqCs0=,a5Ojwbx4Pq3CBfC/mdvKEkPqtCc=
317,-104,KxmWssVTu6qsil8EODXm0RpqCs0=,a5Ojwbx4Pq3CBfC/mdvKEkPqtCc=
319,-104,KxmWssVTu6qsil8EODXm0RpqCs0=,a5Ojwbx4Pq3CBfC/mdvKEkPqtCc=
315,-104,KxmWssVTu6qsil8EODXm0RpqCs0=,a5Ojwbx4Pq3CBfC/mdvKEkPqtCc=
316,-104,KxmWssVTu6qsil8EODXm0RpqCs0=,a5Ojwbx4Pq3CBfC/mdvKEkPqtCc=
318,-104,KxmWssVTu6qsil8EODXm0RpqCs0=,a5Ojwbx4Pq3CBfC/mdvKEkPqtCc=
314,-104,KxmWssVTu6qsil8EODXm0RpqCs0=,a5Ojwbx4Pq3CBfC/mdvKEkPqtCc=
307,-110,KxmWssVTu6qsil8EODXm0RpqCs0=,a5Ojwbx4Pq3CBfC/mdvKEkPqtCc=
313,-104,KxmWssVTu6qsil8EODXm0RpqCs0=,a5Ojwbx4Pq3CBfC/mdvKEkPqtCc=
311,-104,KxmWssVTu6qsil8EODXm0RpqCs0=,a5Ojwbx4Pq3CBfC/mdvKEkPqtCc=
310,-104,KxmWssVTu6qsil8EODXm0RpqCs0=,a5Ojwbx4Pq3CBfC/mdvKEkPqtCc=
309,-104,KxmWssVTu6qsil8EODXm0RpqCs0=,a5Ojwbx4Pq3CBfC/mdvKEkPqtCc=
308,-110,KxmWssVTu6qsil8EODXm0RpqCs0=,a5Ojwbx4Pq3CBfC/mdvKEkPqtCc=
308,-104,KxmWssVTu6qsil8EODXm0RpqCs0=,a5Ojwbx4Pq3CBfC/mdvKEkPqtCc=
312,-104,KxmWssVTu6qsil8EODXm0RpqCs0=,a5Ojwbx4Pq3CBfC/mdvKEkPqtCc=
309,-110,KxmWssVTu6qsil8EODXm0RpqCs0=,a5Ojwbx4Pq3CBfC/mdvKEkPqtCc=
306,-104,KxmWssVTu6qsil8EODXm0RpqCs0=,a5Ojwbx4Pq3CBfC/mdvKEkPqtCc=
305,-104,KxmWssVTu6qsil8EODXm0RpqCs0=,a5Ojwbx4Pq3CBfC/mdvKEkPqtCc=
304,-104,KxmWssVTu6qsil8EODXm0RpqCs0=,a5Ojwbx4Pq3CBfC/mdvKEkPqtCc=
316,-105,KxmWssVTu6qsil8EODXm0RpqCs0=,a5Ojwbx4Pq3CBfC/mdvKEkPqtCc=
318,-105,KxmWssVTu6qsil8EODXm0RpqCs0=,a5Ojwbx4Pq3CBfC/mdvKEkPqtCc=
310,-110,KxmWssVTu6qsil8EODXm0RpqCs0=,a5Ojwbx4Pq3CBfC/mdvKEkPqtCc=
319,-105,KxmWssVTu6qsil8EODXm0RpqCs0=,a5Ojwbx4Pq3CBfC/mdvKEkPqtCc=
317,-105,KxmWssVTu6qsil8EODXm0RpqCs0=,a5Ojwbx4Pq3CBfC/mdvKEkPqtCc=
307,-104,KxmWssVTu6qsil8EODXm0RpqCs0=,a5Ojwbx4Pq3CBfC/mdvKEkPqtCc=
311,-110,KxmWssVTu6qsil8EODXm0RpqCs0=,a5Ojwbx4Pq3CBfC/mdvKEkPqtCc=
314,-105,KxmWssVTu6qsil8EODXm0RpqCs0=,a5Ojwbx4Pq3CBfC/mdvKEkPqtCc=
309,-105,KxmWssVTu6qsil8EODXm0RpqCs0=,a5Ojwbx4Pq3CBfC/mdvKEkPqtCc=
313,-105,KxmWssVTu6qsil8EODXm0RpqCs0=,a5Ojwbx4Pq3CBfC/mdvKEkPqtCc=
310,-105,KxmWssVTu6qsil8EODXm0RpqCs0=,a5Ojwbx4Pq3CBfC/mdvKEkPqtCc=
311,-105,KxmWssVTu6qsil8EODXm0RpqCs0=,a5Ojwbx4Pq3CBfC/mdvKEkPqtCc=
312,-105,KxmWssVTu6qsil8EODXm0RpqCs0=,a5Ojwbx4Pq3CBfC/mdvKEkPqtCc=
312,-110,KxmWssVTu6qsil8EODXm0RpqCs0=,a5Ojwbx4Pq3CBfC/mdvKEkPqtCc=
308,-105,KxmWssVTu6qsil8EODXm0RpqCs0=,a5Ojwbx4Pq3CBfC/mdvKEkPqtCc=
305,-105,KxmWssVTu6qsil8EODXm0RpqCs0=,a5Ojwbx4Pq3CBfC/mdvKEkPqtCc=
319,-106,KxmWssVTu6qsil8EODXm0RpqCs0=,a5Ojwbx4Pq3CBfC/mdvKEkPqtCc=
306,-105,KxmWssVTu6qsil8EODXm0RpqCs0=,a5Ojwbx4Pq3CBfC/mdvKEkPqtCc=
313,-110,KxmWssVTu6qsil8EODXm0RpqCs0=,a5Ojwbx4Pq3CBfC/mdvKEkPqtCc=
318,-106,KxmWssVTu6qsil8EODXm0RpqCs0=,a5Ojwbx4Pq3CBfC/mdvKEkPqtCc=
316,-106,KxmWssVTu6qsil8EODXm0RpqCs0=,a5Ojwbx4Pq3CBfC/mdvKEkPqtCc=
317,-106,KxmWssVTu6qsil8EODXm0RpqCs0=,a5Ojwbx4Pq3CBfC/mdvKEkPqtCc=
314,-106,KxmWssVTu6qsil8EODXm0RpqCs0=,a5Ojwbx4Pq3CBfC/mdvKEkPqtCc=
315,-106,KxmWssVTu6qsil8EODXm0RpqCs0=,a5Ojwbx4Pq3CBfC/mdvKEkPqtCc=
304,-105,KxmWssVTu6qsil8EODXm0RpqCs0=,a5Ojwbx4Pq3CBfC/mdvKEkPqtCc=
307,-105,KxmWssVTu6qsil8EODXm0RpqCs0=,a5Ojwbx4Pq3CBfC/mdvKEkPqtCc=
314,-110,KxmWssVTu6qsil8EODXm0RpqCs0=,a5Ojwbx4Pq3CBfC/mdvKEkPqtCc=
313,-106,KxmWssVTu6qsil8EODXm0RpqCs0=,a5Ojwbx4Pq3CBfC/mdvKEkPqtCc=
309,-106,KxmWssVTu6qsil8EODXm0RpqCs0=,a5Ojwbx4Pq3CBfC/mdvKEkPqtCc=
312,-106,KxmWssVTu6qsil8EODXm0RpqCs0=,a5Ojwbx4Pq3CBfC/mdvKEkPqtCc=
315,-110,KxmWssVTu6qsil8EODXm0RpqCs0=,a5Ojwbx4Pq3CBfC/mdvKEkPqtCc=
311,-106,KxmWssVTu6qsil8EODXm0RpqCs0=,a5Ojwbx4Pq3CBfC/mdvKEkPqtCc=
310,-106,KxmWssVTu6qsil8EODXm0RpqCs0=,a5Ojwbx4Pq3CBfC/mdvKEkPqtCc=
308,-106,KxmWssVTu6qsil8EODXm0RpqCs0=,a5Ojwbx4Pq3CBfC/mdvKEkPqtCc=
316,-110,KxmWssVTu6qsil8EODXm0RpqCs0=,a5Ojwbx4Pq3CBfC/mdvKEkPqtCc=
319,-107,KxmWssVTu6qsil8EODXm0RpqCs0=,a5Ojwbx4Pq3CBfC/mdvKEkPqtCc=
306,-106,KxmWssVTu6qsil8EODXm0RpqCs0=,a5Ojwbx4Pq3CBfC/mdvKEkPqtCc=
305,-106,KxmWssVTu6qsil8EODXm0RpqCs0=,a5Ojwbx4Pq3CBfC/mdvKEkPqtCc=
318,-107,KxmWssVTu6qsil8EODXm0RpqCs0=,a5Ojwbx4Pq3CBfC/mdvKEkPqtCc=
307,-106,KxmWssVTu6qsil8EODXm0RpqCs0=,a5Ojwbx4Pq3CBfC/mdvKEkPqtCc=
317,-110,KxmWssVTu6qsil8EODXm0RpqCs0=,a5Ojwbx4Pq3CBfC/mdvKEkPqtCc=
304,-106,KxmWssVTu6qsil8EODXm0RpqCs0=,a5Ojwbx4Pq3CBfC/mdvKEkPqtCc=
316,-107,KxmWssVTu6qsil8EODXm0RpqCs0=,a5Ojwbx4Pq3CBfC/mdvKEkPqtCc=
317,-107,KxmWssVTu6qsil8EODXm0RpqCs0=,a5Ojwbx4Pq3CBfC/mdvKEkPqtCc=
315,-107,KxmWssVTu6qsil8EODXm0RpqCs0=,a5Ojwbx4Pq3CBfC/mdvKEkPqtCc=
313,-107,KxmWssVTu6qsil8EODXm0RpqCs0=,a5Ojwbx4Pq3CBfC/mdvKEkPqtCc=
314,-107,KxmWssVTu6qsil8EODXm0RpqCs0=,a5Ojwbx4Pq3CBfC/mdvKEkPqtCc=
310,-107,KxmWssVTu6qsil8EODXm0RpqCs0=,a5Ojwbx4Pq3CBfC/mdvKEkPqtCc=
309,-107,KxmWssVTu6qsil8EODXm0RpqCs0=,a5Ojwbx4Pq3CBfC/mdvKEkPqtCc=
318,-110,KxmWssVTu6qsil8EODXm0RpqCs0=,a5Ojwbx4Pq3CBfC/mdvKEkPqtCc=
308,-107,KxmWssVTu6qsil8EODXm0RpqCs0=,a5Ojwbx4Pq3CBfC/mdvKEkPqtCc=
307,-107,KxmWssVTu6qsil8EODXm0RpqCs0=,a5Ojwbx4Pq3CBfC/mdvKEkPqtCc=
311,-107,KxmWssVTu6qsil8EODXm0RpqCs0=,a5Ojwbx4Pq3CBfC/mdvKEkPqtCc=
312,-107,KxmWssVTu6qsil8EODXm0RpqCs0=,a5Ojwbx4Pq3CBfC/mdvKEkPqtCc=
319,-110,KxmWssVTu6qsil8EODXm0RpqCs0=,a5Ojwbx4Pq3CBfC/mdvKEkPqtCc=
305,-107,KxmWssVTu6qsil8EODXm0RpqCs0=,a5Ojwbx4Pq3CBfC/mdvKEkPqtCc=
304,-107,KxmWssVTu6qsil8EODXm0RpqCs0=,a5Ojwbx4Pq3CBfC/mdvKEkPqtCc=
319,-108,KxmWssVTu6qsil8EODXm0RpqCs0=,a5Ojwbx4Pq3CBfC/mdvKEkPqtCc=
306,-107,KxmWssVTu6qsil8EODXm0RpqCs0=,a5Ojwbx4Pq3CBfC/mdvKEkPqtCc=
318,-108,KxmWssVTu6qsil8EODXm0RpqCs0=,a5Ojwbx4Pq3CBfC/mdvKEkPqtCc=
315,-105,KxmWssVTu6qsil8EODXm0RpqCs0=,a5Ojwbx4Pq3CBfC/mdvKEkPqtCc=
317,-108,KxmWssVTu6qsil8EODXm0RpqCs0=,a5Ojwbx4Pq3CBfC/mdvKEkPqtCc=
304,-109,KxmWssVTu6qsil8EODXm0RpqCs0=,a5Ojwbx4Pq3CBfC/mdvKEkPqtCc=
314,-108,KxmWssVTu6qsil8EODXm0RpqCs0=,a5Ojwbx4Pq3CBfC/mdvKEkPqtCc=
315,-108,KxmWssVTu6qsil8EODXm0RpqCs0=,a5Ojwbx4Pq3CBfC/mdvKEkPqtCc=
313,-108,KxmWssVTu6qsil8EODXm0RpqCs0=,a5Ojwbx4Pq3CBfC/mdvKEkPqtCc=
312,-108,KxmWssVTu6qsil8EODXm0RpqCs0=,a5Ojwbx4Pq3CBfC/mdvKEkPqtCc=
316,-108,KxmWssVTu6qsil8EODXm0RpqCs0=,a5Ojwbx4Pq3CBfC/mdvKEkPqtCc=
311,-108,KxmWssVTu6qsil8EODXm0RpqCs0=,a5Ojwbx4Pq3CBfC/mdvKEkPqtCc=
310,-108,KxmWssVTu6qsil8EODXm0RpqCs0=,a5Ojwbx4Pq3CBfC/mdvKEkPqtCc=
309,-108,KxmWssVTu6qsil8EODXm0RpqCs0=,a5Ojwbx4Pq3CBfC/mdvKEkPqtCc=
307,-108,KxmWssVTu6qsil8EODXm0RpqCs0=,a5Ojwbx4Pq3CBfC/mdvKEkPqtCc=
305,-109,KxmWssVTu6qsil8EODXm0RpqCs0=,a5Ojwbx4Pq3CBfC/mdvKEkPqtCc=
306,-108,KxmWssVTu6qsil8EODXm0RpqCs0=,a5Ojwbx4Pq3CBfC/mdvKEkPqtCc=
304,-108,KxmWssVTu6qsil8EODXm0RpqCs0=,a5Ojwbx4Pq3CBfC/mdvKEkPqtCc=
318,-109,KxmWssVTu6qsil8EODXm0RpqCs0=,a5Ojwbx4Pq3CBfC/mdvKEkPqtCc=
305,-108,KxmWssVTu6qsil8EODXm0RpqCs0=,a5Ojwbx4Pq3CBfC/mdvKEkPqtCc=
308,-108,KxmWssVTu6qsil8EODXm0RpqCs0=,a5Ojwbx4Pq3CBfC/mdvKEkPqtCc=
319,-109,KxmWssVTu6qsil8EODXm0RpqCs0=,a5Ojwbx4Pq3CBfC/mdvKEkPqtCc=
316,-109,KxmWssVTu6qsil8EODXm0RpqCs0=,a5Ojwbx4Pq3CBfC/mdvKEkPqtCc=
306,-109,KxmWssVTu6qsil8EODXm0RpqCs0=,a5Ojwbx4Pq3CBfC/mdvKEkPqtCc=
317,-109,KxmWssVTu6qsil8EODXm0RpqCs0=,a5Ojwbx4Pq3CBfC/mdvKEkPqtCc=
314,-109,KxmWssVTu6qsil8EODXm0RpqCs0=,a5Ojwbx4Pq3CBfC/mdvKEkPqtCc=
310,-109,KxmWssVTu6qsil8EODXm0RpqCs0=,a5Ojwbx4Pq3CBfC/mdvKEkPqtCc=
311,-109,KxmWssVTu6qsil8EODXm0RpqCs0=,a5Ojwbx4Pq3CBfC/mdvKEkPqtCc=
307,-109,KxmWssVTu6qsil8EODXm0RpqCs0=,a5Ojwbx4Pq3CBfC/mdvKEkPqtCc=
313,-109,KxmWssVTu6qsil8EODXm0RpqCs0=,a5Ojwbx4Pq3CBfC/mdvKEkPqtCc=
309,-109,KxmWssVTu6qsil8EODXm0RpqCs0=,a5Ojwbx4Pq3CBfC/mdvKEkPqtCc=
312,-109,KxmWssVTu6qsil8EODXm0RpqCs0=,a5Ojwbx4Pq3CBfC/mdvKEkPqtCc=
315,-109,KxmWssVTu6qsil8EODXm0RpqCs0=,a5Ojwbx4Pq3CBfC/mdvKEkPqtCc=
308,-109,KxmWssVTu6qsil8EODXm0RpqCs0=,a5Ojwbx4Pq3CBfC/mdvKEkPqtCc=
