-1,-1,j1JaqZODsiLsSVxHdAExAEBaL1Y=,BhjutcquB9EZWiMg0mcJRSUdDcM=
-1,-2,Brsbf2FM8LqRC2k+i02o+sg6W14=,RFCol5A3D6Iy/iwRdgCMXLIbSQI=
-3,-1,GBhjO5kfDf662HbtGNHiHK5OJg4=,/iiIze6dy2nhZHVLiD2AtfDBTUY=
-4,-1,GBhjO5kfDf662HbtGNHiHK5OJg4=,RDsThIloElcQCO9kqf8XwjL2ixo=
-4,-3,GBhjO5kfDf662HbtGNHiHK5OJg4=,/iiIze6dy2nhZHVLiD2AtfDBTUY=
-4,-2,GBhjO5kfDf662HbtGNHiHK5OJg4=,/iiIze6dy2nhZHVLiD2AtfDBTUY=
-5,-1,GBhjO5kfDf662HbtGNHiHK5OJg4=,vKz9GLbX20SCaUQyOqhy9qOokzc=
-5,-2,GBhjO5kfDf662HbtGNHiHK5OJg4=,mL4aYvTNqNm9ldvkhWqgeYWdq1I=
-5,-3,GBhjO5kfDf662HbtGNHiHK5OJg4=,vKz9GLbX20SCaUQyOqhy9qOokzc=
-5,-4,GBhjO5kfDf662HbtGNHiHK5OJg4=,/iiIze6dy2nhZHVLiD2AtfDBTUY=
-6,-2,GBhjO5kfDf662HbtGNHiHK5OJg4=,vKz9GLbX20SCaUQyOqhy9qOokzc=
-6,-4,GBhjO5kfDf662HbtGNHiHK5OJg4=,/iiIze6dy2nhZHVLiD2AtfDBTUY=
-6,-3,GBhjO5kfDf662HbtGNHiHK5OJg4=,mL4aYvTNqNm9ldvkhWqgeYWdq1I=
-7,-3,GBhjO5kfDf662HbtGNHiHK5OJg4=,vKz9GLbX20SCaUQyOqhy9qOokzc=
