-305,128,dOw9XzyiQngR3enxLFQFWAoLL4I=,lwigf+TPjv+jbHCcKyRhfNrTE1I=
-320,128,dOw9XzyiQngR3enxLFQFWAoLL4I=,lwigf+TPjv+jbHCcKyRhfNrTE1I=
-306,129,dOw9XzyiQngR3enxLFQFWAoLL4I=,lwigf+TPjv+jbHCcKyRhfNrTE1I=
-305,143,dOw9XzyiQngR3enxLFQFWAoLL4I=,lwigf+TPjv+jbHCcKyRhfNrTE1I=
-305,129,dOw9XzyiQngR3enxLFQFWAoLL4I=,lwigf+TPjv+jbHCcKyRhfNrTE1I=
-307,143,dOw9XzyiQngR3enxLFQFWAoLL4I=,lwigf+TPjv+jbHCcKyRhfNrTE1I=
-306,143,dOw9XzyiQngR3enxLFQFWAoLL4I=,lwigf+TPjv+jbHCcKyRhfNrTE1I=
-320,130,dOw9XzyiQngR3enxLFQFWAoLL4I=,lwigf+TPjv+jbHCcKyRhfNrTE1I=
-308,143,dOw9XzyiQngR3enxLFQFWAoLL4I=,lwigf+TPjv+jbHCcKyRhfNrTE1I=
-319,130,dOw9XzyiQngR3enxLFQFWAoLL4I=,lwigf+TPjv+jbHCcKyRhfNrTE1I=
-309,143,dOw9XzyiQngR3enxLFQFWAoLL4I=,lwigf+TPjv+jbHCcKyRhfNrTE1I=
-318,130,dOw9XzyiQngR3enxLFQFWAoLL4I=,lwigf+TPjv+jbHCcKyRhfNrTE1I=
-310,143,dOw9XzyiQngR3enxLFQFWAoLL4I=,lwigf+TPjv+jbHCcKyRhfNrTE1I=
-317,130,dOw9XzyiQngR3enxLFQFWAoLL4I=,lwigf+TPjv+jbHCcKyRhfNrTE1I=
-311,143,dOw9XzyiQngR3enxLFQFWAoLL4I=,lwigf+TPjv+jbHCcKyRhfNrTE1I=
-316,130,dOw9XzyiQngR3enxLFQFWAoLL4I=,lwigf+TPjv+jbHCcKyRhfNrTE1I=
-313,143,dOw9XzyiQngR3enxLFQFWAoLL4I=,lwigf+TPjv+jbHCcKyRhfNrTE1I=
-315,130,dOw9XzyiQngR3enxLFQFWAoLL4I=,lwigf+TPjv+jbHCcKyRhfNrTE1I=
-314,130,dOw9XzyiQngR3enxLFQFWAoLL4I=,lwigf+TPjv+jbHCcKyRhfNrTE1I=
-314,143,dOw9XzyiQngR3enxLFQFWAoLL4I=,lwigf+TPjv+jbHCcKyRhfNrTE1I=
-313,130,dOw9XzyiQngR3enxLFQFWAoLL4I=,lwigf+TPjv+jbHCcKyRhfNrTE1I=
-315,143,dOw9XzyiQngR3enxLFQFWAoLL4I=,lwigf+TPjv+jbHCcKyRhfNrTE1I=
-316,143,dOw9XzyiQngR3enxLFQFWAoLL4I=,lwigf+TPjv+jbHCcKyRhfNrTE1I=
-312,143,dOw9XzyiQngR3enxLFQFWAoLL4I=,lwigf+TPjv+jbHCcKyRhfNrTE1I=
-312,130,dOw9XzyiQngR3enxLFQFWAoLL4I=,lwigf+TPjv+jbHCcKyRhfNrTE1I=
-311,130,dOw9XzyiQngR3enxLFQFWAoLL4I=,lwigf+TPjv+jbHCcKyRhfNrTE1I=
-310,130,dOw9XzyiQngR3enxLFQFWAoLL4I=,lwigf+TPjv+jbHCcKyRhfNrTE1I=
-309,130,dOw9XzyiQngR3enxLFQFWAoLL4I=,lwigf+TPjv+jbHCcKyRhfNrTE1I=
-308,130,dOw9XzyiQngR3enxLFQFWAoLL4I=,lwigf+TPjv+jbHCcKyRhfNrTE1I=
-307,130,dOw9XzyiQngR3enxLFQFWAoLL4I=,lwigf+TPjv+jbHCcKyRhfNrTE1I=
-320,129,dOw9XzyiQngR3enxLFQFWAoLL4I=,lwigf+TPjv+jbHCcKyRhfNrTE1I=
-306,130,dOw9XzyiQngR3enxLFQFWAoLL4I=,lwigf+TPjv+jbHCcKyRhfNrTE1I=
-305,130,dOw9XzyiQngR3enxLFQFWAoLL4I=,lwigf+TPjv+jbHCcKyRhfNrTE1I=
-320,131,dOw9XzyiQngR3enxLFQFWAoLL4I=,lwigf+TPjv+jbHCcKyRhfNrTE1I=
-319,131,dOw9XzyiQngR3enxLFQFWAoLL4I=,lwigf+TPjv+jbHCcKyRhfNrTE1I=
-306,128,dOw9XzyiQngR3enxLFQFWAoLL4I=,lwigf+TPjv+jbHCcKyRhfNrTE1I=
-318,131,dOw9XzyiQngR3enxLFQFWAoLL4I=,lwigf+TPjv+jbHCcKyRhfNrTE1I=
-317,131,dOw9XzyiQngR3enxLFQFWAoLL4I=,lwigf+TPjv+jbHCcKyRhfNrTE1I=
-316,131,dOw9XzyiQngR3enxLFQFWAoLL4I=,lwigf+TPjv+jbHCcKyRhfNrTE1I=
-308,128,dOw9XzyiQngR3enxLFQFWAoLL4I=,lwigf+TPjv+jbHCcKyRhfNrTE1I=
-307,128,dOw9XzyiQngR3enxLFQFWAoLL4I=,lwigf+TPjv+jbHCcKyRhfNrTE1I=
-315,131,dOw9XzyiQngR3enxLFQFWAoLL4I=,lwigf+TPjv+jbHCcKyRhfNrTE1I=
-310,128,dOw9XzyiQngR3enxLFQFWAoLL4I=,lwigf+TPjv+jbHCcKyRhfNrTE1I=
-309,128,dOw9XzyiQngR3enxLFQFWAoLL4I=,lwigf+TPjv+jbHCcKyRhfNrTE1I=
-314,131,dOw9XzyiQngR3enxLFQFWAoLL4I=,lwigf+TPjv+jbHCcKyRhfNrTE1I=
-312,128,dOw9XzyiQngR3enxLFQFWAoLL4I=,lwigf+TPjv+jbHCcKyRhfNrTE1I=
-313,131,dOw9XzyiQngR3enxLFQFWAoLL4I=,lwigf+TPjv+jbHCcKyRhfNrTE1I=
-311,128,dOw9XzyiQngR3enxLFQFWAoLL4I=,lwigf+TPjv+jbHCcKyRhfNrTE1I=
-312,131,dOw9XzyiQngR3enxLFQFWAoLL4I=,lwigf+TPjv+jbHCcKyRhfNrTE1I=
-314,128,dOw9XzyiQngR3enxLFQFWAoLL4I=,lwigf+TPjv+jbHCcKyRhfNrTE1I=
-313,128,dOw9XzyiQngR3enxLFQFWAoLL4I=,lwigf+TPjv+jbHCcKyRhfNrTE1I=
-315,128,dOw9XzyiQngR3enxLFQFWAoLL4I=,lwigf+TPjv+jbHCcKyRhfNrTE1I=
-311,131,dOw9XzyiQngR3enxLFQFWAoLL4I=,lwigf+TPjv+jbHCcKyRhfNrTE1I=
-316,128,dOw9XzyiQngR3enxLFQFWAoLL4I=,lwigf+TPjv+jbHCcKyRhfNrTE1I=
-318,128,dOw9XzyiQngR3enxLFQFWAoLL4I=,lwigf+TPjv+jbHCcKyRhfNrTE1I=
-319,128,dOw9XzyiQngR3enxLFQFWAoLL4I=,lwigf+TPjv+jbHCcKyRhfNrTE1I=
-310,131,dOw9XzyiQngR3enxLFQFWAoLL4I=,lwigf+TPjv+jbHCcKyRhfNrTE1I=
-307,129,dOw9XzyiQngR3enxLFQFWAoLL4I=,lwigf+TPjv+jbHCcKyRhfNrTE1I=
-309,131,dOw9XzyiQngR3enxLFQFWAoLL4I=,lwigf+TPjv+jbHCcKyRhfNrTE1I=
-306,142,dOw9XzyiQngR3enxLFQFWAoLL4I=,lwigf+TPjv+jbHCcKyRhfNrTE1I=
-308,131,dOw9XzyiQngR3enxLFQFWAoLL4I=,lwigf+TPjv+jbHCcKyRhfNrTE1I=
-319,129,dOw9XzyiQngR3enxLFQFWAoLL4I=,lwigf+TPjv+jbHCcKyRhfNrTE1I=
-317,128,dOw9XzyiQngR3enxLFQFWAoLL4I=,lwigf+TPjv+jbHCcKyRhfNrTE1I=
-307,142,dOw9XzyiQngR3enxLFQFWAoLL4I=,lwigf+TPjv+jbHCcKyRhfNrTE1I=
-307,131,dOw9XzyiQngR3enxLFQFWAoLL4I=,lwigf+TPjv+jbHCcKyRhfNrTE1I=
-305,142,dOw9XzyiQngR3enxLFQFWAoLL4I=,lwigf+TPjv+jbHCcKyRhfNrTE1I=
-309,142,dOw9XzyiQngR3enxLFQFWAoLL4I=,lwigf+TPjv+jbHCcKyRhfNrTE1I=
-308,142,dOw9XzyiQngR3enxLFQFWAoLL4I=,lwigf+TPjv+jbHCcKyRhfNrTE1I=
-311,142,dOw9XzyiQngR3enxLFQFWAoLL4I=,lwigf+TPjv+jbHCcKyRhfNrTE1I=
-310,142,dOw9XzyiQngR3enxLFQFWAoLL4I=,lwigf+TPjv+jbHCcKyRhfNrTE1I=
-312,142,dOw9XzyiQngR3enxLFQFWAoLL4I=,lwigf+TPjv+jbHCcKyRhfNrTE1I=
-313,142,dOw9XzyiQngR3enxLFQFWAoLL4I=,lwigf+TPjv+jbHCcKyRhfNrTE1I=
-315,142,dOw9XzyiQngR3enxLFQFWAoLL4I=,lwigf+TPjv+jbHCcKyRhfNrTE1I=
-318,142,dOw9XzyiQngR3enxLFQFWAoLL4I=,lwigf+TPjv+jbHCcKyRhfNrTE1I=
-308,129,dOw9XzyiQngR3enxLFQFWAoLL4I=,lwigf+TPjv+jbHCcKyRhfNrTE1I=
-318,143,dOw9XzyiQngR3enxLFQFWAoLL4I=,lwigf+TPjv+jbHCcKyRhfNrTE1I=
-305,141,dOw9XzyiQngR3enxLFQFWAoLL4I=,lwigf+TPjv+jbHCcKyRhfNrTE1I=
-307,141,dOw9XzyiQngR3enxLFQFWAoLL4I=,lwigf+TPjv+jbHCcKyRhfNrTE1I=
-306,141,dOw9XzyiQngR3enxLFQFWAoLL4I=,lwigf+TPjv+jbHCcKyRhfNrTE1I=
-308,141,dOw9XzyiQngR3enxLFQFWAoLL4I=,lwigf+TPjv+jbHCcKyRhfNrTE1I=
-309,141,dOw9XzyiQngR3enxLFQFWAoLL4I=,lwigf+TPjv+jbHCcKyRhfNrTE1I=
-311,141,dOw9XzyiQngR3enxLFQFWAoLL4I=,lwigf+TPjv+jbHCcKyRhfNrTE1I=
-310,141,dOw9XzyiQngR3enxLFQFWAoLL4I=,lwigf+TPjv+jbHCcKyRhfNrTE1I=
-312,141,dOw9XzyiQngR3enxLFQFWAoLL4I=,lwigf+TPjv+jbHCcKyRhfNrTE1I=
-313,141,dOw9XzyiQngR3enxLFQFWAoLL4I=,lwigf+TPjv+jbHCcKyRhfNrTE1I=
-314,141,dOw9XzyiQngR3enxLFQFWAoLL4I=,lwigf+TPjv+jbHCcKyRhfNrTE1I=
-315,141,dOw9XzyiQngR3enxLFQFWAoLL4I=,lwigf+TPjv+jbHCcKyRhfNrTE1I=
-316,141,dOw9XzyiQngR3enxLFQFWAoLL4I=,lwigf+TPjv+jbHCcKyRhfNrTE1I=
-317,141,dOw9XzyiQngR3enxLFQFWAoLL4I=,lwigf+TPjv+jbHCcKyRhfNrTE1I=
-309,129,dOw9XzyiQngR3enxLFQFWAoLL4I=,lwigf+TPjv+jbHCcKyRhfNrTE1I=
-320,142,dOw9XzyiQngR3enxLFQFWAoLL4I=,lwigf+TPjv+jbHCcKyRhfNrTE1I=
-319,142,dOw9XzyiQngR3enxLFQFWAoLL4I=,lwigf+TPjv+jbHCcKyRhfNrTE1I=
-319,143,dOw9XzyiQngR3enxLFQFWAoLL4I=,lwigf+TPjv+jbHCcKyRhfNrTE1I=
-305,140,dOw9XzyiQngR3enxLFQFWAoLL4I=,lwigf+TPjv+jbHCcKyRhfNrTE1I=
-306,140,dOw9XzyiQngR3enxLFQFWAoLL4I=,lwigf+TPjv+jbHCcKyRhfNrTE1I=
-307,140,dOw9XzyiQngR3enxLFQFWAoLL4I=,lwigf+TPjv+jbHCcKyRhfNrTE1I=
-308,140,dOw9XzyiQngR3enxLFQFWAoLL4I=,lwigf+TPjv+jbHCcKyRhfNrTE1I=
-317,143,dOw9XzyiQngR3enxLFQFWAoLL4I=,lwigf+TPjv+jbHCcKyRhfNrTE1I=
-320,141,dOw9XzyiQngR3enxLFQFWAoLL4I=,lwigf+TPjv+jbHCcKyRhfNrTE1I=
-311,140,dOw9XzyiQngR3enxLFQFWAoLL4I=,lwigf+TPjv+jbHCcKyRhfNrTE1I=
-312,140,dOw9XzyiQngR3enxLFQFWAoLL4I=,lwigf+TPjv+jbHCcKyRhfNrTE1I=
-320,143,dOw9XzyiQngR3enxLFQFWAoLL4I=,lwigf+TPjv+jbHCcKyRhfNrTE1I=
-313,140,dOw9XzyiQngR3enxLFQFWAoLL4I=,lwigf+TPjv+jbHCcKyRhfNrTE1I=
-314,140,dOw9XzyiQngR3enxLFQFWAoLL4I=,lwigf+TPjv+jbHCcKyRhfNrTE1I=
-310,129,dOw9XzyiQngR3enxLFQFWAoLL4I=,lwigf+TPjv+jbHCcKyRhfNrTE1I=
-317,142,dOw9XzyiQngR3enxLFQFWAoLL4I=,lwigf+TPjv+jbHCcKyRhfNrTE1I=
-319,141,dOw9XzyiQngR3enxLFQFWAoLL4I=,lwigf+TPjv+jbHCcKyRhfNrTE1I=
-318,141,dOw9XzyiQngR3enxLFQFWAoLL4I=,lwigf+TPjv+jbHCcKyRhfNrTE1I=
-309,140,dOw9XzyiQngR3enxLFQFWAoLL4I=,lwigf+TPjv+jbHCcKyRhfNrTE1I=
-305,139,dOw9XzyiQngR3enxLFQFWAoLL4I=,lwigf+TPjv+jbHCcKyRhfNrTE1I=
-306,139,dOw9XzyiQngR3enxLFQFWAoLL4I=,lwigf+TPjv+jbHCcKyRhfNrTE1I=
-310,140,dOw9XzyiQngR3enxLFQFWAoLL4I=,lwigf+TPjv+jbHCcKyRhfNrTE1I=
-308,139,dOw9XzyiQngR3enxLFQFWAoLL4I=,lwigf+TPjv+jbHCcKyRhfNrTE1I=
-314,142,dOw9XzyiQngR3enxLFQFWAoLL4I=,lwigf+TPjv+jbHCcKyRhfNrTE1I=
-316,142,dOw9XzyiQngR3enxLFQFWAoLL4I=,lwigf+TPjv+jbHCcKyRhfNrTE1I=
-316,140,dOw9XzyiQngR3enxLFQFWAoLL4I=,lwigf+TPjv+jbHCcKyRhfNrTE1I=
-306,131,dOw9XzyiQngR3enxLFQFWAoLL4I=,lwigf+TPjv+jbHCcKyRhfNrTE1I=
-305,131,dOw9XzyiQngR3enxLFQFWAoLL4I=,lwigf+TPjv+jbHCcKyRhfNrTE1I=
-320,132,dOw9XzyiQngR3enxLFQFWAoLL4I=,lwigf+TPjv+jbHCcKyRhfNrTE1I=
-319,132,dOw9XzyiQngR3enxLFQFWAoLL4I=,lwigf+TPjv+jbHCcKyRhfNrTE1I=
-318,132,dOw9XzyiQngR3enxLFQFWAoLL4I=,lwigf+TPjv+jbHCcKyRhfNrTE1I=
-317,132,dOw9XzyiQngR3enxLFQFWAoLL4I=,lwigf+TPjv+jbHCcKyRhfNrTE1I=
-316,132,dOw9XzyiQngR3enxLFQFWAoLL4I=,lwigf+TPjv+jbHCcKyRhfNrTE1I=
-315,132,dOw9XzyiQngR3enxLFQFWAoLL4I=,lwigf+TPjv+jbHCcKyRhfNrTE1I=
-314,132,dOw9XzyiQngR3enxLFQFWAoLL4I=,lwigf+TPjv+jbHCcKyRhfNrTE1I=
-313,132,dOw9XzyiQngR3enxLFQFWAoLL4I=,lwigf+TPjv+jbHCcKyRhfNrTE1I=
-312,132,dOw9XzyiQngR3enxLFQFWAoLL4I=,lwigf+TPjv+jbHCcKyRhfNrTE1I=
-311,132,dOw9XzyiQngR3enxLFQFWAoLL4I=,lwigf+TPjv+jbHCcKyRhfNrTE1I=
-310,132,dOw9XzyiQngR3enxLFQFWAoLL4I=,lwigf+TPjv+jbHCcKyRhfNrTE1I=
-309,132,dOw9XzyiQngR3enxLFQFWAoLL4I=,lwigf+TPjv+jbHCcKyRhfNrTE1I=
-318,129,dOw9XzyiQngR3enxLFQFWAoLL4I=,lwigf+TPjv+jbHCcKyRhfNrTE1I=
-308,132,dOw9XzyiQngR3enxLFQFWAoLL4I=,lwigf+TPjv+jbHCcKyRhfNrTE1I=
-309,139,dOw9XzyiQngR3enxLFQFWAoLL4I=,lwigf+TPjv+jbHCcKyRhfNrTE1I=
-315,140,dOw9XzyiQngR3enxLFQFWAoLL4I=,lwigf+TPjv+jbHCcKyRhfNrTE1I=
-319,140,dOw9XzyiQngR3enxLFQFWAoLL4I=,lwigf+TPjv+jbHCcKyRhfNrTE1I=
-315,139,dOw9XzyiQngR3enxLFQFWAoLL4I=,lwigf+TPjv+jbHCcKyRhfNrTE1I=
-311,129,dOw9XzyiQngR3enxLFQFWAoLL4I=,lwigf+TPjv+jbHCcKyRhfNrTE1I=
-318,140,dOw9XzyiQngR3enxLFQFWAoLL4I=,lwigf+TPjv+jbHCcKyRhfNrTE1I=
-310,139,dOw9XzyiQngR3enxLFQFWAoLL4I=,lwigf+TPjv+jbHCcKyRhfNrTE1I=
-307,139,dOw9XzyiQngR3enxLFQFWAoLL4I=,lwigf+TPjv+jbHCcKyRhfNrTE1I=
-320,140,dOw9XzyiQngR3enxLFQFWAoLL4I=,lwigf+TPjv+jbHCcKyRhfNrTE1I=
-320,139,dOw9XzyiQngR3enxLFQFWAoLL4I=,lwigf+TPjv+jbHCcKyRhfNrTE1I=
-317,140,dOw9XzyiQngR3enxLFQFWAoLL4I=,lwigf+TPjv+jbHCcKyRhfNrTE1I=
-306,138,dOw9XzyiQngR3enxLFQFWAoLL4I=,lwigf+TPjv+jbHCcKyRhfNrTE1I=
-311,139,dOw9XzyiQngR3enxLFQFWAoLL4I=,lwigf+TPjv+jbHCcKyRhfNrTE1I=
-313,139,dOw9XzyiQngR3enxLFQFWAoLL4I=,lwigf+TPjv+jbHCcKyRhfNrTE1I=
-310,138,dOw9XzyiQngR3enxLFQFWAoLL4I=,lwigf+TPjv+jbHCcKyRhfNrTE1I=
-311,138,dOw9XzyiQngR3enxLFQFWAoLL4I=,lwigf+TPjv+jbHCcKyRhfNrTE1I=
-316,139,dOw9XzyiQngR3enxLFQFWAoLL4I=,lwigf+TPjv+jbHCcKyRhfNrTE1I=
-319,139,dOw9XzyiQngR3enxLFQFWAoLL4I=,lwigf+TPjv+jbHCcKyRhfNrTE1I=
-312,129,dOw9XzyiQngR3enxLFQFWAoLL4I=,lwigf+TPjv+jbHCcKyRhfNrTE1I=
-316,138,dOw9XzyiQngR3enxLFQFWAoLL4I=,lwigf+TPjv+jbHCcKyRhfNrTE1I=
-314,139,dOw9XzyiQngR3enxLFQFWAoLL4I=,lwigf+TPjv+jbHCcKyRhfNrTE1I=
-318,139,dOw9XzyiQngR3enxLFQFWAoLL4I=,lwigf+TPjv+jbHCcKyRhfNrTE1I=
-319,138,dOw9XzyiQngR3enxLFQFWAoLL4I=,lwigf+TPjv+jbHCcKyRhfNrTE1I=
-320,138,dOw9XzyiQngR3enxLFQFWAoLL4I=,lwigf+TPjv+jbHCcKyRhfNrTE1I=
-312,138,dOw9XzyiQngR3enxLFQFWAoLL4I=,lwigf+TPjv+jbHCcKyRhfNrTE1I=
-306,137,dOw9XzyiQngR3enxLFQFWAoLL4I=,lwigf+TPjv+jbHCcKyRhfNrTE1I=
-307,132,dOw9XzyiQngR3enxLFQFWAoLL4I=,lwigf+TPjv+jbHCcKyRhfNrTE1I=
-308,138,dOw9XzyiQngR3enxLFQFWAoLL4I=,lwigf+TPjv+jbHCcKyRhfNrTE1I=
-314,138,dOw9XzyiQngR3enxLFQFWAoLL4I=,lwigf+TPjv+jbHCcKyRhfNrTE1I=
-309,137,dOw9XzyiQngR3enxLFQFWAoLL4I=,lwigf+TPjv+jbHCcKyRhfNrTE1I=
-310,137,dOw9XzyiQngR3enxLFQFWAoLL4I=,lwigf+TPjv+jbHCcKyRhfNrTE1I=
-309,138,dOw9XzyiQngR3enxLFQFWAoLL4I=,lwigf+TPjv+jbHCcKyRhfNrTE1I=
-315,138,dOw9XzyiQngR3enxLFQFWAoLL4I=,lwigf+TPjv+jbHCcKyRhfNrTE1I=
-307,138,dOw9XzyiQngR3enxLFQFWAoLL4I=,lwigf+TPjv+jbHCcKyRhfNrTE1I=
-313,129,dOw9XzyiQngR3enxLFQFWAoLL4I=,lwigf+TPjv+jbHCcKyRhfNrTE1I=
-312,137,dOw9XzyiQngR3enxLFQFWAoLL4I=,lwigf+TPjv+jbHCcKyRhfNrTE1I=
-311,137,dOw9XzyiQngR3enxLFQFWAoLL4I=,lwigf+TPjv+jbHCcKyRhfNrTE1I=
-316,137,dOw9XzyiQngR3enxLFQFWAoLL4I=,lwigf+TPjv+jbHCcKyRhfNrTE1I=
-307,137,dOw9XzyiQngR3enxLFQFWAoLL4I=,lwigf+TPjv+jbHCcKyRhfNrTE1I=
-318,137,dOw9XzyiQngR3enxLFQFWAoLL4I=,lwigf+TPjv+jbHCcKyRhfNrTE1I=
-319,137,dOw9XzyiQngR3enxLFQFWAoLL4I=,lwigf+TPjv+jbHCcKyRhfNrTE1I=
-320,137,dOw9XzyiQngR3enxLFQFWAoLL4I=,lwigf+TPjv+jbHCcKyRhfNrTE1I=
-313,138,dOw9XzyiQngR3enxLFQFWAoLL4I=,lwigf+TPjv+jbHCcKyRhfNrTE1I=
-318,138,dOw9XzyiQngR3enxLFQFWAoLL4I=,lwigf+TPjv+jbHCcKyRhfNrTE1I=
-307,136,dOw9XzyiQngR3enxLFQFWAoLL4I=,lwigf+TPjv+jbHCcKyRhfNrTE1I=
-317,139,dOw9XzyiQngR3enxLFQFWAoLL4I=,lwigf+TPjv+jbHCcKyRhfNrTE1I=
-305,137,dOw9XzyiQngR3enxLFQFWAoLL4I=,lwigf+TPjv+jbHCcKyRhfNrTE1I=
-317,138,dOw9XzyiQngR3enxLFQFWAoLL4I=,lwigf+TPjv+jbHCcKyRhfNrTE1I=
-311,136,dOw9XzyiQngR3enxLFQFWAoLL4I=,lwigf+TPjv+jbHCcKyRhfNrTE1I=
-306,132,dOw9XzyiQngR3enxLFQFWAoLL4I=,lwigf+TPjv+jbHCcKyRhfNrTE1I=
-305,132,dOw9XzyiQngR3enxLFQFWAoLL4I=,lwigf+TPjv+jbHCcKyRhfNrTE1I=
-320,133,dOw9XzyiQngR3enxLFQFWAoLL4I=,lwigf+TPjv+jbHCcKyRhfNrTE1I=
-319,133,dOw9XzyiQngR3enxLFQFWAoLL4I=,lwigf+TPjv+jbHCcKyRhfNrTE1I=
-318,133,dOw9XzyiQngR3enxLFQFWAoLL4I=,lwigf+TPjv+jbHCcKyRhfNrTE1I=
-317,133,dOw9XzyiQngR3enxLFQFWAoLL4I=,lwigf+TPjv+jbHCcKyRhfNrTE1I=
-316,133,dOw9XzyiQngR3enxLFQFWAoLL4I=,lwigf+TPjv+jbHCcKyRhfNrTE1I=
-315,133,dOw9XzyiQngR3enxLFQFWAoLL4I=,lwigf+TPjv+jbHCcKyRhfNrTE1I=
-314,133,dOw9XzyiQngR3enxLFQFWAoLL4I=,lwigf+TPjv+jbHCcKyRhfNrTE1I=
-313,133,dOw9XzyiQngR3enxLFQFWAoLL4I=,lwigf+TPjv+jbHCcKyRhfNrTE1I=
-312,133,dOw9XzyiQngR3enxLFQFWAoLL4I=,lwigf+TPjv+jbHCcKyRhfNrTE1I=
-311,133,dOw9XzyiQngR3enxLFQFWAoLL4I=,lwigf+TPjv+jbHCcKyRhfNrTE1I=
-310,133,dOw9XzyiQngR3enxLFQFWAoLL4I=,lwigf+TPjv+jbHCcKyRhfNrTE1I=
-317,129,dOw9XzyiQngR3enxLFQFWAoLL4I=,lwigf+TPjv+jbHCcKyRhfNrTE1I=
-309,133,dOw9XzyiQngR3enxLFQFWAoLL4I=,lwigf+TPjv+jbHCcKyRhfNrTE1I=
-308,133,dOw9XzyiQngR3enxLFQFWAoLL4I=,lwigf+TPjv+jbHCcKyRhfNrTE1I=
-308,137,dOw9XzyiQngR3enxLFQFWAoLL4I=,lwigf+TPjv+jbHCcKyRhfNrTE1I=
-314,129,dOw9XzyiQngR3enxLFQFWAoLL4I=,lwigf+TPjv+jbHCcKyRhfNrTE1I=
-312,136,dOw9XzyiQngR3enxLFQFWAoLL4I=,lwigf+TPjv+jbHCcKyRhfNrTE1I=
-305,136,dOw9XzyiQngR3enxLFQFWAoLL4I=,lwigf+TPjv+jbHCcKyRhfNrTE1I=
-315,136,dOw9XzyiQngR3enxLFQFWAoLL4I=,lwigf+TPjv+jbHCcKyRhfNrTE1I=
-316,136,dOw9XzyiQngR3enxLFQFWAoLL4I=,lwigf+TPjv+jbHCcKyRhfNrTE1I=
-317,136,dOw9XzyiQngR3enxLFQFWAoLL4I=,lwigf+TPjv+jbHCcKyRhfNrTE1I=
-318,136,dOw9XzyiQngR3enxLFQFWAoLL4I=,lwigf+TPjv+jbHCcKyRhfNrTE1I=
-319,136,dOw9XzyiQngR3enxLFQFWAoLL4I=,lwigf+TPjv+jbHCcKyRhfNrTE1I=
-320,136,dOw9XzyiQngR3enxLFQFWAoLL4I=,lwigf+TPjv+jbHCcKyRhfNrTE1I=
-315,137,dOw9XzyiQngR3enxLFQFWAoLL4I=,lwigf+TPjv+jbHCcKyRhfNrTE1I=
-310,136,dOw9XzyiQngR3enxLFQFWAoLL4I=,lwigf+TPjv+jbHCcKyRhfNrTE1I=
-313,137,dOw9XzyiQngR3enxLFQFWAoLL4I=,lwigf+TPjv+jbHCcKyRhfNrTE1I=
-309,136,dOw9XzyiQngR3enxLFQFWAoLL4I=,lwigf+TPjv+jbHCcKyRhfNrTE1I=
-317,137,dOw9XzyiQngR3enxLFQFWAoLL4I=,lwigf+TPjv+jbHCcKyRhfNrTE1I=
-310,135,dOw9XzyiQngR3enxLFQFWAoLL4I=,lwigf+TPjv+jbHCcKyRhfNrTE1I=
-309,135,dOw9XzyiQngR3enxLFQFWAoLL4I=,lwigf+TPjv+jbHCcKyRhfNrTE1I=
-315,129,dOw9XzyiQngR3enxLFQFWAoLL4I=,lwigf+TPjv+jbHCcKyRhfNrTE1I=
-312,135,dOw9XzyiQngR3enxLFQFWAoLL4I=,lwigf+TPjv+jbHCcKyRhfNrTE1I=
-313,135,dOw9XzyiQngR3enxLFQFWAoLL4I=,lwigf+TPjv+jbHCcKyRhfNrTE1I=
-315,135,dOw9XzyiQngR3enxLFQFWAoLL4I=,lwigf+TPjv+jbHCcKyRhfNrTE1I=
-316,135,dOw9XzyiQngR3enxLFQFWAoLL4I=,lwigf+TPjv+jbHCcKyRhfNrTE1I=
-314,135,dOw9XzyiQngR3enxLFQFWAoLL4I=,lwigf+TPjv+jbHCcKyRhfNrTE1I=
-317,135,dOw9XzyiQngR3enxLFQFWAoLL4I=,lwigf+TPjv+jbHCcKyRhfNrTE1I=
-318,135,dOw9XzyiQngR3enxLFQFWAoLL4I=,lwigf+TPjv+jbHCcKyRhfNrTE1I=
-319,135,dOw9XzyiQngR3enxLFQFWAoLL4I=,lwigf+TPjv+jbHCcKyRhfNrTE1I=
-320,135,dOw9XzyiQngR3enxLFQFWAoLL4I=,lwigf+TPjv+jbHCcKyRhfNrTE1I=
-306,136,dOw9XzyiQngR3enxLFQFWAoLL4I=,lwigf+TPjv+jbHCcKyRhfNrTE1I=
-305,134,dOw9XzyiQngR3enxLFQFWAoLL4I=,lwigf+TPjv+jbHCcKyRhfNrTE1I=
-313,136,dOw9XzyiQngR3enxLFQFWAoLL4I=,lwigf+TPjv+jbHCcKyRhfNrTE1I=
-308,136,dOw9XzyiQngR3enxLFQFWAoLL4I=,lwigf+TPjv+jbHCcKyRhfNrTE1I=
-307,133,dOw9XzyiQngR3enxLFQFWAoLL4I=,lwigf+TPjv+jbHCcKyRhfNrTE1I=
-306,133,dOw9XzyiQngR3enxLFQFWAoLL4I=,lwigf+TPjv+jbHCcKyRhfNrTE1I=
-305,133,dOw9XzyiQngR3enxLFQFWAoLL4I=,lwigf+TPjv+jbHCcKyRhfNrTE1I=
-320,134,dOw9XzyiQngR3enxLFQFWAoLL4I=,lwigf+TPjv+jbHCcKyRhfNrTE1I=
-318,134,dOw9XzyiQngR3enxLFQFWAoLL4I=,lwigf+TPjv+jbHCcKyRhfNrTE1I=
-319,134,dOw9XzyiQngR3enxLFQFWAoLL4I=,lwigf+TPjv+jbHCcKyRhfNrTE1I=
-317,134,dOw9XzyiQngR3enxLFQFWAoLL4I=,lwigf+TPjv+jbHCcKyRhfNrTE1I=
-316,134,dOw9XzyiQngR3enxLFQFWAoLL4I=,lwigf+TPjv+jbHCcKyRhfNrTE1I=
-315,134,dOw9XzyiQngR3enxLFQFWAoLL4I=,lwigf+TPjv+jbHCcKyRhfNrTE1I=
-314,134,dOw9XzyiQngR3enxLFQFWAoLL4I=,lwigf+TPjv+jbHCcKyRhfNrTE1I=
-313,134,dOw9XzyiQngR3enxLFQFWAoLL4I=,lwigf+TPjv+jbHCcKyRhfNrTE1I=
-312,134,dOw9XzyiQngR3enxLFQFWAoLL4I=,lwigf+TPjv+jbHCcKyRhfNrTE1I=
-311,134,dOw9XzyiQngR3enxLFQFWAoLL4I=,lwigf+TPjv+jbHCcKyRhfNrTE1I=
-316,129,dOw9XzyiQngR3enxLFQFWAoLL4I=,lwigf+TPjv+jbHCcKyRhfNrTE1I=
-311,135,dOw9XzyiQngR3enxLFQFWAoLL4I=,lwigf+TPjv+jbHCcKyRhfNrTE1I=
-307,135,dOw9XzyiQngR3enxLFQFWAoLL4I=,lwigf+TPjv+jbHCcKyRhfNrTE1I=
-314,136,dOw9XzyiQngR3enxLFQFWAoLL4I=,lwigf+TPjv+jbHCcKyRhfNrTE1I=
-308,135,dOw9XzyiQngR3enxLFQFWAoLL4I=,lwigf+TPjv+jbHCcKyRhfNrTE1I=
-314,137,dOw9XzyiQngR3enxLFQFWAoLL4I=,lwigf+TPjv+jbHCcKyRhfNrTE1I=
-310,134,dOw9XzyiQngR3enxLFQFWAoLL4I=,lwigf+TPjv+jbHCcKyRhfNrTE1I=
-306,135,dOw9XzyiQngR3enxLFQFWAoLL4I=,lwigf+TPjv+jbHCcKyRhfNrTE1I=
-305,135,dOw9XzyiQngR3enxLFQFWAoLL4I=,lwigf+TPjv+jbHCcKyRhfNrTE1I=
-309,134,dOw9XzyiQngR3enxLFQFWAoLL4I=,lwigf+TPjv+jbHCcKyRhfNrTE1I=
-312,139,dOw9XzyiQngR3enxLFQFWAoLL4I=,lwigf+TPjv+jbHCcKyRhfNrTE1I=
-306,134,dOw9XzyiQngR3enxLFQFWAoLL4I=,lwigf+TPjv+jbHCcKyRhfNrTE1I=
-307,134,dOw9XzyiQngR3enxLFQFWAoLL4I=,lwigf+TPjv+jbHCcKyRhfNrTE1I=
-308,134,dOw9XzyiQngR3enxLFQFWAoLL4I=,lwigf+TPjv+jbHCcKyRhfNrTE1I=
-305,138,dOw9XzyiQngR3enxLFQFWAoLL4I=,lwigf+TPjv+jbHCcKyRhfNrTE1I=
-289,128,dOw9XzyiQngR3enxLFQFWAoLL4I=,lwigf+TPjv+jbHCcKyRhfNrTE1I=
-289,143,dOw9XzyiQngR3enxLFQFWAoLL4I=,lwigf+TPjv+jbHCcKyRhfNrTE1I=
-291,143,dOw9XzyiQngR3enxLFQFWAoLL4I=,lwigf+TPjv+jbHCcKyRhfNrTE1I=
-290,143,dOw9XzyiQngR3enxLFQFWAoLL4I=,lwigf+TPjv+jbHCcKyRhfNrTE1I=
-292,143,GbLk+MWC4vnb3F7piefXcOvIncU=,lwigf+TPjv+jbHCcKyRhfNrTE1I=
-293,143,GbLk+MWC4vnb3F7piefXcOvIncU=,lwigf+TPjv+jbHCcKyRhfNrTE1I=
-295,143,GbLk+MWC4vnb3F7piefXcOvIncU=,lwigf+TPjv+jbHCcKyRhfNrTE1I=
-296,143,GbLk+MWC4vnb3F7piefXcOvIncU=,lwigf+TPjv+jbHCcKyRhfNrTE1I=
-304,129,GbLk+MWC4vnb3F7piefXcOvIncU=,lwigf+TPjv+jbHCcKyRhfNrTE1I=
-298,143,GbLk+MWC4vnb3F7piefXcOvIncU=,lwigf+TPjv+jbHCcKyRhfNrTE1I=
-297,143,GbLk+MWC4vnb3F7piefXcOvIncU=,lwigf+TPjv+jbHCcKyRhfNrTE1I=
-304,128,GbLk+MWC4vnb3F7piefXcOvIncU=,lwigf+TPjv+jbHCcKyRhfNrTE1I=
-300,143,GbLk+MWC4vnb3F7piefXcOvIncU=,lwigf+TPjv+jbHCcKyRhfNrTE1I=
-299,143,GbLk+MWC4vnb3F7piefXcOvIncU=,lwigf+TPjv+jbHCcKyRhfNrTE1I=
-294,143,GbLk+MWC4vnb3F7piefXcOvIncU=,lwigf+TPjv+jbHCcKyRhfNrTE1I=
-303,129,GbLk+MWC4vnb3F7piefXcOvIncU=,lwigf+TPjv+jbHCcKyRhfNrTE1I=
-301,143,GbLk+MWC4vnb3F7piefXcOvIncU=,lwigf+TPjv+jbHCcKyRhfNrTE1I=
-302,143,GbLk+MWC4vnb3F7piefXcOvIncU=,lwigf+TPjv+jbHCcKyRhfNrTE1I=
-304,143,GbLk+MWC4vnb3F7piefXcOvIncU=,lwigf+TPjv+jbHCcKyRhfNrTE1I=
-289,142,GbLk+MWC4vnb3F7piefXcOvIncU=,lwigf+TPjv+jbHCcKyRhfNrTE1I=
-303,143,GbLk+MWC4vnb3F7piefXcOvIncU=,lwigf+TPjv+jbHCcKyRhfNrTE1I=
-292,142,GbLk+MWC4vnb3F7piefXcOvIncU=,lwigf+TPjv+jbHCcKyRhfNrTE1I=
-290,142,GbLk+MWC4vnb3F7piefXcOvIncU=,lwigf+TPjv+jbHCcKyRhfNrTE1I=
-293,142,GbLk+MWC4vnb3F7piefXcOvIncU=,lwigf+TPjv+jbHCcKyRhfNrTE1I=
-294,142,GbLk+MWC4vnb3F7piefXcOvIncU=,lwigf+TPjv+jbHCcKyRhfNrTE1I=
-296,142,GbLk+MWC4vnb3F7piefXcOvIncU=,lwigf+TPjv+jbHCcKyRhfNrTE1I=
-297,142,GbLk+MWC4vnb3F7piefXcOvIncU=,lwigf+TPjv+jbHCcKyRhfNrTE1I=
-291,142,GbLk+MWC4vnb3F7piefXcOvIncU=,lwigf+TPjv+jbHCcKyRhfNrTE1I=
-295,142,GbLk+MWC4vnb3F7piefXcOvIncU=,lwigf+TPjv+jbHCcKyRhfNrTE1I=
-299,142,GbLk+MWC4vnb3F7piefXcOvIncU=,lwigf+TPjv+jbHCcKyRhfNrTE1I=
-298,142,GbLk+MWC4vnb3F7piefXcOvIncU=,lwigf+TPjv+jbHCcKyRhfNrTE1I=
-300,142,GbLk+MWC4vnb3F7piefXcOvIncU=,lwigf+TPjv+jbHCcKyRhfNrTE1I=
-301,142,GbLk+MWC4vnb3F7piefXcOvIncU=,lwigf+TPjv+jbHCcKyRhfNrTE1I=
-302,142,GbLk+MWC4vnb3F7piefXcOvIncU=,lwigf+TPjv+jbHCcKyRhfNrTE1I=
-304,142,GbLk+MWC4vnb3F7piefXcOvIncU=,lwigf+TPjv+jbHCcKyRhfNrTE1I=
-303,142,GbLk+MWC4vnb3F7piefXcOvIncU=,lwigf+TPjv+jbHCcKyRhfNrTE1I=
-290,128,GbLk+MWC4vnb3F7piefXcOvIncU=,lwigf+TPjv+jbHCcKyRhfNrTE1I=
-289,141,GbLk+MWC4vnb3F7piefXcOvIncU=,lwigf+TPjv+jbHCcKyRhfNrTE1I=
-291,141,GbLk+MWC4vnb3F7piefXcOvIncU=,lwigf+TPjv+jbHCcKyRhfNrTE1I=
-292,141,GbLk+MWC4vnb3F7piefXcOvIncU=,lwigf+TPjv+jbHCcKyRhfNrTE1I=
-290,141,GbLk+MWC4vnb3F7piefXcOvIncU=,lwigf+TPjv+jbHCcKyRhfNrTE1I=
-294,141,GbLk+MWC4vnb3F7piefXcOvIncU=,lwigf+TPjv+jbHCcKyRhfNrTE1I=
-295,141,GbLk+MWC4vnb3F7piefXcOvIncU=,lwigf+TPjv+jbHCcKyRhfNrTE1I=
-296,141,GbLk+MWC4vnb3F7piefXcOvIncU=,lwigf+TPjv+jbHCcKyRhfNrTE1I=
-293,141,GbLk+MWC4vnb3F7piefXcOvIncU=,lwigf+TPjv+jbHCcKyRhfNrTE1I=
-297,141,GbLk+MWC4vnb3F7piefXcOvIncU=,lwigf+TPjv+jbHCcKyRhfNrTE1I=
-298,141,GbLk+MWC4vnb3F7piefXcOvIncU=,lwigf+TPjv+jbHCcKyRhfNrTE1I=
-300,141,GbLk+MWC4vnb3F7piefXcOvIncU=,lwigf+TPjv+jbHCcKyRhfNrTE1I=
-302,141,GbLk+MWC4vnb3F7piefXcOvIncU=,lwigf+TPjv+jbHCcKyRhfNrTE1I=
-303,141,GbLk+MWC4vnb3F7piefXcOvIncU=,lwigf+TPjv+jbHCcKyRhfNrTE1I=
-301,141,GbLk+MWC4vnb3F7piefXcOvIncU=,lwigf+TPjv+jbHCcKyRhfNrTE1I=
-304,141,GbLk+MWC4vnb3F7piefXcOvIncU=,lwigf+TPjv+jbHCcKyRhfNrTE1I=
-299,141,GbLk+MWC4vnb3F7piefXcOvIncU=,lwigf+TPjv+jbHCcKyRhfNrTE1I=
-289,140,GbLk+MWC4vnb3F7piefXcOvIncU=,lwigf+TPjv+jbHCcKyRhfNrTE1I=
-291,140,GbLk+MWC4vnb3F7piefXcOvIncU=,lwigf+TPjv+jbHCcKyRhfNrTE1I=
-291,128,GbLk+MWC4vnb3F7piefXcOvIncU=,lwigf+TPjv+jbHCcKyRhfNrTE1I=
-293,140,GbLk+MWC4vnb3F7piefXcOvIncU=,lwigf+TPjv+jbHCcKyRhfNrTE1I=
-295,140,GbLk+MWC4vnb3F7piefXcOvIncU=,lwigf+TPjv+jbHCcKyRhfNrTE1I=
-292,140,GbLk+MWC4vnb3F7piefXcOvIncU=,lwigf+TPjv+jbHCcKyRhfNrTE1I=
-294,140,GbLk+MWC4vnb3F7piefXcOvIncU=,lwigf+TPjv+jbHCcKyRhfNrTE1I=
-296,140,GbLk+MWC4vnb3F7piefXcOvIncU=,lwigf+TPjv+jbHCcKyRhfNrTE1I=
-290,140,GbLk+MWC4vnb3F7piefXcOvIncU=,lwigf+TPjv+jbHCcKyRhfNrTE1I=
-297,140,GbLk+MWC4vnb3F7piefXcOvIncU=,lwigf+TPjv+jbHCcKyRhfNrTE1I=
-299,140,GbLk+MWC4vnb3F7piefXcOvIncU=,lwigf+TPjv+jbHCcKyRhfNrTE1I=
-302,140,GbLk+MWC4vnb3F7piefXcOvIncU=,lwigf+TPjv+jbHCcKyRhfNrTE1I=
-303,140,GbLk+MWC4vnb3F7piefXcOvIncU=,lwigf+TPjv+jbHCcKyRhfNrTE1I=
-304,140,GbLk+MWC4vnb3F7piefXcOvIncU=,lwigf+TPjv+jbHCcKyRhfNrTE1I=
-292,128,GbLk+MWC4vnb3F7piefXcOvIncU=,lwigf+TPjv+jbHCcKyRhfNrTE1I=
-290,139,GbLk+MWC4vnb3F7piefXcOvIncU=,lwigf+TPjv+jbHCcKyRhfNrTE1I=
-289,139,GbLk+MWC4vnb3F7piefXcOvIncU=,lwigf+TPjv+jbHCcKyRhfNrTE1I=
-298,140,GbLk+MWC4vnb3F7piefXcOvIncU=,lwigf+TPjv+jbHCcKyRhfNrTE1I=
-291,139,GbLk+MWC4vnb3F7piefXcOvIncU=,lwigf+TPjv+jbHCcKyRhfNrTE1I=
-292,139,GbLk+MWC4vnb3F7piefXcOvIncU=,lwigf+TPjv+jbHCcKyRhfNrTE1I=
-294,139,GbLk+MWC4vnb3F7piefXcOvIncU=,lwigf+TPjv+jbHCcKyRhfNrTE1I=
-296,139,GbLk+MWC4vnb3F7piefXcOvIncU=,lwigf+TPjv+jbHCcKyRhfNrTE1I=
-295,139,GbLk+MWC4vnb3F7piefXcOvIncU=,lwigf+TPjv+jbHCcKyRhfNrTE1I=
-298,139,GbLk+MWC4vnb3F7piefXcOvIncU=,lwigf+TPjv+jbHCcKyRhfNrTE1I=
-293,139,GbLk+MWC4vnb3F7piefXcOvIncU=,lwigf+TPjv+jbHCcKyRhfNrTE1I=
-299,139,GbLk+MWC4vnb3F7piefXcOvIncU=,lwigf+TPjv+jbHCcKyRhfNrTE1I=
-301,139,GbLk+MWC4vnb3F7piefXcOvIncU=,lwigf+TPjv+jbHCcKyRhfNrTE1I=
-300,139,GbLk+MWC4vnb3F7piefXcOvIncU=,lwigf+TPjv+jbHCcKyRhfNrTE1I=
-297,139,GbLk+MWC4vnb3F7piefXcOvIncU=,lwigf+TPjv+jbHCcKyRhfNrTE1I=
-303,139,GbLk+MWC4vnb3F7piefXcOvIncU=,lwigf+TPjv+jbHCcKyRhfNrTE1I=
-302,139,GbLk+MWC4vnb3F7piefXcOvIncU=,lwigf+TPjv+jbHCcKyRhfNrTE1I=
-289,138,GbLk+MWC4vnb3F7piefXcOvIncU=,lwigf+TPjv+jbHCcKyRhfNrTE1I=
-293,128,GbLk+MWC4vnb3F7piefXcOvIncU=,lwigf+TPjv+jbHCcKyRhfNrTE1I=
-292,138,GbLk+MWC4vnb3F7piefXcOvIncU=,lwigf+TPjv+jbHCcKyRhfNrTE1I=
-293,138,GbLk+MWC4vnb3F7piefXcOvIncU=,lwigf+TPjv+jbHCcKyRhfNrTE1I=
-295,138,GbLk+MWC4vnb3F7piefXcOvIncU=,lwigf+TPjv+jbHCcKyRhfNrTE1I=
-297,138,GbLk+MWC4vnb3F7piefXcOvIncU=,lwigf+TPjv+jbHCcKyRhfNrTE1I=
-296,138,GbLk+MWC4vnb3F7piefXcOvIncU=,lwigf+TPjv+jbHCcKyRhfNrTE1I=
-298,138,GbLk+MWC4vnb3F7piefXcOvIncU=,lwigf+TPjv+jbHCcKyRhfNrTE1I=
-294,138,GbLk+MWC4vnb3F7piefXcOvIncU=,lwigf+TPjv+jbHCcKyRhfNrTE1I=
-301,138,GbLk+MWC4vnb3F7piefXcOvIncU=,lwigf+TPjv+jbHCcKyRhfNrTE1I=
-302,138,GbLk+MWC4vnb3F7piefXcOvIncU=,lwigf+TPjv+jbHCcKyRhfNrTE1I=
-304,138,GbLk+MWC4vnb3F7piefXcOvIncU=,lwigf+TPjv+jbHCcKyRhfNrTE1I=
-294,128,GbLk+MWC4vnb3F7piefXcOvIncU=,lwigf+TPjv+jbHCcKyRhfNrTE1I=
-290,137,GbLk+MWC4vnb3F7piefXcOvIncU=,lwigf+TPjv+jbHCcKyRhfNrTE1I=
-291,137,GbLk+MWC4vnb3F7piefXcOvIncU=,lwigf+TPjv+jbHCcKyRhfNrTE1I=
-292,137,GbLk+MWC4vnb3F7piefXcOvIncU=,lwigf+TPjv+jbHCcKyRhfNrTE1I=
-293,137,GbLk+MWC4vnb3F7piefXcOvIncU=,lwigf+TPjv+jbHCcKyRhfNrTE1I=
-300,140,GbLk+MWC4vnb3F7piefXcOvIncU=,lwigf+TPjv+jbHCcKyRhfNrTE1I=
-299,138,GbLk+MWC4vnb3F7piefXcOvIncU=,lwigf+TPjv+jbHCcKyRhfNrTE1I=
-296,137,GbLk+MWC4vnb3F7piefXcOvIncU=,lwigf+TPjv+jbHCcKyRhfNrTE1I=
-297,137,GbLk+MWC4vnb3F7piefXcOvIncU=,lwigf+TPjv+jbHCcKyRhfNrTE1I=
-298,137,GbLk+MWC4vnb3F7piefXcOvIncU=,lwigf+TPjv+jbHCcKyRhfNrTE1I=
-300,138,GbLk+MWC4vnb3F7piefXcOvIncU=,lwigf+TPjv+jbHCcKyRhfNrTE1I=
-300,137,GbLk+MWC4vnb3F7piefXcOvIncU=,lwigf+TPjv+jbHCcKyRhfNrTE1I=
-301,137,GbLk+MWC4vnb3F7piefXcOvIncU=,lwigf+TPjv+jbHCcKyRhfNrTE1I=
-302,137,GbLk+MWC4vnb3F7piefXcOvIncU=,lwigf+TPjv+jbHCcKyRhfNrTE1I=
-290,138,GbLk+MWC4vnb3F7piefXcOvIncU=,lwigf+TPjv+jbHCcKyRhfNrTE1I=
-304,137,GbLk+MWC4vnb3F7piefXcOvIncU=,lwigf+TPjv+jbHCcKyRhfNrTE1I=
-291,138,GbLk+MWC4vnb3F7piefXcOvIncU=,lwigf+TPjv+jbHCcKyRhfNrTE1I=
-302,129,GbLk+MWC4vnb3F7piefXcOvIncU=,lwigf+TPjv+jbHCcKyRhfNrTE1I=
-301,129,GbLk+MWC4vnb3F7piefXcOvIncU=,lwigf+TPjv+jbHCcKyRhfNrTE1I=
-294,137,GbLk+MWC4vnb3F7piefXcOvIncU=,lwigf+TPjv+jbHCcKyRhfNrTE1I=
-290,136,GbLk+MWC4vnb3F7piefXcOvIncU=,lwigf+TPjv+jbHCcKyRhfNrTE1I=
-291,136,GbLk+MWC4vnb3F7piefXcOvIncU=,lwigf+TPjv+jbHCcKyRhfNrTE1I=
-292,136,GbLk+MWC4vnb3F7piefXcOvIncU=,lwigf+TPjv+jbHCcKyRhfNrTE1I=
-293,136,GbLk+MWC4vnb3F7piefXcOvIncU=,lwigf+TPjv+jbHCcKyRhfNrTE1I=
-289,136,GbLk+MWC4vnb3F7piefXcOvIncU=,lwigf+TPjv+jbHCcKyRhfNrTE1I=
-289,137,GbLk+MWC4vnb3F7piefXcOvIncU=,lwigf+TPjv+jbHCcKyRhfNrTE1I=
-304,139,GbLk+MWC4vnb3F7piefXcOvIncU=,lwigf+TPjv+jbHCcKyRhfNrTE1I=
-299,137,GbLk+MWC4vnb3F7piefXcOvIncU=,lwigf+TPjv+jbHCcKyRhfNrTE1I=
-298,136,GbLk+MWC4vnb3F7piefXcOvIncU=,lwigf+TPjv+jbHCcKyRhfNrTE1I=
-295,137,GbLk+MWC4vnb3F7piefXcOvIncU=,lwigf+TPjv+jbHCcKyRhfNrTE1I=
-300,129,GbLk+MWC4vnb3F7piefXcOvIncU=,lwigf+TPjv+jbHCcKyRhfNrTE1I=
-303,138,GbLk+MWC4vnb3F7piefXcOvIncU=,lwigf+TPjv+jbHCcKyRhfNrTE1I=
-301,140,GbLk+MWC4vnb3F7piefXcOvIncU=,lwigf+TPjv+jbHCcKyRhfNrTE1I=
-303,137,GbLk+MWC4vnb3F7piefXcOvIncU=,lwigf+TPjv+jbHCcKyRhfNrTE1I=
-294,136,GbLk+MWC4vnb3F7piefXcOvIncU=,lwigf+TPjv+jbHCcKyRhfNrTE1I=
-299,136,GbLk+MWC4vnb3F7piefXcOvIncU=,lwigf+TPjv+jbHCcKyRhfNrTE1I=
-296,128,GbLk+MWC4vnb3F7piefXcOvIncU=,lwigf+TPjv+jbHCcKyRhfNrTE1I=
-295,128,GbLk+MWC4vnb3F7piefXcOvIncU=,lwigf+TPjv+jbHCcKyRhfNrTE1I=
-289,135,GbLk+MWC4vnb3F7piefXcOvIncU=,lwigf+TPjv+jbHCcKyRhfNrTE1I=
-300,136,GbLk+MWC4vnb3F7piefXcOvIncU=,lwigf+TPjv+jbHCcKyRhfNrTE1I=
-295,136,GbLk+MWC4vnb3F7piefXcOvIncU=,lwigf+TPjv+jbHCcKyRhfNrTE1I=
-296,136,GbLk+MWC4vnb3F7piefXcOvIncU=,lwigf+TPjv+jbHCcKyRhfNrTE1I=
-297,136,GbLk+MWC4vnb3F7piefXcOvIncU=,lwigf+TPjv+jbHCcKyRhfNrTE1I=
-295,135,GbLk+MWC4vnb3F7piefXcOvIncU=,lwigf+TPjv+jbHCcKyRhfNrTE1I=
-301,136,GbLk+MWC4vnb3F7piefXcOvIncU=,lwigf+TPjv+jbHCcKyRhfNrTE1I=
-296,135,GbLk+MWC4vnb3F7piefXcOvIncU=,lwigf+TPjv+jbHCcKyRhfNrTE1I=
-297,135,GbLk+MWC4vnb3F7piefXcOvIncU=,lwigf+TPjv+jbHCcKyRhfNrTE1I=
-298,135,GbLk+MWC4vnb3F7piefXcOvIncU=,lwigf+TPjv+jbHCcKyRhfNrTE1I=
-299,129,GbLk+MWC4vnb3F7piefXcOvIncU=,lwigf+TPjv+jbHCcKyRhfNrTE1I=
-290,135,GbLk+MWC4vnb3F7piefXcOvIncU=,lwigf+TPjv+jbHCcKyRhfNrTE1I=
-291,135,GbLk+MWC4vnb3F7piefXcOvIncU=,lwigf+TPjv+jbHCcKyRhfNrTE1I=
-294,135,GbLk+MWC4vnb3F7piefXcOvIncU=,lwigf+TPjv+jbHCcKyRhfNrTE1I=
-292,135,GbLk+MWC4vnb3F7piefXcOvIncU=,lwigf+TPjv+jbHCcKyRhfNrTE1I=
-303,136,GbLk+MWC4vnb3F7piefXcOvIncU=,lwigf+TPjv+jbHCcKyRhfNrTE1I=
-297,128,GbLk+MWC4vnb3F7piefXcOvIncU=,lwigf+TPjv+jbHCcKyRhfNrTE1I=
-289,134,GbLk+MWC4vnb3F7piefXcOvIncU=,lwigf+TPjv+jbHCcKyRhfNrTE1I=
-293,135,GbLk+MWC4vnb3F7piefXcOvIncU=,lwigf+TPjv+jbHCcKyRhfNrTE1I=
-298,129,GbLk+MWC4vnb3F7piefXcOvIncU=,lwigf+TPjv+jbHCcKyRhfNrTE1I=
-297,129,GbLk+MWC4vnb3F7piefXcOvIncU=,lwigf+TPjv+jbHCcKyRhfNrTE1I=
-296,129,GbLk+MWC4vnb3F7piefXcOvIncU=,lwigf+TPjv+jbHCcKyRhfNrTE1I=
-295,129,GbLk+MWC4vnb3F7piefXcOvIncU=,lwigf+TPjv+jbHCcKyRhfNrTE1I=
-294,129,GbLk+MWC4vnb3F7piefXcOvIncU=,lwigf+TPjv+jbHCcKyRhfNrTE1I=
-293,129,GbLk+MWC4vnb3F7piefXcOvIncU=,lwigf+TPjv+jbHCcKyRhfNrTE1I=
-292,129,GbLk+MWC4vnb3F7piefXcOvIncU=,lwigf+TPjv+jbHCcKyRhfNrTE1I=
-291,129,GbLk+MWC4vnb3F7piefXcOvIncU=,lwigf+TPjv+jbHCcKyRhfNrTE1I=
-303,128,GbLk+MWC4vnb3F7piefXcOvIncU=,lwigf+TPjv+jbHCcKyRhfNrTE1I=
-290,129,GbLk+MWC4vnb3F7piefXcOvIncU=,lwigf+TPjv+jbHCcKyRhfNrTE1I=
-289,129,GbLk+MWC4vnb3F7piefXcOvIncU=,lwigf+TPjv+jbHCcKyRhfNrTE1I=
-302,128,GbLk+MWC4vnb3F7piefXcOvIncU=,lwigf+TPjv+jbHCcKyRhfNrTE1I=
-304,130,GbLk+MWC4vnb3F7piefXcOvIncU=,lwigf+TPjv+jbHCcKyRhfNrTE1I=
-303,130,GbLk+MWC4vnb3F7piefXcOvIncU=,lwigf+TPjv+jbHCcKyRhfNrTE1I=
-304,136,GbLk+MWC4vnb3F7piefXcOvIncU=,lwigf+TPjv+jbHCcKyRhfNrTE1I=
-290,134,GbLk+MWC4vnb3F7piefXcOvIncU=,lwigf+TPjv+jbHCcKyRhfNrTE1I=
-291,134,GbLk+MWC4vnb3F7piefXcOvIncU=,lwigf+TPjv+jbHCcKyRhfNrTE1I=
-294,134,GbLk+MWC4vnb3F7piefXcOvIncU=,lwigf+TPjv+jbHCcKyRhfNrTE1I=
-295,134,GbLk+MWC4vnb3F7piefXcOvIncU=,lwigf+TPjv+jbHCcKyRhfNrTE1I=
-296,134,GbLk+MWC4vnb3F7piefXcOvIncU=,lwigf+TPjv+jbHCcKyRhfNrTE1I=
-297,134,GbLk+MWC4vnb3F7piefXcOvIncU=,lwigf+TPjv+jbHCcKyRhfNrTE1I=
-298,134,GbLk+MWC4vnb3F7piefXcOvIncU=,lwigf+TPjv+jbHCcKyRhfNrTE1I=
-302,136,GbLk+MWC4vnb3F7piefXcOvIncU=,lwigf+TPjv+jbHCcKyRhfNrTE1I=
-300,134,GbLk+MWC4vnb3F7piefXcOvIncU=,lwigf+TPjv+jbHCcKyRhfNrTE1I=
-293,134,GbLk+MWC4vnb3F7piefXcOvIncU=,lwigf+TPjv+jbHCcKyRhfNrTE1I=
-300,135,GbLk+MWC4vnb3F7piefXcOvIncU=,lwigf+TPjv+jbHCcKyRhfNrTE1I=
-299,135,GbLk+MWC4vnb3F7piefXcOvIncU=,lwigf+TPjv+jbHCcKyRhfNrTE1I=
-304,134,GbLk+MWC4vnb3F7piefXcOvIncU=,lwigf+TPjv+jbHCcKyRhfNrTE1I=
-298,128,GbLk+MWC4vnb3F7piefXcOvIncU=,lwigf+TPjv+jbHCcKyRhfNrTE1I=
-301,135,GbLk+MWC4vnb3F7piefXcOvIncU=,lwigf+TPjv+jbHCcKyRhfNrTE1I=
-304,135,GbLk+MWC4vnb3F7piefXcOvIncU=,lwigf+TPjv+jbHCcKyRhfNrTE1I=
-303,135,GbLk+MWC4vnb3F7piefXcOvIncU=,lwigf+TPjv+jbHCcKyRhfNrTE1I=
-302,135,GbLk+MWC4vnb3F7piefXcOvIncU=,lwigf+TPjv+jbHCcKyRhfNrTE1I=
-302,130,GbLk+MWC4vnb3F7piefXcOvIncU=,lwigf+TPjv+jbHCcKyRhfNrTE1I=
-292,134,GbLk+MWC4vnb3F7piefXcOvIncU=,lwigf+TPjv+jbHCcKyRhfNrTE1I=
-303,134,GbLk+MWC4vnb3F7piefXcOvIncU=,lwigf+TPjv+jbHCcKyRhfNrTE1I=
-301,134,GbLk+MWC4vnb3F7piefXcOvIncU=,lwigf+TPjv+jbHCcKyRhfNrTE1I=
-296,133,GbLk+MWC4vnb3F7piefXcOvIncU=,lwigf+TPjv+jbHCcKyRhfNrTE1I=
-299,134,GbLk+MWC4vnb3F7piefXcOvIncU=,lwigf+TPjv+jbHCcKyRhfNrTE1I=
-289,133,GbLk+MWC4vnb3F7piefXcOvIncU=,lwigf+TPjv+jbHCcKyRhfNrTE1I=
-302,134,GbLk+MWC4vnb3F7piefXcOvIncU=,lwigf+TPjv+jbHCcKyRhfNrTE1I=
-300,133,GbLk+MWC4vnb3F7piefXcOvIncU=,lwigf+TPjv+jbHCcKyRhfNrTE1I=
-302,133,GbLk+MWC4vnb3F7piefXcOvIncU=,lwigf+TPjv+jbHCcKyRhfNrTE1I=
-292,133,GbLk+MWC4vnb3F7piefXcOvIncU=,lwigf+TPjv+jbHCcKyRhfNrTE1I=
-301,130,GbLk+MWC4vnb3F7piefXcOvIncU=,lwigf+TPjv+jbHCcKyRhfNrTE1I=
-304,133,GbLk+MWC4vnb3F7piefXcOvIncU=,lwigf+TPjv+jbHCcKyRhfNrTE1I=
-295,133,GbLk+MWC4vnb3F7piefXcOvIncU=,lwigf+TPjv+jbHCcKyRhfNrTE1I=
-291,133,GbLk+MWC4vnb3F7piefXcOvIncU=,lwigf+TPjv+jbHCcKyRhfNrTE1I=
-290,132,GbLk+MWC4vnb3F7piefXcOvIncU=,lwigf+TPjv+jbHCcKyRhfNrTE1I=
-291,132,GbLk+MWC4vnb3F7piefXcOvIncU=,lwigf+TPjv+jbHCcKyRhfNrTE1I=
-292,132,GbLk+MWC4vnb3F7piefXcOvIncU=,lwigf+TPjv+jbHCcKyRhfNrTE1I=
-293,132,GbLk+MWC4vnb3F7piefXcOvIncU=,lwigf+TPjv+jbHCcKyRhfNrTE1I=
-293,133,GbLk+MWC4vnb3F7piefXcOvIncU=,lwigf+TPjv+jbHCcKyRhfNrTE1I=
-297,133,GbLk+MWC4vnb3F7piefXcOvIncU=,lwigf+TPjv+jbHCcKyRhfNrTE1I=
-298,133,GbLk+MWC4vnb3F7piefXcOvIncU=,lwigf+TPjv+jbHCcKyRhfNrTE1I=
-294,133,GbLk+MWC4vnb3F7piefXcOvIncU=,lwigf+TPjv+jbHCcKyRhfNrTE1I=
-290,133,GbLk+MWC4vnb3F7piefXcOvIncU=,lwigf+TPjv+jbHCcKyRhfNrTE1I=
-303,133,GbLk+MWC4vnb3F7piefXcOvIncU=,lwigf+TPjv+jbHCcKyRhfNrTE1I=
-296,132,GbLk+MWC4vnb3F7piefXcOvIncU=,lwigf+TPjv+jbHCcKyRhfNrTE1I=
-301,133,GbLk+MWC4vnb3F7piefXcOvIncU=,lwigf+TPjv+jbHCcKyRhfNrTE1I=
-302,132,GbLk+MWC4vnb3F7piefXcOvIncU=,lwigf+TPjv+jbHCcKyRhfNrTE1I=
-289,132,GbLk+MWC4vnb3F7piefXcOvIncU=,lwigf+TPjv+jbHCcKyRhfNrTE1I=
-299,128,GbLk+MWC4vnb3F7piefXcOvIncU=,lwigf+TPjv+jbHCcKyRhfNrTE1I=
-295,132,GbLk+MWC4vnb3F7piefXcOvIncU=,lwigf+TPjv+jbHCcKyRhfNrTE1I=
-290,131,GbLk+MWC4vnb3F7piefXcOvIncU=,lwigf+TPjv+jbHCcKyRhfNrTE1I=
-291,131,GbLk+MWC4vnb3F7piefXcOvIncU=,lwigf+TPjv+jbHCcKyRhfNrTE1I=
-294,132,GbLk+MWC4vnb3F7piefXcOvIncU=,lwigf+TPjv+jbHCcKyRhfNrTE1I=
-300,130,GbLk+MWC4vnb3F7piefXcOvIncU=,lwigf+TPjv+jbHCcKyRhfNrTE1I=
-301,132,GbLk+MWC4vnb3F7piefXcOvIncU=,lwigf+TPjv+jbHCcKyRhfNrTE1I=
-294,131,GbLk+MWC4vnb3F7piefXcOvIncU=,lwigf+TPjv+jbHCcKyRhfNrTE1I=
-299,132,GbLk+MWC4vnb3F7piefXcOvIncU=,lwigf+TPjv+jbHCcKyRhfNrTE1I=
-289,131,GbLk+MWC4vnb3F7piefXcOvIncU=,lwigf+TPjv+jbHCcKyRhfNrTE1I=
-303,132,GbLk+MWC4vnb3F7piefXcOvIncU=,lwigf+TPjv+jbHCcKyRhfNrTE1I=
-298,132,GbLk+MWC4vnb3F7piefXcOvIncU=,lwigf+TPjv+jbHCcKyRhfNrTE1I=
-300,128,GbLk+MWC4vnb3F7piefXcOvIncU=,lwigf+TPjv+jbHCcKyRhfNrTE1I=
-292,131,GbLk+MWC4vnb3F7piefXcOvIncU=,lwigf+TPjv+jbHCcKyRhfNrTE1I=
-304,132,GbLk+MWC4vnb3F7piefXcOvIncU=,lwigf+TPjv+jbHCcKyRhfNrTE1I=
-300,132,GbLk+MWC4vnb3F7piefXcOvIncU=,lwigf+TPjv+jbHCcKyRhfNrTE1I=
-301,128,GbLk+MWC4vnb3F7piefXcOvIncU=,lwigf+TPjv+jbHCcKyRhfNrTE1I=
-289,130,GbLk+MWC4vnb3F7piefXcOvIncU=,lwigf+TPjv+jbHCcKyRhfNrTE1I=
-296,131,GbLk+MWC4vnb3F7piefXcOvIncU=,lwigf+TPjv+jbHCcKyRhfNrTE1I=
-292,130,GbLk+MWC4vnb3F7piefXcOvIncU=,lwigf+TPjv+jbHCcKyRhfNrTE1I=
-293,130,GbLk+MWC4vnb3F7piefXcOvIncU=,lwigf+TPjv+jbHCcKyRhfNrTE1I=
-295,130,GbLk+MWC4vnb3F7piefXcOvIncU=,lwigf+TPjv+jbHCcKyRhfNrTE1I=
-294,130,GbLk+MWC4vnb3F7piefXcOvIncU=,lwigf+TPjv+jbHCcKyRhfNrTE1I=
-296,130,GbLk+MWC4vnb3F7piefXcOvIncU=,lwigf+TPjv+jbHCcKyRhfNrTE1I=
-297,130,GbLk+MWC4vnb3F7piefXcOvIncU=,lwigf+TPjv+jbHCcKyRhfNrTE1I=
-303,131,GbLk+MWC4vnb3F7piefXcOvIncU=,lwigf+TPjv+jbHCcKyRhfNrTE1I=
-290,130,GbLk+MWC4vnb3F7piefXcOvIncU=,lwigf+TPjv+jbHCcKyRhfNrTE1I=
-295,131,GbLk+MWC4vnb3F7piefXcOvIncU=,lwigf+TPjv+jbHCcKyRhfNrTE1I=
-298,131,GbLk+MWC4vnb3F7piefXcOvIncU=,lwigf+TPjv+jbHCcKyRhfNrTE1I=
-301,131,GbLk+MWC4vnb3F7piefXcOvIncU=,lwigf+TPjv+jbHCcKyRhfNrTE1I=
-304,131,GbLk+MWC4vnb3F7piefXcOvIncU=,lwigf+TPjv+jbHCcKyRhfNrTE1I=
-299,131,GbLk+MWC4vnb3F7piefXcOvIncU=,lwigf+TPjv+jbHCcKyRhfNrTE1I=
-297,132,GbLk+MWC4vnb3F7piefXcOvIncU=,lwigf+TPjv+jbHCcKyRhfNrTE1I=
-300,131,GbLk+MWC4vnb3F7piefXcOvIncU=,lwigf+TPjv+jbHCcKyRhfNrTE1I=
-298,130,GbLk+MWC4vnb3F7piefXcOvIncU=,lwigf+TPjv+jbHCcKyRhfNrTE1I=
-293,131,GbLk+MWC4vnb3F7piefXcOvIncU=,lwigf+TPjv+jbHCcKyRhfNrTE1I=
-299,133,GbLk+MWC4vnb3F7piefXcOvIncU=,lwigf+TPjv+jbHCcKyRhfNrTE1I=
-297,131,GbLk+MWC4vnb3F7piefXcOvIncU=,lwigf+TPjv+jbHCcKyRhfNrTE1I=
-291,130,GbLk+MWC4vnb3F7piefXcOvIncU=,lwigf+TPjv+jbHCcKyRhfNrTE1I=
-299,130,GbLk+MWC4vnb3F7piefXcOvIncU=,lwigf+TPjv+jbHCcKyRhfNrTE1I=
-302,131,GbLk+MWC4vnb3F7piefXcOvIncU=,lwigf+TPjv+jbHCcKyRhfNrTE1I=
-305,144,GbLk+MWC4vnb3F7piefXcOvIncU=,lwigf+TPjv+jbHCcKyRhfNrTE1I=
-306,159,GbLk+MWC4vnb3F7piefXcOvIncU=,lwigf+TPjv+jbHCcKyRhfNrTE1I=
-305,159,GbLk+MWC4vnb3F7piefXcOvIncU=,lwigf+TPjv+jbHCcKyRhfNrTE1I=
-309,159,GbLk+MWC4vnb3F7piefXcOvIncU=,lwigf+TPjv+jbHCcKyRhfNrTE1I=
-307,159,GbLk+MWC4vnb3F7piefXcOvIncU=,lwigf+TPjv+jbHCcKyRhfNrTE1I=
-310,159,GbLk+MWC4vnb3F7piefXcOvIncU=,lwigf+TPjv+jbHCcKyRhfNrTE1I=
-311,159,GbLk+MWC4vnb3F7piefXcOvIncU=,lwigf+TPjv+jbHCcKyRhfNrTE1I=
-312,159,GbLk+MWC4vnb3F7piefXcOvIncU=,lwigf+TPjv+jbHCcKyRhfNrTE1I=
-313,159,GbLk+MWC4vnb3F7piefXcOvIncU=,lwigf+TPjv+jbHCcKyRhfNrTE1I=
-308,159,GbLk+MWC4vnb3F7piefXcOvIncU=,lwigf+TPjv+jbHCcKyRhfNrTE1I=
-314,159,GbLk+MWC4vnb3F7piefXcOvIncU=,lwigf+TPjv+jbHCcKyRhfNrTE1I=
-316,159,GbLk+MWC4vnb3F7piefXcOvIncU=,lwigf+TPjv+jbHCcKyRhfNrTE1I=
-317,159,GbLk+MWC4vnb3F7piefXcOvIncU=,lwigf+TPjv+jbHCcKyRhfNrTE1I=
-319,159,GbLk+MWC4vnb3F7piefXcOvIncU=,lwigf+TPjv+jbHCcKyRhfNrTE1I=
-318,159,GbLk+MWC4vnb3F7piefXcOvIncU=,lwigf+TPjv+jbHCcKyRhfNrTE1I=
-315,159,GbLk+MWC4vnb3F7piefXcOvIncU=,lwigf+TPjv+jbHCcKyRhfNrTE1I=
-306,144,GbLk+MWC4vnb3F7piefXcOvIncU=,lwigf+TPjv+jbHCcKyRhfNrTE1I=
-320,159,GbLk+MWC4vnb3F7piefXcOvIncU=,lwigf+TPjv+jbHCcKyRhfNrTE1I=
-305,158,GbLk+MWC4vnb3F7piefXcOvIncU=,lwigf+TPjv+jbHCcKyRhfNrTE1I=
-307,158,GbLk+MWC4vnb3F7piefXcOvIncU=,lwigf+TPjv+jbHCcKyRhfNrTE1I=
-308,158,GbLk+MWC4vnb3F7piefXcOvIncU=,lwigf+TPjv+jbHCcKyRhfNrTE1I=
-310,158,GbLk+MWC4vnb3F7piefXcOvIncU=,lwigf+TPjv+jbHCcKyRhfNrTE1I=
-306,158,GbLk+MWC4vnb3F7piefXcOvIncU=,lwigf+TPjv+jbHCcKyRhfNrTE1I=
-312,158,GbLk+MWC4vnb3F7piefXcOvIncU=,lwigf+TPjv+jbHCcKyRhfNrTE1I=
-311,158,GbLk+MWC4vnb3F7piefXcOvIncU=,lwigf+TPjv+jbHCcKyRhfNrTE1I=
-313,158,GbLk+MWC4vnb3F7piefXcOvIncU=,lwigf+TPjv+jbHCcKyRhfNrTE1I=
-314,158,GbLk+MWC4vnb3F7piefXcOvIncU=,lwigf+TPjv+jbHCcKyRhfNrTE1I=
-316,158,GbLk+MWC4vnb3F7piefXcOvIncU=,lwigf+TPjv+jbHCcKyRhfNrTE1I=
-315,158,GbLk+MWC4vnb3F7piefXcOvIncU=,lwigf+TPjv+jbHCcKyRhfNrTE1I=
-318,158,GbLk+MWC4vnb3F7piefXcOvIncU=,lwigf+TPjv+jbHCcKyRhfNrTE1I=
-317,158,GbLk+MWC4vnb3F7piefXcOvIncU=,lwigf+TPjv+jbHCcKyRhfNrTE1I=
-319,158,GbLk+MWC4vnb3F7piefXcOvIncU=,lwigf+TPjv+jbHCcKyRhfNrTE1I=
-307,144,GbLk+MWC4vnb3F7piefXcOvIncU=,lwigf+TPjv+jbHCcKyRhfNrTE1I=
-309,158,GbLk+MWC4vnb3F7piefXcOvIncU=,lwigf+TPjv+jbHCcKyRhfNrTE1I=
-305,157,GbLk+MWC4vnb3F7piefXcOvIncU=,lwigf+TPjv+jbHCcKyRhfNrTE1I=
-320,158,GbLk+MWC4vnb3F7piefXcOvIncU=,lwigf+TPjv+jbHCcKyRhfNrTE1I=
-306,157,GbLk+MWC4vnb3F7piefXcOvIncU=,lwigf+TPjv+jbHCcKyRhfNrTE1I=
-308,157,GbLk+MWC4vnb3F7piefXcOvIncU=,lwigf+TPjv+jbHCcKyRhfNrTE1I=
-307,157,GbLk+MWC4vnb3F7piefXcOvIncU=,lwigf+TPjv+jbHCcKyRhfNrTE1I=
-310,157,GbLk+MWC4vnb3F7piefXcOvIncU=,lwigf+TPjv+jbHCcKyRhfNrTE1I=
-311,157,GbLk+MWC4vnb3F7piefXcOvIncU=,lwigf+TPjv+jbHCcKyRhfNrTE1I=
-309,157,GbLk+MWC4vnb3F7piefXcOvIncU=,lwigf+TPjv+jbHCcKyRhfNrTE1I=
-313,157,GbLk+MWC4vnb3F7piefXcOvIncU=,lwigf+TPjv+jbHCcKyRhfNrTE1I=
-314,157,GbLk+MWC4vnb3F7piefXcOvIncU=,lwigf+TPjv+jbHCcKyRhfNrTE1I=
-318,157,GbLk+MWC4vnb3F7piefXcOvIncU=,lwigf+TPjv+jbHCcKyRhfNrTE1I=
-315,157,GbLk+MWC4vnb3F7piefXcOvIncU=,lwigf+TPjv+jbHCcKyRhfNrTE1I=
-316,157,GbLk+MWC4vnb3F7piefXcOvIncU=,lwigf+TPjv+jbHCcKyRhfNrTE1I=
-319,157,GbLk+MWC4vnb3F7piefXcOvIncU=,lwigf+TPjv+jbHCcKyRhfNrTE1I=
-320,157,GbLk+MWC4vnb3F7piefXcOvIncU=,lwigf+TPjv+jbHCcKyRhfNrTE1I=
-305,156,GbLk+MWC4vnb3F7piefXcOvIncU=,lwigf+TPjv+jbHCcKyRhfNrTE1I=
-312,157,GbLk+MWC4vnb3F7piefXcOvIncU=,lwigf+TPjv+jbHCcKyRhfNrTE1I=
-308,144,GbLk+MWC4vnb3F7piefXcOvIncU=,lwigf+TPjv+jbHCcKyRhfNrTE1I=
-306,156,GbLk+MWC4vnb3F7piefXcOvIncU=,lwigf+TPjv+jbHCcKyRhfNrTE1I=
-307,156,GbLk+MWC4vnb3F7piefXcOvIncU=,lwigf+TPjv+jbHCcKyRhfNrTE1I=
-308,156,GbLk+MWC4vnb3F7piefXcOvIncU=,lwigf+TPjv+jbHCcKyRhfNrTE1I=
-309,156,GbLk+MWC4vnb3F7piefXcOvIncU=,lwigf+TPjv+jbHCcKyRhfNrTE1I=
-311,156,GbLk+MWC4vnb3F7piefXcOvIncU=,lwigf+TPjv+jbHCcKyRhfNrTE1I=
-317,157,GbLk+MWC4vnb3F7piefXcOvIncU=,lwigf+TPjv+jbHCcKyRhfNrTE1I=
-313,156,GbLk+MWC4vnb3F7piefXcOvIncU=,lwigf+TPjv+jbHCcKyRhfNrTE1I=
-310,156,GbLk+MWC4vnb3F7piefXcOvIncU=,lwigf+TPjv+jbHCcKyRhfNrTE1I=
-314,156,GbLk+MWC4vnb3F7piefXcOvIncU=,lwigf+TPjv+jbHCcKyRhfNrTE1I=
-318,156,GbLk+MWC4vnb3F7piefXcOvIncU=,lwigf+TPjv+jbHCcKyRhfNrTE1I=
-312,156,GbLk+MWC4vnb3F7piefXcOvIncU=,lwigf+TPjv+jbHCcKyRhfNrTE1I=
-319,156,GbLk+MWC4vnb3F7piefXcOvIncU=,lwigf+TPjv+jbHCcKyRhfNrTE1I=
-317,156,GbLk+MWC4vnb3F7piefXcOvIncU=,lwigf+TPjv+jbHCcKyRhfNrTE1I=
-309,144,GbLk+MWC4vnb3F7piefXcOvIncU=,lwigf+TPjv+jbHCcKyRhfNrTE1I=
-316,156,GbLk+MWC4vnb3F7piefXcOvIncU=,lwigf+TPjv+jbHCcKyRhfNrTE1I=
-315,156,GbLk+MWC4vnb3F7piefXcOvIncU=,lwigf+TPjv+jbHCcKyRhfNrTE1I=
-307,155,GbLk+MWC4vnb3F7piefXcOvIncU=,lwigf+TPjv+jbHCcKyRhfNrTE1I=
-309,155,GbLk+MWC4vnb3F7piefXcOvIncU=,lwigf+TPjv+jbHCcKyRhfNrTE1I=
-306,155,GbLk+MWC4vnb3F7piefXcOvIncU=,lwigf+TPjv+jbHCcKyRhfNrTE1I=
-310,155,GbLk+MWC4vnb3F7piefXcOvIncU=,lwigf+TPjv+jbHCcKyRhfNrTE1I=
-305,155,GbLk+MWC4vnb3F7piefXcOvIncU=,lwigf+TPjv+jbHCcKyRhfNrTE1I=
-311,155,GbLk+MWC4vnb3F7piefXcOvIncU=,lwigf+TPjv+jbHCcKyRhfNrTE1I=
-313,155,GbLk+MWC4vnb3F7piefXcOvIncU=,lwigf+TPjv+jbHCcKyRhfNrTE1I=
-308,155,GbLk+MWC4vnb3F7piefXcOvIncU=,lwigf+TPjv+jbHCcKyRhfNrTE1I=
-320,156,GbLk+MWC4vnb3F7piefXcOvIncU=,lwigf+TPjv+jbHCcKyRhfNrTE1I=
-312,155,GbLk+MWC4vnb3F7piefXcOvIncU=,lwigf+TPjv+jbHCcKyRhfNrTE1I=
-315,155,GbLk+MWC4vnb3F7piefXcOvIncU=,lwigf+TPjv+jbHCcKyRhfNrTE1I=
-314,155,GbLk+MWC4vnb3F7piefXcOvIncU=,lwigf+TPjv+jbHCcKyRhfNrTE1I=
-317,155,GbLk+MWC4vnb3F7piefXcOvIncU=,lwigf+TPjv+jbHCcKyRhfNrTE1I=
-316,155,GbLk+MWC4vnb3F7piefXcOvIncU=,lwigf+TPjv+jbHCcKyRhfNrTE1I=
-318,155,GbLk+MWC4vnb3F7piefXcOvIncU=,lwigf+TPjv+jbHCcKyRhfNrTE1I=
-310,144,GbLk+MWC4vnb3F7piefXcOvIncU=,lwigf+TPjv+jbHCcKyRhfNrTE1I=
-320,155,GbLk+MWC4vnb3F7piefXcOvIncU=,lwigf+TPjv+jbHCcKyRhfNrTE1I=
-319,155,GbLk+MWC4vnb3F7piefXcOvIncU=,lwigf+TPjv+jbHCcKyRhfNrTE1I=
-305,154,GbLk+MWC4vnb3F7piefXcOvIncU=,lwigf+TPjv+jbHCcKyRhfNrTE1I=
-306,154,GbLk+MWC4vnb3F7piefXcOvIncU=,lwigf+TPjv+jbHCcKyRhfNrTE1I=
-308,154,GbLk+MWC4vnb3F7piefXcOvIncU=,lwigf+TPjv+jbHCcKyRhfNrTE1I=
-307,154,GbLk+MWC4vnb3F7piefXcOvIncU=,lwigf+TPjv+jbHCcKyRhfNrTE1I=
-310,154,GbLk+MWC4vnb3F7piefXcOvIncU=,lwigf+TPjv+jbHCcKyRhfNrTE1I=
-312,154,GbLk+MWC4vnb3F7piefXcOvIncU=,lwigf+TPjv+jbHCcKyRhfNrTE1I=
-311,154,GbLk+MWC4vnb3F7piefXcOvIncU=,lwigf+TPjv+jbHCcKyRhfNrTE1I=
-309,154,GbLk+MWC4vnb3F7piefXcOvIncU=,lwigf+TPjv+jbHCcKyRhfNrTE1I=
-313,154,GbLk+MWC4vnb3F7piefXcOvIncU=,lwigf+TPjv+jbHCcKyRhfNrTE1I=
-314,154,GbLk+MWC4vnb3F7piefXcOvIncU=,lwigf+TPjv+jbHCcKyRhfNrTE1I=
-317,154,GbLk+MWC4vnb3F7piefXcOvIncU=,lwigf+TPjv+jbHCcKyRhfNrTE1I=
-316,154,GbLk+MWC4vnb3F7piefXcOvIncU=,lwigf+TPjv+jbHCcKyRhfNrTE1I=
-319,154,GbLk+MWC4vnb3F7piefXcOvIncU=,lwigf+TPjv+jbHCcKyRhfNrTE1I=
-318,154,GbLk+MWC4vnb3F7piefXcOvIncU=,lwigf+TPjv+jbHCcKyRhfNrTE1I=
-320,154,GbLk+MWC4vnb3F7piefXcOvIncU=,lwigf+TPjv+jbHCcKyRhfNrTE1I=
-306,153,GbLk+MWC4vnb3F7piefXcOvIncU=,lwigf+TPjv+jbHCcKyRhfNrTE1I=
-307,153,GbLk+MWC4vnb3F7piefXcOvIncU=,lwigf+TPjv+jbHCcKyRhfNrTE1I=
-315,154,GbLk+MWC4vnb3F7piefXcOvIncU=,lwigf+TPjv+jbHCcKyRhfNrTE1I=
-311,144,GbLk+MWC4vnb3F7piefXcOvIncU=,lwigf+TPjv+jbHCcKyRhfNrTE1I=
-305,153,GbLk+MWC4vnb3F7piefXcOvIncU=,lwigf+TPjv+jbHCcKyRhfNrTE1I=
-309,153,GbLk+MWC4vnb3F7piefXcOvIncU=,lwigf+TPjv+jbHCcKyRhfNrTE1I=
-308,153,GbLk+MWC4vnb3F7piefXcOvIncU=,lwigf+TPjv+jbHCcKyRhfNrTE1I=
-310,153,GbLk+MWC4vnb3F7piefXcOvIncU=,lwigf+TPjv+jbHCcKyRhfNrTE1I=
-312,153,GbLk+MWC4vnb3F7piefXcOvIncU=,lwigf+TPjv+jbHCcKyRhfNrTE1I=
-313,153,GbLk+MWC4vnb3F7piefXcOvIncU=,lwigf+TPjv+jbHCcKyRhfNrTE1I=
-311,153,GbLk+MWC4vnb3F7piefXcOvIncU=,lwigf+TPjv+jbHCcKyRhfNrTE1I=
-314,153,GbLk+MWC4vnb3F7piefXcOvIncU=,lwigf+TPjv+jbHCcKyRhfNrTE1I=
-315,153,GbLk+MWC4vnb3F7piefXcOvIncU=,lwigf+TPjv+jbHCcKyRhfNrTE1I=
-316,153,GbLk+MWC4vnb3F7piefXcOvIncU=,lwigf+TPjv+jbHCcKyRhfNrTE1I=
-317,153,GbLk+MWC4vnb3F7piefXcOvIncU=,lwigf+TPjv+jbHCcKyRhfNrTE1I=
-318,153,GbLk+MWC4vnb3F7piefXcOvIncU=,lwigf+TPjv+jbHCcKyRhfNrTE1I=
-312,144,GbLk+MWC4vnb3F7piefXcOvIncU=,lwigf+TPjv+jbHCcKyRhfNrTE1I=
-319,153,GbLk+MWC4vnb3F7piefXcOvIncU=,lwigf+TPjv+jbHCcKyRhfNrTE1I=
-320,153,GbLk+MWC4vnb3F7piefXcOvIncU=,lwigf+TPjv+jbHCcKyRhfNrTE1I=
-305,152,GbLk+MWC4vnb3F7piefXcOvIncU=,lwigf+TPjv+jbHCcKyRhfNrTE1I=
-306,152,GbLk+MWC4vnb3F7piefXcOvIncU=,lwigf+TPjv+jbHCcKyRhfNrTE1I=
-308,152,GbLk+MWC4vnb3F7piefXcOvIncU=,lwigf+TPjv+jbHCcKyRhfNrTE1I=
-307,152,GbLk+MWC4vnb3F7piefXcOvIncU=,lwigf+TPjv+jbHCcKyRhfNrTE1I=
-309,152,GbLk+MWC4vnb3F7piefXcOvIncU=,lwigf+TPjv+jbHCcKyRhfNrTE1I=
-310,152,GbLk+MWC4vnb3F7piefXcOvIncU=,lwigf+TPjv+jbHCcKyRhfNrTE1I=
-313,152,GbLk+MWC4vnb3F7piefXcOvIncU=,lwigf+TPjv+jbHCcKyRhfNrTE1I=
-312,152,GbLk+MWC4vnb3F7piefXcOvIncU=,lwigf+TPjv+jbHCcKyRhfNrTE1I=
-311,152,GbLk+MWC4vnb3F7piefXcOvIncU=,lwigf+TPjv+jbHCcKyRhfNrTE1I=
-315,152,GbLk+MWC4vnb3F7piefXcOvIncU=,lwigf+TPjv+jbHCcKyRhfNrTE1I=
-316,152,GbLk+MWC4vnb3F7piefXcOvIncU=,lwigf+TPjv+jbHCcKyRhfNrTE1I=
-318,152,GbLk+MWC4vnb3F7piefXcOvIncU=,lwigf+TPjv+jbHCcKyRhfNrTE1I=
-314,152,GbLk+MWC4vnb3F7piefXcOvIncU=,lwigf+TPjv+jbHCcKyRhfNrTE1I=
-317,152,GbLk+MWC4vnb3F7piefXcOvIncU=,lwigf+TPjv+jbHCcKyRhfNrTE1I=
-305,151,GbLk+MWC4vnb3F7piefXcOvIncU=,lwigf+TPjv+jbHCcKyRhfNrTE1I=
-320,152,GbLk+MWC4vnb3F7piefXcOvIncU=,lwigf+TPjv+jbHCcKyRhfNrTE1I=
-307,151,GbLk+MWC4vnb3F7piefXcOvIncU=,lwigf+TPjv+jbHCcKyRhfNrTE1I=
-319,152,GbLk+MWC4vnb3F7piefXcOvIncU=,lwigf+TPjv+jbHCcKyRhfNrTE1I=
-313,144,GbLk+MWC4vnb3F7piefXcOvIncU=,lwigf+TPjv+jbHCcKyRhfNrTE1I=
-308,151,GbLk+MWC4vnb3F7piefXcOvIncU=,lwigf+TPjv+jbHCcKyRhfNrTE1I=
-306,151,GbLk+MWC4vnb3F7piefXcOvIncU=,lwigf+TPjv+jbHCcKyRhfNrTE1I=
-310,151,GbLk+MWC4vnb3F7piefXcOvIncU=,lwigf+TPjv+jbHCcKyRhfNrTE1I=
-309,151,GbLk+MWC4vnb3F7piefXcOvIncU=,lwigf+TPjv+jbHCcKyRhfNrTE1I=
-312,151,GbLk+MWC4vnb3F7piefXcOvIncU=,lwigf+TPjv+jbHCcKyRhfNrTE1I=
-311,151,GbLk+MWC4vnb3F7piefXcOvIncU=,lwigf+TPjv+jbHCcKyRhfNrTE1I=
-313,151,GbLk+MWC4vnb3F7piefXcOvIncU=,lwigf+TPjv+jbHCcKyRhfNrTE1I=
-314,151,GbLk+MWC4vnb3F7piefXcOvIncU=,lwigf+TPjv+jbHCcKyRhfNrTE1I=
-317,151,GbLk+MWC4vnb3F7piefXcOvIncU=,lwigf+TPjv+jbHCcKyRhfNrTE1I=
-318,151,GbLk+MWC4vnb3F7piefXcOvIncU=,lwigf+TPjv+jbHCcKyRhfNrTE1I=
-314,144,GbLk+MWC4vnb3F7piefXcOvIncU=,lwigf+TPjv+jbHCcKyRhfNrTE1I=
-315,151,GbLk+MWC4vnb3F7piefXcOvIncU=,lwigf+TPjv+jbHCcKyRhfNrTE1I=
-316,151,GbLk+MWC4vnb3F7piefXcOvIncU=,lwigf+TPjv+jbHCcKyRhfNrTE1I=
-320,151,GbLk+MWC4vnb3F7piefXcOvIncU=,lwigf+TPjv+jbHCcKyRhfNrTE1I=
-305,150,GbLk+MWC4vnb3F7piefXcOvIncU=,lwigf+TPjv+jbHCcKyRhfNrTE1I=
-306,150,GbLk+MWC4vnb3F7piefXcOvIncU=,lwigf+TPjv+jbHCcKyRhfNrTE1I=
-319,151,GbLk+MWC4vnb3F7piefXcOvIncU=,lwigf+TPjv+jbHCcKyRhfNrTE1I=
-307,150,GbLk+MWC4vnb3F7piefXcOvIncU=,lwigf+TPjv+jbHCcKyRhfNrTE1I=
-308,150,GbLk+MWC4vnb3F7piefXcOvIncU=,lwigf+TPjv+jbHCcKyRhfNrTE1I=
-310,150,GbLk+MWC4vnb3F7piefXcOvIncU=,lwigf+TPjv+jbHCcKyRhfNrTE1I=
-309,150,GbLk+MWC4vnb3F7piefXcOvIncU=,lwigf+TPjv+jbHCcKyRhfNrTE1I=
-311,150,GbLk+MWC4vnb3F7piefXcOvIncU=,lwigf+TPjv+jbHCcKyRhfNrTE1I=
-312,150,GbLk+MWC4vnb3F7piefXcOvIncU=,lwigf+TPjv+jbHCcKyRhfNrTE1I=
-313,150,GbLk+MWC4vnb3F7piefXcOvIncU=,lwigf+TPjv+jbHCcKyRhfNrTE1I=
-314,150,GbLk+MWC4vnb3F7piefXcOvIncU=,lwigf+TPjv+jbHCcKyRhfNrTE1I=
-315,150,GbLk+MWC4vnb3F7piefXcOvIncU=,lwigf+TPjv+jbHCcKyRhfNrTE1I=
-317,150,GbLk+MWC4vnb3F7piefXcOvIncU=,lwigf+TPjv+jbHCcKyRhfNrTE1I=
-318,150,GbLk+MWC4vnb3F7piefXcOvIncU=,lwigf+TPjv+jbHCcKyRhfNrTE1I=
-319,150,GbLk+MWC4vnb3F7piefXcOvIncU=,lwigf+TPjv+jbHCcKyRhfNrTE1I=
-316,150,GbLk+MWC4vnb3F7piefXcOvIncU=,lwigf+TPjv+jbHCcKyRhfNrTE1I=
-305,149,GbLk+MWC4vnb3F7piefXcOvIncU=,lwigf+TPjv+jbHCcKyRhfNrTE1I=
-320,150,GbLk+MWC4vnb3F7piefXcOvIncU=,lwigf+TPjv+jbHCcKyRhfNrTE1I=
-315,144,GbLk+MWC4vnb3F7piefXcOvIncU=,lwigf+TPjv+jbHCcKyRhfNrTE1I=
-306,149,GbLk+MWC4vnb3F7piefXcOvIncU=,lwigf+TPjv+jbHCcKyRhfNrTE1I=
-307,149,GbLk+MWC4vnb3F7piefXcOvIncU=,lwigf+TPjv+jbHCcKyRhfNrTE1I=
-309,149,GbLk+MWC4vnb3F7piefXcOvIncU=,lwigf+TPjv+jbHCcKyRhfNrTE1I=
-308,149,GbLk+MWC4vnb3F7piefXcOvIncU=,lwigf+TPjv+jbHCcKyRhfNrTE1I=
-310,149,GbLk+MWC4vnb3F7piefXcOvIncU=,lwigf+TPjv+jbHCcKyRhfNrTE1I=
-311,149,GbLk+MWC4vnb3F7piefXcOvIncU=,lwigf+TPjv+jbHCcKyRhfNrTE1I=
-314,149,GbLk+MWC4vnb3F7piefXcOvIncU=,lwigf+TPjv+jbHCcKyRhfNrTE1I=
-313,149,GbLk+MWC4vnb3F7piefXcOvIncU=,lwigf+TPjv+jbHCcKyRhfNrTE1I=
-312,149,GbLk+MWC4vnb3F7piefXcOvIncU=,lwigf+TPjv+jbHCcKyRhfNrTE1I=
-315,149,GbLk+MWC4vnb3F7piefXcOvIncU=,lwigf+TPjv+jbHCcKyRhfNrTE1I=
-317,149,GbLk+MWC4vnb3F7piefXcOvIncU=,lwigf+TPjv+jbHCcKyRhfNrTE1I=
-316,149,GbLk+MWC4vnb3F7piefXcOvIncU=,lwigf+TPjv+jbHCcKyRhfNrTE1I=
-316,144,GbLk+MWC4vnb3F7piefXcOvIncU=,lwigf+TPjv+jbHCcKyRhfNrTE1I=
-318,149,GbLk+MWC4vnb3F7piefXcOvIncU=,lwigf+TPjv+jbHCcKyRhfNrTE1I=
-320,149,GbLk+MWC4vnb3F7piefXcOvIncU=,lwigf+TPjv+jbHCcKyRhfNrTE1I=
-319,149,GbLk+MWC4vnb3F7piefXcOvIncU=,lwigf+TPjv+jbHCcKyRhfNrTE1I=
-305,148,GbLk+MWC4vnb3F7piefXcOvIncU=,lwigf+TPjv+jbHCcKyRhfNrTE1I=
-306,148,GbLk+MWC4vnb3F7piefXcOvIncU=,lwigf+TPjv+jbHCcKyRhfNrTE1I=
-307,148,GbLk+MWC4vnb3F7piefXcOvIncU=,lwigf+TPjv+jbHCcKyRhfNrTE1I=
-308,148,GbLk+MWC4vnb3F7piefXcOvIncU=,lwigf+TPjv+jbHCcKyRhfNrTE1I=
-309,148,GbLk+MWC4vnb3F7piefXcOvIncU=,lwigf+TPjv+jbHCcKyRhfNrTE1I=
-310,148,GbLk+MWC4vnb3F7piefXcOvIncU=,lwigf+TPjv+jbHCcKyRhfNrTE1I=
-312,148,GbLk+MWC4vnb3F7piefXcOvIncU=,lwigf+TPjv+jbHCcKyRhfNrTE1I=
-311,148,GbLk+MWC4vnb3F7piefXcOvIncU=,lwigf+TPjv+jbHCcKyRhfNrTE1I=
-314,148,GbLk+MWC4vnb3F7piefXcOvIncU=,lwigf+TPjv+jbHCcKyRhfNrTE1I=
-313,148,GbLk+MWC4vnb3F7piefXcOvIncU=,lwigf+TPjv+jbHCcKyRhfNrTE1I=
-315,148,GbLk+MWC4vnb3F7piefXcOvIncU=,lwigf+TPjv+jbHCcKyRhfNrTE1I=
-317,148,GbLk+MWC4vnb3F7piefXcOvIncU=,lwigf+TPjv+jbHCcKyRhfNrTE1I=
-316,148,GbLk+MWC4vnb3F7piefXcOvIncU=,lwigf+TPjv+jbHCcKyRhfNrTE1I=
-319,148,GbLk+MWC4vnb3F7piefXcOvIncU=,lwigf+TPjv+jbHCcKyRhfNrTE1I=
-317,144,GbLk+MWC4vnb3F7piefXcOvIncU=,lwigf+TPjv+jbHCcKyRhfNrTE1I=
-318,148,GbLk+MWC4vnb3F7piefXcOvIncU=,lwigf+TPjv+jbHCcKyRhfNrTE1I=
-320,148,GbLk+MWC4vnb3F7piefXcOvIncU=,lwigf+TPjv+jbHCcKyRhfNrTE1I=
-305,147,GbLk+MWC4vnb3F7piefXcOvIncU=,lwigf+TPjv+jbHCcKyRhfNrTE1I=
-306,147,GbLk+MWC4vnb3F7piefXcOvIncU=,lwigf+TPjv+jbHCcKyRhfNrTE1I=
-307,147,GbLk+MWC4vnb3F7piefXcOvIncU=,lwigf+TPjv+jbHCcKyRhfNrTE1I=
-308,147,GbLk+MWC4vnb3F7piefXcOvIncU=,lwigf+TPjv+jbHCcKyRhfNrTE1I=
-309,147,GbLk+MWC4vnb3F7piefXcOvIncU=,lwigf+TPjv+jbHCcKyRhfNrTE1I=
-310,147,GbLk+MWC4vnb3F7piefXcOvIncU=,lwigf+TPjv+jbHCcKyRhfNrTE1I=
-311,147,GbLk+MWC4vnb3F7piefXcOvIncU=,lwigf+TPjv+jbHCcKyRhfNrTE1I=
-312,147,GbLk+MWC4vnb3F7piefXcOvIncU=,lwigf+TPjv+jbHCcKyRhfNrTE1I=
-313,147,GbLk+MWC4vnb3F7piefXcOvIncU=,lwigf+TPjv+jbHCcKyRhfNrTE1I=
-316,147,GbLk+MWC4vnb3F7piefXcOvIncU=,lwigf+TPjv+jbHCcKyRhfNrTE1I=
-314,147,GbLk+MWC4vnb3F7piefXcOvIncU=,lwigf+TPjv+jbHCcKyRhfNrTE1I=
-315,147,GbLk+MWC4vnb3F7piefXcOvIncU=,lwigf+TPjv+jbHCcKyRhfNrTE1I=
-318,147,GbLk+MWC4vnb3F7piefXcOvIncU=,lwigf+TPjv+jbHCcKyRhfNrTE1I=
-319,147,GbLk+MWC4vnb3F7piefXcOvIncU=,lwigf+TPjv+jbHCcKyRhfNrTE1I=
-317,147,GbLk+MWC4vnb3F7piefXcOvIncU=,lwigf+TPjv+jbHCcKyRhfNrTE1I=
-318,144,GbLk+MWC4vnb3F7piefXcOvIncU=,lwigf+TPjv+jbHCcKyRhfNrTE1I=
-308,146,GbLk+MWC4vnb3F7piefXcOvIncU=,lwigf+TPjv+jbHCcKyRhfNrTE1I=
-320,147,GbLk+MWC4vnb3F7piefXcOvIncU=,lwigf+TPjv+jbHCcKyRhfNrTE1I=
-305,146,GbLk+MWC4vnb3F7piefXcOvIncU=,lwigf+TPjv+jbHCcKyRhfNrTE1I=
-307,146,GbLk+MWC4vnb3F7piefXcOvIncU=,lwigf+TPjv+jbHCcKyRhfNrTE1I=
-306,146,GbLk+MWC4vnb3F7piefXcOvIncU=,lwigf+TPjv+jbHCcKyRhfNrTE1I=
-310,146,GbLk+MWC4vnb3F7piefXcOvIncU=,lwigf+TPjv+jbHCcKyRhfNrTE1I=
-311,146,GbLk+MWC4vnb3F7piefXcOvIncU=,lwigf+TPjv+jbHCcKyRhfNrTE1I=
-309,146,GbLk+MWC4vnb3F7piefXcOvIncU=,lwigf+TPjv+jbHCcKyRhfNrTE1I=
-312,146,GbLk+MWC4vnb3F7piefXcOvIncU=,lwigf+TPjv+jbHCcKyRhfNrTE1I=
-313,146,GbLk+MWC4vnb3F7piefXcOvIncU=,lwigf+TPjv+jbHCcKyRhfNrTE1I=
-314,146,GbLk+MWC4vnb3F7piefXcOvIncU=,lwigf+TPjv+jbHCcKyRhfNrTE1I=
-315,146,GbLk+MWC4vnb3F7piefXcOvIncU=,lwigf+TPjv+jbHCcKyRhfNrTE1I=
-316,146,GbLk+MWC4vnb3F7piefXcOvIncU=,lwigf+TPjv+jbHCcKyRhfNrTE1I=
-317,146,GbLk+MWC4vnb3F7piefXcOvIncU=,lwigf+TPjv+jbHCcKyRhfNrTE1I=
-319,144,GbLk+MWC4vnb3F7piefXcOvIncU=,lwigf+TPjv+jbHCcKyRhfNrTE1I=
-319,146,GbLk+MWC4vnb3F7piefXcOvIncU=,lwigf+TPjv+jbHCcKyRhfNrTE1I=
-318,146,GbLk+MWC4vnb3F7piefXcOvIncU=,lwigf+TPjv+jbHCcKyRhfNrTE1I=
-320,146,GbLk+MWC4vnb3F7piefXcOvIncU=,lwigf+TPjv+jbHCcKyRhfNrTE1I=
-305,145,GbLk+MWC4vnb3F7piefXcOvIncU=,lwigf+TPjv+jbHCcKyRhfNrTE1I=
-306,145,GbLk+MWC4vnb3F7piefXcOvIncU=,lwigf+TPjv+jbHCcKyRhfNrTE1I=
-307,145,GbLk+MWC4vnb3F7piefXcOvIncU=,lwigf+TPjv+jbHCcKyRhfNrTE1I=
-308,145,GbLk+MWC4vnb3F7piefXcOvIncU=,lwigf+TPjv+jbHCcKyRhfNrTE1I=
-311,145,GbLk+MWC4vnb3F7piefXcOvIncU=,lwigf+TPjv+jbHCcKyRhfNrTE1I=
-313,145,GbLk+MWC4vnb3F7piefXcOvIncU=,lwigf+TPjv+jbHCcKyRhfNrTE1I=
-309,145,GbLk+MWC4vnb3F7piefXcOvIncU=,lwigf+TPjv+jbHCcKyRhfNrTE1I=
-314,145,GbLk+MWC4vnb3F7piefXcOvIncU=,lwigf+TPjv+jbHCcKyRhfNrTE1I=
-310,145,GbLk+MWC4vnb3F7piefXcOvIncU=,lwigf+TPjv+jbHCcKyRhfNrTE1I=
-315,145,GbLk+MWC4vnb3F7piefXcOvIncU=,lwigf+TPjv+jbHCcKyRhfNrTE1I=
-312,145,GbLk+MWC4vnb3F7piefXcOvIncU=,lwigf+TPjv+jbHCcKyRhfNrTE1I=
-316,145,GbLk+MWC4vnb3F7piefXcOvIncU=,lwigf+TPjv+jbHCcKyRhfNrTE1I=
-317,145,GbLk+MWC4vnb3F7piefXcOvIncU=,lwigf+TPjv+jbHCcKyRhfNrTE1I=
-318,145,GbLk+MWC4vnb3F7piefXcOvIncU=,lwigf+TPjv+jbHCcKyRhfNrTE1I=
-319,145,GbLk+MWC4vnb3F7piefXcOvIncU=,lwigf+TPjv+jbHCcKyRhfNrTE1I=
-320,145,GbLk+MWC4vnb3F7piefXcOvIncU=,lwigf+TPjv+jbHCcKyRhfNrTE1I=
-320,144,GbLk+MWC4vnb3F7piefXcOvIncU=,lwigf+TPjv+jbHCcKyRhfNrTE1I=
-290,159,Yb9ddA9/IU7tArN9prIeQd6SAaM=,lwigf+TPjv+jbHCcKyRhfNrTE1I=
-289,159,Yb9ddA9/IU7tArN9prIeQd6SAaM=,lwigf+TPjv+jbHCcKyRhfNrTE1I=
-304,145,Yb9ddA9/IU7tArN9prIeQd6SAaM=,lwigf+TPjv+jbHCcKyRhfNrTE1I=
-289,144,Yb9ddA9/IU7tArN9prIeQd6SAaM=,lwigf+TPjv+jbHCcKyRhfNrTE1I=
-302,145,Yb9ddA9/IU7tArN9prIeQd6SAaM=,lwigf+TPjv+jbHCcKyRhfNrTE1I=
-301,145,Yb9ddA9/IU7tArN9prIeQd6SAaM=,lwigf+TPjv+jbHCcKyRhfNrTE1I=
-291,144,Yb9ddA9/IU7tArN9prIeQd6SAaM=,lwigf+TPjv+jbHCcKyRhfNrTE1I=
-300,145,Yb9ddA9/IU7tArN9prIeQd6SAaM=,lwigf+TPjv+jbHCcKyRhfNrTE1I=
-292,144,Yb9ddA9/IU7tArN9prIeQd6SAaM=,lwigf+TPjv+jbHCcKyRhfNrTE1I=
-303,145,Yb9ddA9/IU7tArN9prIeQd6SAaM=,lwigf+TPjv+jbHCcKyRhfNrTE1I=
-299,145,Yb9ddA9/IU7tArN9prIeQd6SAaM=,lwigf+TPjv+jbHCcKyRhfNrTE1I=
-298,145,Yb9ddA9/IU7tArN9prIeQd6SAaM=,lwigf+TPjv+jbHCcKyRhfNrTE1I=
-297,145,Yb9ddA9/IU7tArN9prIeQd6SAaM=,lwigf+TPjv+jbHCcKyRhfNrTE1I=
-293,144,Yb9ddA9/IU7tArN9prIeQd6SAaM=,lwigf+TPjv+jbHCcKyRhfNrTE1I=
-295,144,Yb9ddA9/IU7tArN9prIeQd6SAaM=,lwigf+TPjv+jbHCcKyRhfNrTE1I=
-294,144,Yb9ddA9/IU7tArN9prIeQd6SAaM=,lwigf+TPjv+jbHCcKyRhfNrTE1I=
-290,144,Yb9ddA9/IU7tArN9prIeQd6SAaM=,lwigf+TPjv+jbHCcKyRhfNrTE1I=
-296,145,Yb9ddA9/IU7tArN9prIeQd6SAaM=,lwigf+TPjv+jbHCcKyRhfNrTE1I=
-295,145,Yb9ddA9/IU7tArN9prIeQd6SAaM=,lwigf+TPjv+jbHCcKyRhfNrTE1I=
-296,144,Yb9ddA9/IU7tArN9prIeQd6SAaM=,lwigf+TPjv+jbHCcKyRhfNrTE1I=
-299,144,Yb9ddA9/IU7tArN9prIeQd6SAaM=,lwigf+TPjv+jbHCcKyRhfNrTE1I=
-298,144,Yb9ddA9/IU7tArN9prIeQd6SAaM=,lwigf+TPjv+jbHCcKyRhfNrTE1I=
-297,144,Yb9ddA9/IU7tArN9prIeQd6SAaM=,lwigf+TPjv+jbHCcKyRhfNrTE1I=
-293,145,Yb9ddA9/IU7tArN9prIeQd6SAaM=,lwigf+TPjv+jbHCcKyRhfNrTE1I=
-294,145,Yb9ddA9/IU7tArN9prIeQd6SAaM=,lwigf+TPjv+jbHCcKyRhfNrTE1I=
-300,144,Yb9ddA9/IU7tArN9prIeQd6SAaM=,lwigf+TPjv+jbHCcKyRhfNrTE1I=
-301,144,Yb9ddA9/IU7tArN9prIeQd6SAaM=,lwigf+TPjv+jbHCcKyRhfNrTE1I=
-292,145,Yb9ddA9/IU7tArN9prIeQd6SAaM=,lwigf+TPjv+jbHCcKyRhfNrTE1I=
-303,144,Yb9ddA9/IU7tArN9prIeQd6SAaM=,lwigf+TPjv+jbHCcKyRhfNrTE1I=
-291,145,Yb9ddA9/IU7tArN9prIeQd6SAaM=,lwigf+TPjv+jbHCcKyRhfNrTE1I=
-304,144,Yb9ddA9/IU7tArN9prIeQd6SAaM=,lwigf+TPjv+jbHCcKyRhfNrTE1I=
-290,145,Yb9ddA9/IU7tArN9prIeQd6SAaM=,lwigf+TPjv+jbHCcKyRhfNrTE1I=
-291,159,Yb9ddA9/IU7tArN9prIeQd6SAaM=,lwigf+TPjv+jbHCcKyRhfNrTE1I=
-292,159,Yb9ddA9/IU7tArN9prIeQd6SAaM=,lwigf+TPjv+jbHCcKyRhfNrTE1I=
-289,145,Yb9ddA9/IU7tArN9prIeQd6SAaM=,lwigf+TPjv+jbHCcKyRhfNrTE1I=
-294,159,Yb9ddA9/IU7tArN9prIeQd6SAaM=,lwigf+TPjv+jbHCcKyRhfNrTE1I=
-293,159,Yb9ddA9/IU7tArN9prIeQd6SAaM=,lwigf+TPjv+jbHCcKyRhfNrTE1I=
-295,159,Yb9ddA9/IU7tArN9prIeQd6SAaM=,lwigf+TPjv+jbHCcKyRhfNrTE1I=
-296,159,Yb9ddA9/IU7tArN9prIeQd6SAaM=,lwigf+TPjv+jbHCcKyRhfNrTE1I=
-302,144,Yb9ddA9/IU7tArN9prIeQd6SAaM=,lwigf+TPjv+jbHCcKyRhfNrTE1I=
-304,146,Yb9ddA9/IU7tArN9prIeQd6SAaM=,lwigf+TPjv+jbHCcKyRhfNrTE1I=
-297,159,Yb9ddA9/IU7tArN9prIeQd6SAaM=,lwigf+TPjv+jbHCcKyRhfNrTE1I=
-298,159,Yb9ddA9/IU7tArN9prIeQd6SAaM=,lwigf+TPjv+jbHCcKyRhfNrTE1I=
-303,146,Yb9ddA9/IU7tArN9prIeQd6SAaM=,lwigf+TPjv+jbHCcKyRhfNrTE1I=
-299,159,Yb9ddA9/IU7tArN9prIeQd6SAaM=,lwigf+TPjv+jbHCcKyRhfNrTE1I=
-300,159,Yb9ddA9/IU7tArN9prIeQd6SAaM=,lwigf+TPjv+jbHCcKyRhfNrTE1I=
-301,159,Yb9ddA9/IU7tArN9prIeQd6SAaM=,lwigf+TPjv+jbHCcKyRhfNrTE1I=
-302,146,Yb9ddA9/IU7tArN9prIeQd6SAaM=,lwigf+TPjv+jbHCcKyRhfNrTE1I=
-301,146,Yb9ddA9/IU7tArN9prIeQd6SAaM=,lwigf+TPjv+jbHCcKyRhfNrTE1I=
-303,159,Yb9ddA9/IU7tArN9prIeQd6SAaM=,lwigf+TPjv+jbHCcKyRhfNrTE1I=
-304,159,Yb9ddA9/IU7tArN9prIeQd6SAaM=,lwigf+TPjv+jbHCcKyRhfNrTE1I=
-302,159,Yb9ddA9/IU7tArN9prIeQd6SAaM=,lwigf+TPjv+jbHCcKyRhfNrTE1I=
-289,158,Yb9ddA9/IU7tArN9prIeQd6SAaM=,lwigf+TPjv+jbHCcKyRhfNrTE1I=
-300,146,Yb9ddA9/IU7tArN9prIeQd6SAaM=,lwigf+TPjv+jbHCcKyRhfNrTE1I=
-291,158,Yb9ddA9/IU7tArN9prIeQd6SAaM=,lwigf+TPjv+jbHCcKyRhfNrTE1I=
-292,158,Yb9ddA9/IU7tArN9prIeQd6SAaM=,lwigf+TPjv+jbHCcKyRhfNrTE1I=
-299,146,Yb9ddA9/IU7tArN9prIeQd6SAaM=,lwigf+TPjv+jbHCcKyRhfNrTE1I=
-290,158,Yb9ddA9/IU7tArN9prIeQd6SAaM=,lwigf+TPjv+jbHCcKyRhfNrTE1I=
-294,158,Yb9ddA9/IU7tArN9prIeQd6SAaM=,lwigf+TPjv+jbHCcKyRhfNrTE1I=
-293,158,Yb9ddA9/IU7tArN9prIeQd6SAaM=,lwigf+TPjv+jbHCcKyRhfNrTE1I=
-298,146,Yb9ddA9/IU7tArN9prIeQd6SAaM=,lwigf+TPjv+jbHCcKyRhfNrTE1I=
-295,158,Yb9ddA9/IU7tArN9prIeQd6SAaM=,lwigf+TPjv+jbHCcKyRhfNrTE1I=
-296,158,Yb9ddA9/IU7tArN9prIeQd6SAaM=,lwigf+TPjv+jbHCcKyRhfNrTE1I=
-297,158,Yb9ddA9/IU7tArN9prIeQd6SAaM=,lwigf+TPjv+jbHCcKyRhfNrTE1I=
-298,158,Yb9ddA9/IU7tArN9prIeQd6SAaM=,lwigf+TPjv+jbHCcKyRhfNrTE1I=
-300,158,Yb9ddA9/IU7tArN9prIeQd6SAaM=,lwigf+TPjv+jbHCcKyRhfNrTE1I=
-301,158,Yb9ddA9/IU7tArN9prIeQd6SAaM=,lwigf+TPjv+jbHCcKyRhfNrTE1I=
-297,146,Yb9ddA9/IU7tArN9prIeQd6SAaM=,lwigf+TPjv+jbHCcKyRhfNrTE1I=
-303,158,Yb9ddA9/IU7tArN9prIeQd6SAaM=,lwigf+TPjv+jbHCcKyRhfNrTE1I=
-296,146,Yb9ddA9/IU7tArN9prIeQd6SAaM=,lwigf+TPjv+jbHCcKyRhfNrTE1I=
-289,157,Yb9ddA9/IU7tArN9prIeQd6SAaM=,lwigf+TPjv+jbHCcKyRhfNrTE1I=
-302,158,Yb9ddA9/IU7tArN9prIeQd6SAaM=,lwigf+TPjv+jbHCcKyRhfNrTE1I=
-304,158,Yb9ddA9/IU7tArN9prIeQd6SAaM=,lwigf+TPjv+jbHCcKyRhfNrTE1I=
-295,146,Yb9ddA9/IU7tArN9prIeQd6SAaM=,lwigf+TPjv+jbHCcKyRhfNrTE1I=
-299,158,Yb9ddA9/IU7tArN9prIeQd6SAaM=,lwigf+TPjv+jbHCcKyRhfNrTE1I=
-290,157,Yb9ddA9/IU7tArN9prIeQd6SAaM=,lwigf+TPjv+jbHCcKyRhfNrTE1I=
-294,146,Yb9ddA9/IU7tArN9prIeQd6SAaM=,lwigf+TPjv+jbHCcKyRhfNrTE1I=
-292,157,Yb9ddA9/IU7tArN9prIeQd6SAaM=,lwigf+TPjv+jbHCcKyRhfNrTE1I=
-291,157,Yb9ddA9/IU7tArN9prIeQd6SAaM=,lwigf+TPjv+jbHCcKyRhfNrTE1I=
-293,146,Yb9ddA9/IU7tArN9prIeQd6SAaM=,lwigf+TPjv+jbHCcKyRhfNrTE1I=
-293,157,Yb9ddA9/IU7tArN9prIeQd6SAaM=,lwigf+TPjv+jbHCcKyRhfNrTE1I=
-294,157,Yb9ddA9/IU7tArN9prIeQd6SAaM=,lwigf+TPjv+jbHCcKyRhfNrTE1I=
-296,157,Yb9ddA9/IU7tArN9prIeQd6SAaM=,lwigf+TPjv+jbHCcKyRhfNrTE1I=
-292,146,Yb9ddA9/IU7tArN9prIeQd6SAaM=,lwigf+TPjv+jbHCcKyRhfNrTE1I=
-297,157,Yb9ddA9/IU7tArN9prIeQd6SAaM=,lwigf+TPjv+jbHCcKyRhfNrTE1I=
-300,157,Yb9ddA9/IU7tArN9prIeQd6SAaM=,lwigf+TPjv+jbHCcKyRhfNrTE1I=
-298,157,Yb9ddA9/IU7tArN9prIeQd6SAaM=,lwigf+TPjv+jbHCcKyRhfNrTE1I=
-291,146,Yb9ddA9/IU7tArN9prIeQd6SAaM=,lwigf+TPjv+jbHCcKyRhfNrTE1I=
-299,157,Yb9ddA9/IU7tArN9prIeQd6SAaM=,lwigf+TPjv+jbHCcKyRhfNrTE1I=
-301,157,Yb9ddA9/IU7tArN9prIeQd6SAaM=,lwigf+TPjv+jbHCcKyRhfNrTE1I=
-303,157,Yb9ddA9/IU7tArN9prIeQd6SAaM=,lwigf+TPjv+jbHCcKyRhfNrTE1I=
-304,157,Yb9ddA9/IU7tArN9prIeQd6SAaM=,lwigf+TPjv+jbHCcKyRhfNrTE1I=
-302,157,Yb9ddA9/IU7tArN9prIeQd6SAaM=,lwigf+TPjv+jbHCcKyRhfNrTE1I=
-290,146,Yb9ddA9/IU7tArN9prIeQd6SAaM=,lwigf+TPjv+jbHCcKyRhfNrTE1I=
-295,157,Yb9ddA9/IU7tArN9prIeQd6SAaM=,lwigf+TPjv+jbHCcKyRhfNrTE1I=
-290,156,Yb9ddA9/IU7tArN9prIeQd6SAaM=,lwigf+TPjv+jbHCcKyRhfNrTE1I=
-292,156,Yb9ddA9/IU7tArN9prIeQd6SAaM=,lwigf+TPjv+jbHCcKyRhfNrTE1I=
-289,156,Yb9ddA9/IU7tArN9prIeQd6SAaM=,lwigf+TPjv+jbHCcKyRhfNrTE1I=
-293,156,Yb9ddA9/IU7tArN9prIeQd6SAaM=,lwigf+TPjv+jbHCcKyRhfNrTE1I=
-289,146,Yb9ddA9/IU7tArN9prIeQd6SAaM=,lwigf+TPjv+jbHCcKyRhfNrTE1I=
-291,156,Yb9ddA9/IU7tArN9prIeQd6SAaM=,lwigf+TPjv+jbHCcKyRhfNrTE1I=
-294,156,Yb9ddA9/IU7tArN9prIeQd6SAaM=,lwigf+TPjv+jbHCcKyRhfNrTE1I=
-295,156,Yb9ddA9/IU7tArN9prIeQd6SAaM=,lwigf+TPjv+jbHCcKyRhfNrTE1I=
-304,147,Yb9ddA9/IU7tArN9prIeQd6SAaM=,lwigf+TPjv+jbHCcKyRhfNrTE1I=
-298,156,Yb9ddA9/IU7tArN9prIeQd6SAaM=,lwigf+TPjv+jbHCcKyRhfNrTE1I=
-303,147,Yb9ddA9/IU7tArN9prIeQd6SAaM=,lwigf+TPjv+jbHCcKyRhfNrTE1I=
-299,156,Yb9ddA9/IU7tArN9prIeQd6SAaM=,lwigf+TPjv+jbHCcKyRhfNrTE1I=
-300,156,Yb9ddA9/IU7tArN9prIeQd6SAaM=,lwigf+TPjv+jbHCcKyRhfNrTE1I=
-297,156,Yb9ddA9/IU7tArN9prIeQd6SAaM=,lwigf+TPjv+jbHCcKyRhfNrTE1I=
-302,156,Yb9ddA9/IU7tArN9prIeQd6SAaM=,lwigf+TPjv+jbHCcKyRhfNrTE1I=
-303,156,Yb9ddA9/IU7tArN9prIeQd6SAaM=,lwigf+TPjv+jbHCcKyRhfNrTE1I=
-296,156,Yb9ddA9/IU7tArN9prIeQd6SAaM=,lwigf+TPjv+jbHCcKyRhfNrTE1I=
-289,155,Yb9ddA9/IU7tArN9prIeQd6SAaM=,lwigf+TPjv+jbHCcKyRhfNrTE1I=
-290,155,Yb9ddA9/IU7tArN9prIeQd6SAaM=,lwigf+TPjv+jbHCcKyRhfNrTE1I=
-302,147,Yb9ddA9/IU7tArN9prIeQd6SAaM=,lwigf+TPjv+jbHCcKyRhfNrTE1I=
-301,156,Yb9ddA9/IU7tArN9prIeQd6SAaM=,lwigf+TPjv+jbHCcKyRhfNrTE1I=
-301,147,Yb9ddA9/IU7tArN9prIeQd6SAaM=,lwigf+TPjv+jbHCcKyRhfNrTE1I=
-291,155,Yb9ddA9/IU7tArN9prIeQd6SAaM=,lwigf+TPjv+jbHCcKyRhfNrTE1I=
-294,155,Yb9ddA9/IU7tArN9prIeQd6SAaM=,lwigf+TPjv+jbHCcKyRhfNrTE1I=
-293,155,Yb9ddA9/IU7tArN9prIeQd6SAaM=,lwigf+TPjv+jbHCcKyRhfNrTE1I=
-300,147,Yb9ddA9/IU7tArN9prIeQd6SAaM=,lwigf+TPjv+jbHCcKyRhfNrTE1I=
-292,155,Yb9ddA9/IU7tArN9prIeQd6SAaM=,lwigf+TPjv+jbHCcKyRhfNrTE1I=
-297,155,Yb9ddA9/IU7tArN9prIeQd6SAaM=,lwigf+TPjv+jbHCcKyRhfNrTE1I=
-295,155,Yb9ddA9/IU7tArN9prIeQd6SAaM=,lwigf+TPjv+jbHCcKyRhfNrTE1I=
-299,147,Yb9ddA9/IU7tArN9prIeQd6SAaM=,lwigf+TPjv+jbHCcKyRhfNrTE1I=
-299,155,Yb9ddA9/IU7tArN9prIeQd6SAaM=,lwigf+TPjv+jbHCcKyRhfNrTE1I=
-296,155,Yb9ddA9/IU7tArN9prIeQd6SAaM=,lwigf+TPjv+jbHCcKyRhfNrTE1I=
-300,155,Yb9ddA9/IU7tArN9prIeQd6SAaM=,lwigf+TPjv+jbHCcKyRhfNrTE1I=
-303,155,Yb9ddA9/IU7tArN9prIeQd6SAaM=,lwigf+TPjv+jbHCcKyRhfNrTE1I=
-298,155,Yb9ddA9/IU7tArN9prIeQd6SAaM=,lwigf+TPjv+jbHCcKyRhfNrTE1I=
-302,155,Yb9ddA9/IU7tArN9prIeQd6SAaM=,lwigf+TPjv+jbHCcKyRhfNrTE1I=
-301,155,Yb9ddA9/IU7tArN9prIeQd6SAaM=,lwigf+TPjv+jbHCcKyRhfNrTE1I=
-304,155,Yb9ddA9/IU7tArN9prIeQd6SAaM=,lwigf+TPjv+jbHCcKyRhfNrTE1I=
-292,154,Yb9ddA9/IU7tArN9prIeQd6SAaM=,lwigf+TPjv+jbHCcKyRhfNrTE1I=
-298,147,Yb9ddA9/IU7tArN9prIeQd6SAaM=,lwigf+TPjv+jbHCcKyRhfNrTE1I=
-290,154,Yb9ddA9/IU7tArN9prIeQd6SAaM=,lwigf+TPjv+jbHCcKyRhfNrTE1I=
-291,154,Yb9ddA9/IU7tArN9prIeQd6SAaM=,lwigf+TPjv+jbHCcKyRhfNrTE1I=
-289,154,Yb9ddA9/IU7tArN9prIeQd6SAaM=,lwigf+TPjv+jbHCcKyRhfNrTE1I=
-295,154,Yb9ddA9/IU7tArN9prIeQd6SAaM=,lwigf+TPjv+jbHCcKyRhfNrTE1I=
-304,156,Yb9ddA9/IU7tArN9prIeQd6SAaM=,lwigf+TPjv+jbHCcKyRhfNrTE1I=
-297,147,Yb9ddA9/IU7tArN9prIeQd6SAaM=,lwigf+TPjv+jbHCcKyRhfNrTE1I=
-294,154,Yb9ddA9/IU7tArN9prIeQd6SAaM=,lwigf+TPjv+jbHCcKyRhfNrTE1I=
-293,154,Yb9ddA9/IU7tArN9prIeQd6SAaM=,lwigf+TPjv+jbHCcKyRhfNrTE1I=
-297,154,Yb9ddA9/IU7tArN9prIeQd6SAaM=,lwigf+TPjv+jbHCcKyRhfNrTE1I=
-296,154,Yb9ddA9/IU7tArN9prIeQd6SAaM=,lwigf+TPjv+jbHCcKyRhfNrTE1I=
-300,154,Yb9ddA9/IU7tArN9prIeQd6SAaM=,lwigf+TPjv+jbHCcKyRhfNrTE1I=
-296,147,Yb9ddA9/IU7tArN9prIeQd6SAaM=,lwigf+TPjv+jbHCcKyRhfNrTE1I=
-301,154,Yb9ddA9/IU7tArN9prIeQd6SAaM=,lwigf+TPjv+jbHCcKyRhfNrTE1I=
-298,154,Yb9ddA9/IU7tArN9prIeQd6SAaM=,lwigf+TPjv+jbHCcKyRhfNrTE1I=
-302,154,Yb9ddA9/IU7tArN9prIeQd6SAaM=,lwigf+TPjv+jbHCcKyRhfNrTE1I=
-289,153,Yb9ddA9/IU7tArN9prIeQd6SAaM=,lwigf+TPjv+jbHCcKyRhfNrTE1I=
-303,154,Yb9ddA9/IU7tArN9prIeQd6SAaM=,lwigf+TPjv+jbHCcKyRhfNrTE1I=
-290,153,Yb9ddA9/IU7tArN9prIeQd6SAaM=,lwigf+TPjv+jbHCcKyRhfNrTE1I=
-295,147,Yb9ddA9/IU7tArN9prIeQd6SAaM=,lwigf+TPjv+jbHCcKyRhfNrTE1I=
-291,153,Yb9ddA9/IU7tArN9prIeQd6SAaM=,lwigf+TPjv+jbHCcKyRhfNrTE1I=
-299,154,Yb9ddA9/IU7tArN9prIeQd6SAaM=,lwigf+TPjv+jbHCcKyRhfNrTE1I=
-304,154,Yb9ddA9/IU7tArN9prIeQd6SAaM=,lwigf+TPjv+jbHCcKyRhfNrTE1I=
-292,153,Yb9ddA9/IU7tArN9prIeQd6SAaM=,lwigf+TPjv+jbHCcKyRhfNrTE1I=
-293,153,Yb9ddA9/IU7tArN9prIeQd6SAaM=,lwigf+TPjv+jbHCcKyRhfNrTE1I=
-295,153,Yb9ddA9/IU7tArN9prIeQd6SAaM=,lwigf+TPjv+jbHCcKyRhfNrTE1I=
-294,153,Yb9ddA9/IU7tArN9prIeQd6SAaM=,lwigf+TPjv+jbHCcKyRhfNrTE1I=
-297,153,Yb9ddA9/IU7tArN9prIeQd6SAaM=,lwigf+TPjv+jbHCcKyRhfNrTE1I=
-299,153,Yb9ddA9/IU7tArN9prIeQd6SAaM=,lwigf+TPjv+jbHCcKyRhfNrTE1I=
-296,153,Yb9ddA9/IU7tArN9prIeQd6SAaM=,lwigf+TPjv+jbHCcKyRhfNrTE1I=
-300,153,Yb9ddA9/IU7tArN9prIeQd6SAaM=,lwigf+TPjv+jbHCcKyRhfNrTE1I=
-294,147,Yb9ddA9/IU7tArN9prIeQd6SAaM=,lwigf+TPjv+jbHCcKyRhfNrTE1I=
-298,153,Yb9ddA9/IU7tArN9prIeQd6SAaM=,lwigf+TPjv+jbHCcKyRhfNrTE1I=
-301,153,Yb9ddA9/IU7tArN9prIeQd6SAaM=,lwigf+TPjv+jbHCcKyRhfNrTE1I=
-302,153,Yb9ddA9/IU7tArN9prIeQd6SAaM=,lwigf+TPjv+jbHCcKyRhfNrTE1I=
-289,152,Yb9ddA9/IU7tArN9prIeQd6SAaM=,lwigf+TPjv+jbHCcKyRhfNrTE1I=
-303,153,Yb9ddA9/IU7tArN9prIeQd6SAaM=,lwigf+TPjv+jbHCcKyRhfNrTE1I=
-290,152,Yb9ddA9/IU7tArN9prIeQd6SAaM=,lwigf+TPjv+jbHCcKyRhfNrTE1I=
-304,153,Yb9ddA9/IU7tArN9prIeQd6SAaM=,lwigf+TPjv+jbHCcKyRhfNrTE1I=
-293,147,Yb9ddA9/IU7tArN9prIeQd6SAaM=,lwigf+TPjv+jbHCcKyRhfNrTE1I=
-291,152,Yb9ddA9/IU7tArN9prIeQd6SAaM=,lwigf+TPjv+jbHCcKyRhfNrTE1I=
-293,152,Yb9ddA9/IU7tArN9prIeQd6SAaM=,lwigf+TPjv+jbHCcKyRhfNrTE1I=
-292,152,Yb9ddA9/IU7tArN9prIeQd6SAaM=,lwigf+TPjv+jbHCcKyRhfNrTE1I=
-296,152,Yb9ddA9/IU7tArN9prIeQd6SAaM=,lwigf+TPjv+jbHCcKyRhfNrTE1I=
-294,152,Yb9ddA9/IU7tArN9prIeQd6SAaM=,lwigf+TPjv+jbHCcKyRhfNrTE1I=
-298,152,Yb9ddA9/IU7tArN9prIeQd6SAaM=,lwigf+TPjv+jbHCcKyRhfNrTE1I=
-295,152,Yb9ddA9/IU7tArN9prIeQd6SAaM=,lwigf+TPjv+jbHCcKyRhfNrTE1I=
-297,152,Yb9ddA9/IU7tArN9prIeQd6SAaM=,lwigf+TPjv+jbHCcKyRhfNrTE1I=
-299,152,Yb9ddA9/IU7tArN9prIeQd6SAaM=,lwigf+TPjv+jbHCcKyRhfNrTE1I=
-292,147,Yb9ddA9/IU7tArN9prIeQd6SAaM=,lwigf+TPjv+jbHCcKyRhfNrTE1I=
-300,152,Yb9ddA9/IU7tArN9prIeQd6SAaM=,lwigf+TPjv+jbHCcKyRhfNrTE1I=
-301,152,Yb9ddA9/IU7tArN9prIeQd6SAaM=,lwigf+TPjv+jbHCcKyRhfNrTE1I=
-303,152,Yb9ddA9/IU7tArN9prIeQd6SAaM=,lwigf+TPjv+jbHCcKyRhfNrTE1I=
-290,151,Yb9ddA9/IU7tArN9prIeQd6SAaM=,lwigf+TPjv+jbHCcKyRhfNrTE1I=
-304,152,Yb9ddA9/IU7tArN9prIeQd6SAaM=,lwigf+TPjv+jbHCcKyRhfNrTE1I=
-302,152,Yb9ddA9/IU7tArN9prIeQd6SAaM=,lwigf+TPjv+jbHCcKyRhfNrTE1I=
-289,151,Yb9ddA9/IU7tArN9prIeQd6SAaM=,lwigf+TPjv+jbHCcKyRhfNrTE1I=
-291,151,Yb9ddA9/IU7tArN9prIeQd6SAaM=,lwigf+TPjv+jbHCcKyRhfNrTE1I=
-294,151,Yb9ddA9/IU7tArN9prIeQd6SAaM=,lwigf+TPjv+jbHCcKyRhfNrTE1I=
-291,147,Yb9ddA9/IU7tArN9prIeQd6SAaM=,lwigf+TPjv+jbHCcKyRhfNrTE1I=
-292,151,Yb9ddA9/IU7tArN9prIeQd6SAaM=,lwigf+TPjv+jbHCcKyRhfNrTE1I=
-293,151,Yb9ddA9/IU7tArN9prIeQd6SAaM=,lwigf+TPjv+jbHCcKyRhfNrTE1I=
-295,151,Yb9ddA9/IU7tArN9prIeQd6SAaM=,lwigf+TPjv+jbHCcKyRhfNrTE1I=
-296,151,Yb9ddA9/IU7tArN9prIeQd6SAaM=,lwigf+TPjv+jbHCcKyRhfNrTE1I=
-290,147,Yb9ddA9/IU7tArN9prIeQd6SAaM=,lwigf+TPjv+jbHCcKyRhfNrTE1I=
-297,151,Yb9ddA9/IU7tArN9prIeQd6SAaM=,lwigf+TPjv+jbHCcKyRhfNrTE1I=
-298,151,Yb9ddA9/IU7tArN9prIeQd6SAaM=,lwigf+TPjv+jbHCcKyRhfNrTE1I=
-300,151,Yb9ddA9/IU7tArN9prIeQd6SAaM=,lwigf+TPjv+jbHCcKyRhfNrTE1I=
-303,151,Yb9ddA9/IU7tArN9prIeQd6SAaM=,lwigf+TPjv+jbHCcKyRhfNrTE1I=
-299,151,Yb9ddA9/IU7tArN9prIeQd6SAaM=,lwigf+TPjv+jbHCcKyRhfNrTE1I=
-302,151,Yb9ddA9/IU7tArN9prIeQd6SAaM=,lwigf+TPjv+jbHCcKyRhfNrTE1I=
-301,151,Yb9ddA9/IU7tArN9prIeQd6SAaM=,lwigf+TPjv+jbHCcKyRhfNrTE1I=
-289,147,Yb9ddA9/IU7tArN9prIeQd6SAaM=,lwigf+TPjv+jbHCcKyRhfNrTE1I=
-304,151,Yb9ddA9/IU7tArN9prIeQd6SAaM=,lwigf+TPjv+jbHCcKyRhfNrTE1I=
-289,150,Yb9ddA9/IU7tArN9prIeQd6SAaM=,lwigf+TPjv+jbHCcKyRhfNrTE1I=
-291,150,Yb9ddA9/IU7tArN9prIeQd6SAaM=,lwigf+TPjv+jbHCcKyRhfNrTE1I=
-290,150,Yb9ddA9/IU7tArN9prIeQd6SAaM=,lwigf+TPjv+jbHCcKyRhfNrTE1I=
-304,148,Yb9ddA9/IU7tArN9prIeQd6SAaM=,lwigf+TPjv+jbHCcKyRhfNrTE1I=
-292,150,Yb9ddA9/IU7tArN9prIeQd6SAaM=,lwigf+TPjv+jbHCcKyRhfNrTE1I=
-295,150,Yb9ddA9/IU7tArN9prIeQd6SAaM=,lwigf+TPjv+jbHCcKyRhfNrTE1I=
-296,150,Yb9ddA9/IU7tArN9prIeQd6SAaM=,lwigf+TPjv+jbHCcKyRhfNrTE1I=
-297,150,Yb9ddA9/IU7tArN9prIeQd6SAaM=,lwigf+TPjv+jbHCcKyRhfNrTE1I=
-294,150,Yb9ddA9/IU7tArN9prIeQd6SAaM=,lwigf+TPjv+jbHCcKyRhfNrTE1I=
-299,150,Yb9ddA9/IU7tArN9prIeQd6SAaM=,lwigf+TPjv+jbHCcKyRhfNrTE1I=
-293,150,Yb9ddA9/IU7tArN9prIeQd6SAaM=,lwigf+TPjv+jbHCcKyRhfNrTE1I=
-298,150,Yb9ddA9/IU7tArN9prIeQd6SAaM=,lwigf+TPjv+jbHCcKyRhfNrTE1I=
-300,150,Yb9ddA9/IU7tArN9prIeQd6SAaM=,lwigf+TPjv+jbHCcKyRhfNrTE1I=
-302,150,Yb9ddA9/IU7tArN9prIeQd6SAaM=,lwigf+TPjv+jbHCcKyRhfNrTE1I=
-303,148,Yb9ddA9/IU7tArN9prIeQd6SAaM=,lwigf+TPjv+jbHCcKyRhfNrTE1I=
-304,150,Yb9ddA9/IU7tArN9prIeQd6SAaM=,lwigf+TPjv+jbHCcKyRhfNrTE1I=
-301,150,Yb9ddA9/IU7tArN9prIeQd6SAaM=,lwigf+TPjv+jbHCcKyRhfNrTE1I=
-303,150,Yb9ddA9/IU7tArN9prIeQd6SAaM=,lwigf+TPjv+jbHCcKyRhfNrTE1I=
-289,149,Yb9ddA9/IU7tArN9prIeQd6SAaM=,lwigf+TPjv+jbHCcKyRhfNrTE1I=
-290,149,Yb9ddA9/IU7tArN9prIeQd6SAaM=,lwigf+TPjv+jbHCcKyRhfNrTE1I=
-291,149,Yb9ddA9/IU7tArN9prIeQd6SAaM=,lwigf+TPjv+jbHCcKyRhfNrTE1I=
-292,149,Yb9ddA9/IU7tArN9prIeQd6SAaM=,lwigf+TPjv+jbHCcKyRhfNrTE1I=
-294,149,Yb9ddA9/IU7tArN9prIeQd6SAaM=,lwigf+TPjv+jbHCcKyRhfNrTE1I=
-302,148,Yb9ddA9/IU7tArN9prIeQd6SAaM=,lwigf+TPjv+jbHCcKyRhfNrTE1I=
-297,149,Yb9ddA9/IU7tArN9prIeQd6SAaM=,lwigf+TPjv+jbHCcKyRhfNrTE1I=
-295,149,Yb9ddA9/IU7tArN9prIeQd6SAaM=,lwigf+TPjv+jbHCcKyRhfNrTE1I=
-298,149,Yb9ddA9/IU7tArN9prIeQd6SAaM=,lwigf+TPjv+jbHCcKyRhfNrTE1I=
-293,149,Yb9ddA9/IU7tArN9prIeQd6SAaM=,lwigf+TPjv+jbHCcKyRhfNrTE1I=
-296,149,Yb9ddA9/IU7tArN9prIeQd6SAaM=,lwigf+TPjv+jbHCcKyRhfNrTE1I=
-299,149,Yb9ddA9/IU7tArN9prIeQd6SAaM=,lwigf+TPjv+jbHCcKyRhfNrTE1I=
-301,148,Yb9ddA9/IU7tArN9prIeQd6SAaM=,lwigf+TPjv+jbHCcKyRhfNrTE1I=
-300,149,Yb9ddA9/IU7tArN9prIeQd6SAaM=,lwigf+TPjv+jbHCcKyRhfNrTE1I=
-303,149,Yb9ddA9/IU7tArN9prIeQd6SAaM=,lwigf+TPjv+jbHCcKyRhfNrTE1I=
-302,149,Yb9ddA9/IU7tArN9prIeQd6SAaM=,lwigf+TPjv+jbHCcKyRhfNrTE1I=
-304,149,Yb9ddA9/IU7tArN9prIeQd6SAaM=,lwigf+TPjv+jbHCcKyRhfNrTE1I=
-301,149,Yb9ddA9/IU7tArN9prIeQd6SAaM=,lwigf+TPjv+jbHCcKyRhfNrTE1I=
-289,148,Yb9ddA9/IU7tArN9prIeQd6SAaM=,lwigf+TPjv+jbHCcKyRhfNrTE1I=
-290,148,Yb9ddA9/IU7tArN9prIeQd6SAaM=,lwigf+TPjv+jbHCcKyRhfNrTE1I=
-293,148,Yb9ddA9/IU7tArN9prIeQd6SAaM=,lwigf+TPjv+jbHCcKyRhfNrTE1I=
-292,148,Yb9ddA9/IU7tArN9prIeQd6SAaM=,lwigf+TPjv+jbHCcKyRhfNrTE1I=
-294,148,Yb9ddA9/IU7tArN9prIeQd6SAaM=,lwigf+TPjv+jbHCcKyRhfNrTE1I=
-300,148,Yb9ddA9/IU7tArN9prIeQd6SAaM=,lwigf+TPjv+jbHCcKyRhfNrTE1I=
-291,148,Yb9ddA9/IU7tArN9prIeQd6SAaM=,lwigf+TPjv+jbHCcKyRhfNrTE1I=
-295,148,Yb9ddA9/IU7tArN9prIeQd6SAaM=,lwigf+TPjv+jbHCcKyRhfNrTE1I=
-297,148,Yb9ddA9/IU7tArN9prIeQd6SAaM=,lwigf+TPjv+jbHCcKyRhfNrTE1I=
-296,148,Yb9ddA9/IU7tArN9prIeQd6SAaM=,lwigf+TPjv+jbHCcKyRhfNrTE1I=
-298,148,Yb9ddA9/IU7tArN9prIeQd6SAaM=,lwigf+TPjv+jbHCcKyRhfNrTE1I=
-299,148,Yb9ddA9/IU7tArN9prIeQd6SAaM=,lwigf+TPjv+jbHCcKyRhfNrTE1I=
