527,-64,rZvY8GKPA58nQRrCPsEqQJRQbB0=,iMh7yemisRS8ogkJpnWIiqsPKcc=
527,-63,rZvY8GKPA58nQRrCPsEqQJRQbB0=,iMh7yemisRS8ogkJpnWIiqsPKcc=
512,-62,rZvY8GKPA58nQRrCPsEqQJRQbB0=,iMh7yemisRS8ogkJpnWIiqsPKcc=
526,-63,rZvY8GKPA58nQRrCPsEqQJRQbB0=,iMh7yemisRS8ogkJpnWIiqsPKcc=
527,-49,rZvY8GKPA58nQRrCPsEqQJRQbB0=,iMh7yemisRS8ogkJpnWIiqsPKcc=
513,-62,rZvY8GKPA58nQRrCPsEqQJRQbB0=,iMh7yemisRS8ogkJpnWIiqsPKcc=
514,-62,rZvY8GKPA58nQRrCPsEqQJRQbB0=,iMh7yemisRS8ogkJpnWIiqsPKcc=
525,-49,rZvY8GKPA58nQRrCPsEqQJRQbB0=,iMh7yemisRS8ogkJpnWIiqsPKcc=
515,-62,rZvY8GKPA58nQRrCPsEqQJRQbB0=,iMh7yemisRS8ogkJpnWIiqsPKcc=
516,-62,rZvY8GKPA58nQRrCPsEqQJRQbB0=,iMh7yemisRS8ogkJpnWIiqsPKcc=
524,-49,rZvY8GKPA58nQRrCPsEqQJRQbB0=,iMh7yemisRS8ogkJpnWIiqsPKcc=
517,-62,rZvY8GKPA58nQRrCPsEqQJRQbB0=,iMh7yemisRS8ogkJpnWIiqsPKcc=
518,-62,rZvY8GKPA58nQRrCPsEqQJRQbB0=,iMh7yemisRS8ogkJpnWIiqsPKcc=
523,-49,rZvY8GKPA58nQRrCPsEqQJRQbB0=,iMh7yemisRS8ogkJpnWIiqsPKcc=
519,-62,rZvY8GKPA58nQRrCPsEqQJRQbB0=,iMh7yemisRS8ogkJpnWIiqsPKcc=
522,-49,rZvY8GKPA58nQRrCPsEqQJRQbB0=,iMh7yemisRS8ogkJpnWIiqsPKcc=
520,-62,rZvY8GKPA58nQRrCPsEqQJRQbB0=,iMh7yemisRS8ogkJpnWIiqsPKcc=
521,-49,rZvY8GKPA58nQRrCPsEqQJRQbB0=,iMh7yemisRS8ogkJpnWIiqsPKcc=
521,-62,rZvY8GKPA58nQRrCPsEqQJRQbB0=,iMh7yemisRS8ogkJpnWIiqsPKcc=
526,-49,rZvY8GKPA58nQRrCPsEqQJRQbB0=,iMh7yemisRS8ogkJpnWIiqsPKcc=
523,-62,rZvY8GKPA58nQRrCPsEqQJRQbB0=,iMh7yemisRS8ogkJpnWIiqsPKcc=
524,-62,rZvY8GKPA58nQRrCPsEqQJRQbB0=,iMh7yemisRS8ogkJpnWIiqsPKcc=
522,-62,rZvY8GKPA58nQRrCPsEqQJRQbB0=,iMh7yemisRS8ogkJpnWIiqsPKcc=
519,-49,rZvY8GKPA58nQRrCPsEqQJRQbB0=,iMh7yemisRS8ogkJpnWIiqsPKcc=
525,-62,rZvY8GKPA58nQRrCPsEqQJRQbB0=,iMh7yemisRS8ogkJpnWIiqsPKcc=
520,-49,rZvY8GKPA58nQRrCPsEqQJRQbB0=,iMh7yemisRS8ogkJpnWIiqsPKcc=
518,-49,rZvY8GKPA58nQRrCPsEqQJRQbB0=,iMh7yemisRS8ogkJpnWIiqsPKcc=
526,-62,rZvY8GKPA58nQRrCPsEqQJRQbB0=,iMh7yemisRS8ogkJpnWIiqsPKcc=
512,-63,rZvY8GKPA58nQRrCPsEqQJRQbB0=,iMh7yemisRS8ogkJpnWIiqsPKcc=
517,-49,rZvY8GKPA58nQRrCPsEqQJRQbB0=,iMh7yemisRS8ogkJpnWIiqsPKcc=
527,-62,rZvY8GKPA58nQRrCPsEqQJRQbB0=,iMh7yemisRS8ogkJpnWIiqsPKcc=
515,-49,rZvY8GKPA58nQRrCPsEqQJRQbB0=,iMh7yemisRS8ogkJpnWIiqsPKcc=
512,-61,rZvY8GKPA58nQRrCPsEqQJRQbB0=,iMh7yemisRS8ogkJpnWIiqsPKcc=
516,-49,rZvY8GKPA58nQRrCPsEqQJRQbB0=,iMh7yemisRS8ogkJpnWIiqsPKcc=
513,-61,rZvY8GKPA58nQRrCPsEqQJRQbB0=,iMh7yemisRS8ogkJpnWIiqsPKcc=
514,-61,rZvY8GKPA58nQRrCPsEqQJRQbB0=,iMh7yemisRS8ogkJpnWIiqsPKcc=
526,-64,rZvY8GKPA58nQRrCPsEqQJRQbB0=,iMh7yemisRS8ogkJpnWIiqsPKcc=
513,-49,rZvY8GKPA58nQRrCPsEqQJRQbB0=,iMh7yemisRS8ogkJpnWIiqsPKcc=
515,-61,rZvY8GKPA58nQRrCPsEqQJRQbB0=,iMh7yemisRS8ogkJpnWIiqsPKcc=
525,-64,rZvY8GKPA58nQRrCPsEqQJRQbB0=,iMh7yemisRS8ogkJpnWIiqsPKcc=
516,-61,rZvY8GKPA58nQRrCPsEqQJRQbB0=,iMh7yemisRS8ogkJpnWIiqsPKcc=
524,-64,rZvY8GKPA58nQRrCPsEqQJRQbB0=,iMh7yemisRS8ogkJpnWIiqsPKcc=
517,-61,rZvY8GKPA58nQRrCPsEqQJRQbB0=,iMh7yemisRS8ogkJpnWIiqsPKcc=
518,-61,rZvY8GKPA58nQRrCPsEqQJRQbB0=,iMh7yemisRS8ogkJpnWIiqsPKcc=
523,-64,rZvY8GKPA58nQRrCPsEqQJRQbB0=,iMh7yemisRS8ogkJpnWIiqsPKcc=
519,-61,rZvY8GKPA58nQRrCPsEqQJRQbB0=,iMh7yemisRS8ogkJpnWIiqsPKcc=
522,-64,rZvY8GKPA58nQRrCPsEqQJRQbB0=,iMh7yemisRS8ogkJpnWIiqsPKcc=
520,-61,rZvY8GKPA58nQRrCPsEqQJRQbB0=,iMh7yemisRS8ogkJpnWIiqsPKcc=
521,-64,rZvY8GKPA58nQRrCPsEqQJRQbB0=,iMh7yemisRS8ogkJpnWIiqsPKcc=
520,-64,rZvY8GKPA58nQRrCPsEqQJRQbB0=,iMh7yemisRS8ogkJpnWIiqsPKcc=
521,-61,rZvY8GKPA58nQRrCPsEqQJRQbB0=,iMh7yemisRS8ogkJpnWIiqsPKcc=
519,-64,rZvY8GKPA58nQRrCPsEqQJRQbB0=,iMh7yemisRS8ogkJpnWIiqsPKcc=
522,-61,rZvY8GKPA58nQRrCPsEqQJRQbB0=,iMh7yemisRS8ogkJpnWIiqsPKcc=
518,-64,rZvY8GKPA58nQRrCPsEqQJRQbB0=,iMh7yemisRS8ogkJpnWIiqsPKcc=
514,-49,rZvY8GKPA58nQRrCPsEqQJRQbB0=,iMh7yemisRS8ogkJpnWIiqsPKcc=
517,-64,rZvY8GKPA58nQRrCPsEqQJRQbB0=,iMh7yemisRS8ogkJpnWIiqsPKcc=
523,-61,rZvY8GKPA58nQRrCPsEqQJRQbB0=,iMh7yemisRS8ogkJpnWIiqsPKcc=
516,-64,rZvY8GKPA58nQRrCPsEqQJRQbB0=,iMh7yemisRS8ogkJpnWIiqsPKcc=
524,-61,rZvY8GKPA58nQRrCPsEqQJRQbB0=,iMh7yemisRS8ogkJpnWIiqsPKcc=
513,-63,rZvY8GKPA58nQRrCPsEqQJRQbB0=,iMh7yemisRS8ogkJpnWIiqsPKcc=
525,-61,rZvY8GKPA58nQRrCPsEqQJRQbB0=,iMh7yemisRS8ogkJpnWIiqsPKcc=
526,-61,rZvY8GKPA58nQRrCPsEqQJRQbB0=,iMh7yemisRS8ogkJpnWIiqsPKcc=
527,-61,rZvY8GKPA58nQRrCPsEqQJRQbB0=,iMh7yemisRS8ogkJpnWIiqsPKcc=
512,-60,rZvY8GKPA58nQRrCPsEqQJRQbB0=,iMh7yemisRS8ogkJpnWIiqsPKcc=
513,-60,rZvY8GKPA58nQRrCPsEqQJRQbB0=,iMh7yemisRS8ogkJpnWIiqsPKcc=
514,-60,rZvY8GKPA58nQRrCPsEqQJRQbB0=,iMh7yemisRS8ogkJpnWIiqsPKcc=
515,-60,rZvY8GKPA58nQRrCPsEqQJRQbB0=,iMh7yemisRS8ogkJpnWIiqsPKcc=
516,-60,rZvY8GKPA58nQRrCPsEqQJRQbB0=,iMh7yemisRS8ogkJpnWIiqsPKcc=
525,-63,rZvY8GKPA58nQRrCPsEqQJRQbB0=,iMh7yemisRS8ogkJpnWIiqsPKcc=
517,-60,rZvY8GKPA58nQRrCPsEqQJRQbB0=,iMh7yemisRS8ogkJpnWIiqsPKcc=
518,-60,rZvY8GKPA58nQRrCPsEqQJRQbB0=,iMh7yemisRS8ogkJpnWIiqsPKcc=
519,-60,rZvY8GKPA58nQRrCPsEqQJRQbB0=,iMh7yemisRS8ogkJpnWIiqsPKcc=
520,-60,rZvY8GKPA58nQRrCPsEqQJRQbB0=,iMh7yemisRS8ogkJpnWIiqsPKcc=
526,-50,rZvY8GKPA58nQRrCPsEqQJRQbB0=,iMh7yemisRS8ogkJpnWIiqsPKcc=
521,-60,rZvY8GKPA58nQRrCPsEqQJRQbB0=,iMh7yemisRS8ogkJpnWIiqsPKcc=
522,-60,rZvY8GKPA58nQRrCPsEqQJRQbB0=,iMh7yemisRS8ogkJpnWIiqsPKcc=
525,-50,rZvY8GKPA58nQRrCPsEqQJRQbB0=,iMh7yemisRS8ogkJpnWIiqsPKcc=
523,-60,rZvY8GKPA58nQRrCPsEqQJRQbB0=,iMh7yemisRS8ogkJpnWIiqsPKcc=
524,-50,rZvY8GKPA58nQRrCPsEqQJRQbB0=,iMh7yemisRS8ogkJpnWIiqsPKcc=
512,-49,rZvY8GKPA58nQRrCPsEqQJRQbB0=,iMh7yemisRS8ogkJpnWIiqsPKcc=
514,-63,rZvY8GKPA58nQRrCPsEqQJRQbB0=,iMh7yemisRS8ogkJpnWIiqsPKcc=
527,-50,rZvY8GKPA58nQRrCPsEqQJRQbB0=,iMh7yemisRS8ogkJpnWIiqsPKcc=
524,-60,rZvY8GKPA58nQRrCPsEqQJRQbB0=,iMh7yemisRS8ogkJpnWIiqsPKcc=
523,-50,rZvY8GKPA58nQRrCPsEqQJRQbB0=,iMh7yemisRS8ogkJpnWIiqsPKcc=
522,-50,rZvY8GKPA58nQRrCPsEqQJRQbB0=,iMh7yemisRS8ogkJpnWIiqsPKcc=
525,-60,rZvY8GKPA58nQRrCPsEqQJRQbB0=,iMh7yemisRS8ogkJpnWIiqsPKcc=
512,-64,rZvY8GKPA58nQRrCPsEqQJRQbB0=,iMh7yemisRS8ogkJpnWIiqsPKcc=
519,-50,rZvY8GKPA58nQRrCPsEqQJRQbB0=,iMh7yemisRS8ogkJpnWIiqsPKcc=
520,-50,rZvY8GKPA58nQRrCPsEqQJRQbB0=,iMh7yemisRS8ogkJpnWIiqsPKcc=
517,-50,rZvY8GKPA58nQRrCPsEqQJRQbB0=,iMh7yemisRS8ogkJpnWIiqsPKcc=
521,-50,rZvY8GKPA58nQRrCPsEqQJRQbB0=,iMh7yemisRS8ogkJpnWIiqsPKcc=
516,-50,rZvY8GKPA58nQRrCPsEqQJRQbB0=,iMh7yemisRS8ogkJpnWIiqsPKcc=
526,-60,rZvY8GKPA58nQRrCPsEqQJRQbB0=,iMh7yemisRS8ogkJpnWIiqsPKcc=
514,-50,rZvY8GKPA58nQRrCPsEqQJRQbB0=,iMh7yemisRS8ogkJpnWIiqsPKcc=
524,-63,rZvY8GKPA58nQRrCPsEqQJRQbB0=,iMh7yemisRS8ogkJpnWIiqsPKcc=
527,-60,rZvY8GKPA58nQRrCPsEqQJRQbB0=,iMh7yemisRS8ogkJpnWIiqsPKcc=
513,-50,rZvY8GKPA58nQRrCPsEqQJRQbB0=,iMh7yemisRS8ogkJpnWIiqsPKcc=
526,-51,rZvY8GKPA58nQRrCPsEqQJRQbB0=,iMh7yemisRS8ogkJpnWIiqsPKcc=
525,-51,rZvY8GKPA58nQRrCPsEqQJRQbB0=,iMh7yemisRS8ogkJpnWIiqsPKcc=
524,-51,rZvY8GKPA58nQRrCPsEqQJRQbB0=,iMh7yemisRS8ogkJpnWIiqsPKcc=
523,-51,rZvY8GKPA58nQRrCPsEqQJRQbB0=,iMh7yemisRS8ogkJpnWIiqsPKcc=
527,-51,rZvY8GKPA58nQRrCPsEqQJRQbB0=,iMh7yemisRS8ogkJpnWIiqsPKcc=
521,-51,rZvY8GKPA58nQRrCPsEqQJRQbB0=,iMh7yemisRS8ogkJpnWIiqsPKcc=
519,-51,rZvY8GKPA58nQRrCPsEqQJRQbB0=,iMh7yemisRS8ogkJpnWIiqsPKcc=
518,-51,rZvY8GKPA58nQRrCPsEqQJRQbB0=,iMh7yemisRS8ogkJpnWIiqsPKcc=
516,-51,rZvY8GKPA58nQRrCPsEqQJRQbB0=,iMh7yemisRS8ogkJpnWIiqsPKcc=
517,-51,rZvY8GKPA58nQRrCPsEqQJRQbB0=,iMh7yemisRS8ogkJpnWIiqsPKcc=
520,-51,rZvY8GKPA58nQRrCPsEqQJRQbB0=,iMh7yemisRS8ogkJpnWIiqsPKcc=
515,-51,rZvY8GKPA58nQRrCPsEqQJRQbB0=,iMh7yemisRS8ogkJpnWIiqsPKcc=
523,-63,rZvY8GKPA58nQRrCPsEqQJRQbB0=,iMh7yemisRS8ogkJpnWIiqsPKcc=
514,-51,rZvY8GKPA58nQRrCPsEqQJRQbB0=,iMh7yemisRS8ogkJpnWIiqsPKcc=
512,-51,rZvY8GKPA58nQRrCPsEqQJRQbB0=,iMh7yemisRS8ogkJpnWIiqsPKcc=
526,-52,rZvY8GKPA58nQRrCPsEqQJRQbB0=,iMh7yemisRS8ogkJpnWIiqsPKcc=
513,-51,rZvY8GKPA58nQRrCPsEqQJRQbB0=,iMh7yemisRS8ogkJpnWIiqsPKcc=
525,-52,rZvY8GKPA58nQRrCPsEqQJRQbB0=,iMh7yemisRS8ogkJpnWIiqsPKcc=
524,-52,rZvY8GKPA58nQRrCPsEqQJRQbB0=,iMh7yemisRS8ogkJpnWIiqsPKcc=
522,-52,rZvY8GKPA58nQRrCPsEqQJRQbB0=,iMh7yemisRS8ogkJpnWIiqsPKcc=
521,-52,rZvY8GKPA58nQRrCPsEqQJRQbB0=,iMh7yemisRS8ogkJpnWIiqsPKcc=
520,-52,rZvY8GKPA58nQRrCPsEqQJRQbB0=,iMh7yemisRS8ogkJpnWIiqsPKcc=
519,-52,rZvY8GKPA58nQRrCPsEqQJRQbB0=,iMh7yemisRS8ogkJpnWIiqsPKcc=
518,-52,rZvY8GKPA58nQRrCPsEqQJRQbB0=,iMh7yemisRS8ogkJpnWIiqsPKcc=
517,-52,rZvY8GKPA58nQRrCPsEqQJRQbB0=,iMh7yemisRS8ogkJpnWIiqsPKcc=
512,-59,rZvY8GKPA58nQRrCPsEqQJRQbB0=,iMh7yemisRS8ogkJpnWIiqsPKcc=
513,-64,rZvY8GKPA58nQRrCPsEqQJRQbB0=,iMh7yemisRS8ogkJpnWIiqsPKcc=
522,-63,rZvY8GKPA58nQRrCPsEqQJRQbB0=,iMh7yemisRS8ogkJpnWIiqsPKcc=
515,-52,rZvY8GKPA58nQRrCPsEqQJRQbB0=,iMh7yemisRS8ogkJpnWIiqsPKcc=
514,-52,rZvY8GKPA58nQRrCPsEqQJRQbB0=,iMh7yemisRS8ogkJpnWIiqsPKcc=
513,-52,rZvY8GKPA58nQRrCPsEqQJRQbB0=,iMh7yemisRS8ogkJpnWIiqsPKcc=
512,-52,rZvY8GKPA58nQRrCPsEqQJRQbB0=,iMh7yemisRS8ogkJpnWIiqsPKcc=
527,-53,rZvY8GKPA58nQRrCPsEqQJRQbB0=,iMh7yemisRS8ogkJpnWIiqsPKcc=
526,-53,rZvY8GKPA58nQRrCPsEqQJRQbB0=,iMh7yemisRS8ogkJpnWIiqsPKcc=
525,-53,rZvY8GKPA58nQRrCPsEqQJRQbB0=,iMh7yemisRS8ogkJpnWIiqsPKcc=
524,-53,rZvY8GKPA58nQRrCPsEqQJRQbB0=,iMh7yemisRS8ogkJpnWIiqsPKcc=
523,-53,rZvY8GKPA58nQRrCPsEqQJRQbB0=,iMh7yemisRS8ogkJpnWIiqsPKcc=
522,-51,rZvY8GKPA58nQRrCPsEqQJRQbB0=,iMh7yemisRS8ogkJpnWIiqsPKcc=
521,-53,rZvY8GKPA58nQRrCPsEqQJRQbB0=,iMh7yemisRS8ogkJpnWIiqsPKcc=
520,-53,rZvY8GKPA58nQRrCPsEqQJRQbB0=,iMh7yemisRS8ogkJpnWIiqsPKcc=
512,-50,rZvY8GKPA58nQRrCPsEqQJRQbB0=,iMh7yemisRS8ogkJpnWIiqsPKcc=
518,-53,rZvY8GKPA58nQRrCPsEqQJRQbB0=,iMh7yemisRS8ogkJpnWIiqsPKcc=
517,-53,rZvY8GKPA58nQRrCPsEqQJRQbB0=,iMh7yemisRS8ogkJpnWIiqsPKcc=
521,-63,rZvY8GKPA58nQRrCPsEqQJRQbB0=,iMh7yemisRS8ogkJpnWIiqsPKcc=
516,-53,rZvY8GKPA58nQRrCPsEqQJRQbB0=,iMh7yemisRS8ogkJpnWIiqsPKcc=
515,-53,rZvY8GKPA58nQRrCPsEqQJRQbB0=,iMh7yemisRS8ogkJpnWIiqsPKcc=
514,-53,rZvY8GKPA58nQRrCPsEqQJRQbB0=,iMh7yemisRS8ogkJpnWIiqsPKcc=
513,-53,rZvY8GKPA58nQRrCPsEqQJRQbB0=,iMh7yemisRS8ogkJpnWIiqsPKcc=
512,-53,rZvY8GKPA58nQRrCPsEqQJRQbB0=,iMh7yemisRS8ogkJpnWIiqsPKcc=
527,-54,rZvY8GKPA58nQRrCPsEqQJRQbB0=,iMh7yemisRS8ogkJpnWIiqsPKcc=
526,-54,rZvY8GKPA58nQRrCPsEqQJRQbB0=,iMh7yemisRS8ogkJpnWIiqsPKcc=
525,-54,rZvY8GKPA58nQRrCPsEqQJRQbB0=,iMh7yemisRS8ogkJpnWIiqsPKcc=
513,-59,rZvY8GKPA58nQRrCPsEqQJRQbB0=,iMh7yemisRS8ogkJpnWIiqsPKcc=
515,-50,rZvY8GKPA58nQRrCPsEqQJRQbB0=,iMh7yemisRS8ogkJpnWIiqsPKcc=
514,-64,rZvY8GKPA58nQRrCPsEqQJRQbB0=,iMh7yemisRS8ogkJpnWIiqsPKcc=
523,-52,rZvY8GKPA58nQRrCPsEqQJRQbB0=,iMh7yemisRS8ogkJpnWIiqsPKcc=
515,-64,rZvY8GKPA58nQRrCPsEqQJRQbB0=,iMh7yemisRS8ogkJpnWIiqsPKcc=
520,-54,rZvY8GKPA58nQRrCPsEqQJRQbB0=,iMh7yemisRS8ogkJpnWIiqsPKcc=
519,-54,rZvY8GKPA58nQRrCPsEqQJRQbB0=,iMh7yemisRS8ogkJpnWIiqsPKcc=
518,-54,rZvY8GKPA58nQRrCPsEqQJRQbB0=,iMh7yemisRS8ogkJpnWIiqsPKcc=
520,-63,rZvY8GKPA58nQRrCPsEqQJRQbB0=,iMh7yemisRS8ogkJpnWIiqsPKcc=
517,-54,rZvY8GKPA58nQRrCPsEqQJRQbB0=,iMh7yemisRS8ogkJpnWIiqsPKcc=
516,-54,rZvY8GKPA58nQRrCPsEqQJRQbB0=,iMh7yemisRS8ogkJpnWIiqsPKcc=
515,-54,rZvY8GKPA58nQRrCPsEqQJRQbB0=,iMh7yemisRS8ogkJpnWIiqsPKcc=
518,-50,rZvY8GKPA58nQRrCPsEqQJRQbB0=,iMh7yemisRS8ogkJpnWIiqsPKcc=
514,-54,rZvY8GKPA58nQRrCPsEqQJRQbB0=,iMh7yemisRS8ogkJpnWIiqsPKcc=
513,-54,rZvY8GKPA58nQRrCPsEqQJRQbB0=,iMh7yemisRS8ogkJpnWIiqsPKcc=
527,-55,rZvY8GKPA58nQRrCPsEqQJRQbB0=,iMh7yemisRS8ogkJpnWIiqsPKcc=
526,-55,rZvY8GKPA58nQRrCPsEqQJRQbB0=,iMh7yemisRS8ogkJpnWIiqsPKcc=
523,-54,rZvY8GKPA58nQRrCPsEqQJRQbB0=,iMh7yemisRS8ogkJpnWIiqsPKcc=
516,-52,rZvY8GKPA58nQRrCPsEqQJRQbB0=,iMh7yemisRS8ogkJpnWIiqsPKcc=
527,-52,rZvY8GKPA58nQRrCPsEqQJRQbB0=,iMh7yemisRS8ogkJpnWIiqsPKcc=
524,-55,rZvY8GKPA58nQRrCPsEqQJRQbB0=,iMh7yemisRS8ogkJpnWIiqsPKcc=
512,-54,rZvY8GKPA58nQRrCPsEqQJRQbB0=,iMh7yemisRS8ogkJpnWIiqsPKcc=
523,-55,rZvY8GKPA58nQRrCPsEqQJRQbB0=,iMh7yemisRS8ogkJpnWIiqsPKcc=
519,-63,rZvY8GKPA58nQRrCPsEqQJRQbB0=,iMh7yemisRS8ogkJpnWIiqsPKcc=
519,-55,rZvY8GKPA58nQRrCPsEqQJRQbB0=,iMh7yemisRS8ogkJpnWIiqsPKcc=
518,-55,rZvY8GKPA58nQRrCPsEqQJRQbB0=,iMh7yemisRS8ogkJpnWIiqsPKcc=
521,-55,rZvY8GKPA58nQRrCPsEqQJRQbB0=,iMh7yemisRS8ogkJpnWIiqsPKcc=
517,-55,rZvY8GKPA58nQRrCPsEqQJRQbB0=,iMh7yemisRS8ogkJpnWIiqsPKcc=
516,-55,rZvY8GKPA58nQRrCPsEqQJRQbB0=,iMh7yemisRS8ogkJpnWIiqsPKcc=
515,-55,rZvY8GKPA58nQRrCPsEqQJRQbB0=,iMh7yemisRS8ogkJpnWIiqsPKcc=
514,-55,rZvY8GKPA58nQRrCPsEqQJRQbB0=,iMh7yemisRS8ogkJpnWIiqsPKcc=
513,-55,rZvY8GKPA58nQRrCPsEqQJRQbB0=,iMh7yemisRS8ogkJpnWIiqsPKcc=
512,-55,rZvY8GKPA58nQRrCPsEqQJRQbB0=,iMh7yemisRS8ogkJpnWIiqsPKcc=
526,-56,rZvY8GKPA58nQRrCPsEqQJRQbB0=,iMh7yemisRS8ogkJpnWIiqsPKcc=
514,-59,rZvY8GKPA58nQRrCPsEqQJRQbB0=,iMh7yemisRS8ogkJpnWIiqsPKcc=
525,-56,rZvY8GKPA58nQRrCPsEqQJRQbB0=,iMh7yemisRS8ogkJpnWIiqsPKcc=
524,-56,rZvY8GKPA58nQRrCPsEqQJRQbB0=,iMh7yemisRS8ogkJpnWIiqsPKcc=
515,-59,rZvY8GKPA58nQRrCPsEqQJRQbB0=,iMh7yemisRS8ogkJpnWIiqsPKcc=
516,-59,rZvY8GKPA58nQRrCPsEqQJRQbB0=,iMh7yemisRS8ogkJpnWIiqsPKcc=
522,-56,rZvY8GKPA58nQRrCPsEqQJRQbB0=,iMh7yemisRS8ogkJpnWIiqsPKcc=
521,-56,rZvY8GKPA58nQRrCPsEqQJRQbB0=,iMh7yemisRS8ogkJpnWIiqsPKcc=
520,-56,rZvY8GKPA58nQRrCPsEqQJRQbB0=,iMh7yemisRS8ogkJpnWIiqsPKcc=
523,-56,rZvY8GKPA58nQRrCPsEqQJRQbB0=,iMh7yemisRS8ogkJpnWIiqsPKcc=
518,-63,rZvY8GKPA58nQRrCPsEqQJRQbB0=,iMh7yemisRS8ogkJpnWIiqsPKcc=
519,-56,rZvY8GKPA58nQRrCPsEqQJRQbB0=,iMh7yemisRS8ogkJpnWIiqsPKcc=
518,-56,rZvY8GKPA58nQRrCPsEqQJRQbB0=,iMh7yemisRS8ogkJpnWIiqsPKcc=
517,-56,rZvY8GKPA58nQRrCPsEqQJRQbB0=,iMh7yemisRS8ogkJpnWIiqsPKcc=
516,-56,rZvY8GKPA58nQRrCPsEqQJRQbB0=,iMh7yemisRS8ogkJpnWIiqsPKcc=
515,-56,rZvY8GKPA58nQRrCPsEqQJRQbB0=,iMh7yemisRS8ogkJpnWIiqsPKcc=
514,-56,rZvY8GKPA58nQRrCPsEqQJRQbB0=,iMh7yemisRS8ogkJpnWIiqsPKcc=
524,-54,rZvY8GKPA58nQRrCPsEqQJRQbB0=,iMh7yemisRS8ogkJpnWIiqsPKcc=
513,-56,rZvY8GKPA58nQRrCPsEqQJRQbB0=,iMh7yemisRS8ogkJpnWIiqsPKcc=
512,-56,rZvY8GKPA58nQRrCPsEqQJRQbB0=,iMh7yemisRS8ogkJpnWIiqsPKcc=
527,-57,rZvY8GKPA58nQRrCPsEqQJRQbB0=,iMh7yemisRS8ogkJpnWIiqsPKcc=
526,-57,rZvY8GKPA58nQRrCPsEqQJRQbB0=,iMh7yemisRS8ogkJpnWIiqsPKcc=
525,-55,rZvY8GKPA58nQRrCPsEqQJRQbB0=,iMh7yemisRS8ogkJpnWIiqsPKcc=
522,-57,rZvY8GKPA58nQRrCPsEqQJRQbB0=,iMh7yemisRS8ogkJpnWIiqsPKcc=
523,-57,rZvY8GKPA58nQRrCPsEqQJRQbB0=,iMh7yemisRS8ogkJpnWIiqsPKcc=
521,-57,rZvY8GKPA58nQRrCPsEqQJRQbB0=,iMh7yemisRS8ogkJpnWIiqsPKcc=
517,-63,rZvY8GKPA58nQRrCPsEqQJRQbB0=,iMh7yemisRS8ogkJpnWIiqsPKcc=
522,-53,rZvY8GKPA58nQRrCPsEqQJRQbB0=,iMh7yemisRS8ogkJpnWIiqsPKcc=
527,-56,rZvY8GKPA58nQRrCPsEqQJRQbB0=,iMh7yemisRS8ogkJpnWIiqsPKcc=
517,-57,rZvY8GKPA58nQRrCPsEqQJRQbB0=,iMh7yemisRS8ogkJpnWIiqsPKcc=
515,-57,rZvY8GKPA58nQRrCPsEqQJRQbB0=,iMh7yemisRS8ogkJpnWIiqsPKcc=
516,-57,rZvY8GKPA58nQRrCPsEqQJRQbB0=,iMh7yemisRS8ogkJpnWIiqsPKcc=
517,-59,rZvY8GKPA58nQRrCPsEqQJRQbB0=,iMh7yemisRS8ogkJpnWIiqsPKcc=
518,-59,rZvY8GKPA58nQRrCPsEqQJRQbB0=,iMh7yemisRS8ogkJpnWIiqsPKcc=
519,-59,rZvY8GKPA58nQRrCPsEqQJRQbB0=,iMh7yemisRS8ogkJpnWIiqsPKcc=
519,-57,rZvY8GKPA58nQRrCPsEqQJRQbB0=,iMh7yemisRS8ogkJpnWIiqsPKcc=
520,-59,rZvY8GKPA58nQRrCPsEqQJRQbB0=,iMh7yemisRS8ogkJpnWIiqsPKcc=
521,-59,rZvY8GKPA58nQRrCPsEqQJRQbB0=,iMh7yemisRS8ogkJpnWIiqsPKcc=
522,-59,rZvY8GKPA58nQRrCPsEqQJRQbB0=,iMh7yemisRS8ogkJpnWIiqsPKcc=
515,-63,rZvY8GKPA58nQRrCPsEqQJRQbB0=,iMh7yemisRS8ogkJpnWIiqsPKcc=
522,-54,rZvY8GKPA58nQRrCPsEqQJRQbB0=,iMh7yemisRS8ogkJpnWIiqsPKcc=
523,-59,rZvY8GKPA58nQRrCPsEqQJRQbB0=,iMh7yemisRS8ogkJpnWIiqsPKcc=
524,-59,rZvY8GKPA58nQRrCPsEqQJRQbB0=,iMh7yemisRS8ogkJpnWIiqsPKcc=
525,-59,rZvY8GKPA58nQRrCPsEqQJRQbB0=,iMh7yemisRS8ogkJpnWIiqsPKcc=
526,-59,rZvY8GKPA58nQRrCPsEqQJRQbB0=,iMh7yemisRS8ogkJpnWIiqsPKcc=
527,-59,rZvY8GKPA58nQRrCPsEqQJRQbB0=,iMh7yemisRS8ogkJpnWIiqsPKcc=
514,-57,rZvY8GKPA58nQRrCPsEqQJRQbB0=,iMh7yemisRS8ogkJpnWIiqsPKcc=
513,-57,rZvY8GKPA58nQRrCPsEqQJRQbB0=,iMh7yemisRS8ogkJpnWIiqsPKcc=
512,-57,rZvY8GKPA58nQRrCPsEqQJRQbB0=,iMh7yemisRS8ogkJpnWIiqsPKcc=
524,-58,rZvY8GKPA58nQRrCPsEqQJRQbB0=,iMh7yemisRS8ogkJpnWIiqsPKcc=
523,-58,rZvY8GKPA58nQRrCPsEqQJRQbB0=,iMh7yemisRS8ogkJpnWIiqsPKcc=
525,-58,rZvY8GKPA58nQRrCPsEqQJRQbB0=,iMh7yemisRS8ogkJpnWIiqsPKcc=
522,-58,rZvY8GKPA58nQRrCPsEqQJRQbB0=,iMh7yemisRS8ogkJpnWIiqsPKcc=
516,-63,rZvY8GKPA58nQRrCPsEqQJRQbB0=,iMh7yemisRS8ogkJpnWIiqsPKcc=
521,-58,rZvY8GKPA58nQRrCPsEqQJRQbB0=,iMh7yemisRS8ogkJpnWIiqsPKcc=
520,-58,rZvY8GKPA58nQRrCPsEqQJRQbB0=,iMh7yemisRS8ogkJpnWIiqsPKcc=
519,-58,rZvY8GKPA58nQRrCPsEqQJRQbB0=,iMh7yemisRS8ogkJpnWIiqsPKcc=
518,-58,rZvY8GKPA58nQRrCPsEqQJRQbB0=,iMh7yemisRS8ogkJpnWIiqsPKcc=
517,-58,rZvY8GKPA58nQRrCPsEqQJRQbB0=,iMh7yemisRS8ogkJpnWIiqsPKcc=
516,-58,rZvY8GKPA58nQRrCPsEqQJRQbB0=,iMh7yemisRS8ogkJpnWIiqsPKcc=
515,-58,rZvY8GKPA58nQRrCPsEqQJRQbB0=,iMh7yemisRS8ogkJpnWIiqsPKcc=
527,-58,rZvY8GKPA58nQRrCPsEqQJRQbB0=,iMh7yemisRS8ogkJpnWIiqsPKcc=
525,-57,rZvY8GKPA58nQRrCPsEqQJRQbB0=,iMh7yemisRS8ogkJpnWIiqsPKcc=
519,-53,rZvY8GKPA58nQRrCPsEqQJRQbB0=,iMh7yemisRS8ogkJpnWIiqsPKcc=
512,-58,rZvY8GKPA58nQRrCPsEqQJRQbB0=,iMh7yemisRS8ogkJpnWIiqsPKcc=
518,-57,rZvY8GKPA58nQRrCPsEqQJRQbB0=,iMh7yemisRS8ogkJpnWIiqsPKcc=
526,-58,rZvY8GKPA58nQRrCPsEqQJRQbB0=,iMh7yemisRS8ogkJpnWIiqsPKcc=
522,-55,rZvY8GKPA58nQRrCPsEqQJRQbB0=,iMh7yemisRS8ogkJpnWIiqsPKcc=
524,-57,rZvY8GKPA58nQRrCPsEqQJRQbB0=,iMh7yemisRS8ogkJpnWIiqsPKcc=
520,-55,rZvY8GKPA58nQRrCPsEqQJRQbB0=,iMh7yemisRS8ogkJpnWIiqsPKcc=
521,-54,rZvY8GKPA58nQRrCPsEqQJRQbB0=,iMh7yemisRS8ogkJpnWIiqsPKcc=
513,-58,rZvY8GKPA58nQRrCPsEqQJRQbB0=,iMh7yemisRS8ogkJpnWIiqsPKcc=
514,-58,rZvY8GKPA58nQRrCPsEqQJRQbB0=,iMh7yemisRS8ogkJpnWIiqsPKcc=
520,-57,rZvY8GKPA58nQRrCPsEqQJRQbB0=,iMh7yemisRS8ogkJpnWIiqsPKcc=
543,-64,1ljviFtVGZzfPnQdOssQaMeMH3A=,iMh7yemisRS8ogkJpnWIiqsPKcc=
543,-49,1ljviFtVGZzfPnQdOssQaMeMH3A=,iMh7yemisRS8ogkJpnWIiqsPKcc=
542,-49,1ljviFtVGZzfPnQdOssQaMeMH3A=,iMh7yemisRS8ogkJpnWIiqsPKcc=
541,-49,1ljviFtVGZzfPnQdOssQaMeMH3A=,iMh7yemisRS8ogkJpnWIiqsPKcc=
528,-63,1ljviFtVGZzfPnQdOssQaMeMH3A=,iMh7yemisRS8ogkJpnWIiqsPKcc=
528,-64,1ljviFtVGZzfPnQdOssQaMeMH3A=,iMh7yemisRS8ogkJpnWIiqsPKcc=
539,-49,1ljviFtVGZzfPnQdOssQaMeMH3A=,iMh7yemisRS8ogkJpnWIiqsPKcc=
529,-63,1ljviFtVGZzfPnQdOssQaMeMH3A=,iMh7yemisRS8ogkJpnWIiqsPKcc=
538,-49,1ljviFtVGZzfPnQdOssQaMeMH3A=,iMh7yemisRS8ogkJpnWIiqsPKcc=
530,-63,1ljviFtVGZzfPnQdOssQaMeMH3A=,iMh7yemisRS8ogkJpnWIiqsPKcc=
531,-63,1ljviFtVGZzfPnQdOssQaMeMH3A=,iMh7yemisRS8ogkJpnWIiqsPKcc=
537,-49,1ljviFtVGZzfPnQdOssQaMeMH3A=,iMh7yemisRS8ogkJpnWIiqsPKcc=
532,-63,1ljviFtVGZzfPnQdOssQaMeMH3A=,iMh7yemisRS8ogkJpnWIiqsPKcc=
540,-49,1ljviFtVGZzfPnQdOssQaMeMH3A=,iMh7yemisRS8ogkJpnWIiqsPKcc=
536,-49,1ljviFtVGZzfPnQdOssQaMeMH3A=,iMh7yemisRS8ogkJpnWIiqsPKcc=
533,-63,1ljviFtVGZzfPnQdOssQaMeMH3A=,iMh7yemisRS8ogkJpnWIiqsPKcc=
534,-63,1ljviFtVGZzfPnQdOssQaMeMH3A=,iMh7yemisRS8ogkJpnWIiqsPKcc=
535,-49,1ljviFtVGZzfPnQdOssQaMeMH3A=,iMh7yemisRS8ogkJpnWIiqsPKcc=
534,-49,1ljviFtVGZzfPnQdOssQaMeMH3A=,iMh7yemisRS8ogkJpnWIiqsPKcc=
535,-63,1ljviFtVGZzfPnQdOssQaMeMH3A=,iMh7yemisRS8ogkJpnWIiqsPKcc=
532,-49,1ljviFtVGZzfPnQdOssQaMeMH3A=,iMh7yemisRS8ogkJpnWIiqsPKcc=
533,-49,1ljviFtVGZzfPnQdOssQaMeMH3A=,iMh7yemisRS8ogkJpnWIiqsPKcc=
536,-63,1ljviFtVGZzfPnQdOssQaMeMH3A=,iMh7yemisRS8ogkJpnWIiqsPKcc=
530,-49,1ljviFtVGZzfPnQdOssQaMeMH3A=,iMh7yemisRS8ogkJpnWIiqsPKcc=
529,-49,1ljviFtVGZzfPnQdOssQaMeMH3A=,iMh7yemisRS8ogkJpnWIiqsPKcc=
537,-63,1ljviFtVGZzfPnQdOssQaMeMH3A=,iMh7yemisRS8ogkJpnWIiqsPKcc=
528,-49,1ljviFtVGZzfPnQdOssQaMeMH3A=,iMh7yemisRS8ogkJpnWIiqsPKcc=
538,-63,1ljviFtVGZzfPnQdOssQaMeMH3A=,iMh7yemisRS8ogkJpnWIiqsPKcc=
531,-49,1ljviFtVGZzfPnQdOssQaMeMH3A=,iMh7yemisRS8ogkJpnWIiqsPKcc=
539,-63,1ljviFtVGZzfPnQdOssQaMeMH3A=,iMh7yemisRS8ogkJpnWIiqsPKcc=
542,-50,1ljviFtVGZzfPnQdOssQaMeMH3A=,iMh7yemisRS8ogkJpnWIiqsPKcc=
540,-63,1ljviFtVGZzfPnQdOssQaMeMH3A=,iMh7yemisRS8ogkJpnWIiqsPKcc=
541,-50,1ljviFtVGZzfPnQdOssQaMeMH3A=,iMh7yemisRS8ogkJpnWIiqsPKcc=
540,-50,1ljviFtVGZzfPnQdOssQaMeMH3A=,iMh7yemisRS8ogkJpnWIiqsPKcc=
541,-63,1ljviFtVGZzfPnQdOssQaMeMH3A=,iMh7yemisRS8ogkJpnWIiqsPKcc=
529,-64,1ljviFtVGZzfPnQdOssQaMeMH3A=,iMh7yemisRS8ogkJpnWIiqsPKcc=
539,-50,1ljviFtVGZzfPnQdOssQaMeMH3A=,iMh7yemisRS8ogkJpnWIiqsPKcc=
538,-50,1ljviFtVGZzfPnQdOssQaMeMH3A=,iMh7yemisRS8ogkJpnWIiqsPKcc=
542,-63,1ljviFtVGZzfPnQdOssQaMeMH3A=,iMh7yemisRS8ogkJpnWIiqsPKcc=
536,-50,1ljviFtVGZzfPnQdOssQaMeMH3A=,iMh7yemisRS8ogkJpnWIiqsPKcc=
543,-63,1ljviFtVGZzfPnQdOssQaMeMH3A=,iMh7yemisRS8ogkJpnWIiqsPKcc=
530,-64,1ljviFtVGZzfPnQdOssQaMeMH3A=,iMh7yemisRS8ogkJpnWIiqsPKcc=
528,-62,1ljviFtVGZzfPnQdOssQaMeMH3A=,iMh7yemisRS8ogkJpnWIiqsPKcc=
534,-50,1ljviFtVGZzfPnQdOssQaMeMH3A=,iMh7yemisRS8ogkJpnWIiqsPKcc=
529,-62,1ljviFtVGZzfPnQdOssQaMeMH3A=,iMh7yemisRS8ogkJpnWIiqsPKcc=
537,-50,1ljviFtVGZzfPnQdOssQaMeMH3A=,iMh7yemisRS8ogkJpnWIiqsPKcc=
530,-62,1ljviFtVGZzfPnQdOssQaMeMH3A=,iMh7yemisRS8ogkJpnWIiqsPKcc=
531,-62,1ljviFtVGZzfPnQdOssQaMeMH3A=,iMh7yemisRS8ogkJpnWIiqsPKcc=
532,-62,1ljviFtVGZzfPnQdOssQaMeMH3A=,iMh7yemisRS8ogkJpnWIiqsPKcc=
533,-50,1ljviFtVGZzfPnQdOssQaMeMH3A=,iMh7yemisRS8ogkJpnWIiqsPKcc=
533,-62,1ljviFtVGZzfPnQdOssQaMeMH3A=,iMh7yemisRS8ogkJpnWIiqsPKcc=
534,-62,1ljviFtVGZzfPnQdOssQaMeMH3A=,iMh7yemisRS8ogkJpnWIiqsPKcc=
535,-62,1ljviFtVGZzfPnQdOssQaMeMH3A=,iMh7yemisRS8ogkJpnWIiqsPKcc=
531,-50,1ljviFtVGZzfPnQdOssQaMeMH3A=,iMh7yemisRS8ogkJpnWIiqsPKcc=
536,-62,1ljviFtVGZzfPnQdOssQaMeMH3A=,iMh7yemisRS8ogkJpnWIiqsPKcc=
537,-62,1ljviFtVGZzfPnQdOssQaMeMH3A=,iMh7yemisRS8ogkJpnWIiqsPKcc=
538,-62,1ljviFtVGZzfPnQdOssQaMeMH3A=,iMh7yemisRS8ogkJpnWIiqsPKcc=
539,-62,1ljviFtVGZzfPnQdOssQaMeMH3A=,iMh7yemisRS8ogkJpnWIiqsPKcc=
540,-62,1ljviFtVGZzfPnQdOssQaMeMH3A=,iMh7yemisRS8ogkJpnWIiqsPKcc=
541,-62,1ljviFtVGZzfPnQdOssQaMeMH3A=,iMh7yemisRS8ogkJpnWIiqsPKcc=
542,-62,1ljviFtVGZzfPnQdOssQaMeMH3A=,iMh7yemisRS8ogkJpnWIiqsPKcc=
543,-62,1ljviFtVGZzfPnQdOssQaMeMH3A=,iMh7yemisRS8ogkJpnWIiqsPKcc=
531,-64,1ljviFtVGZzfPnQdOssQaMeMH3A=,iMh7yemisRS8ogkJpnWIiqsPKcc=
528,-61,1ljviFtVGZzfPnQdOssQaMeMH3A=,iMh7yemisRS8ogkJpnWIiqsPKcc=
529,-61,1ljviFtVGZzfPnQdOssQaMeMH3A=,iMh7yemisRS8ogkJpnWIiqsPKcc=
530,-61,1ljviFtVGZzfPnQdOssQaMeMH3A=,iMh7yemisRS8ogkJpnWIiqsPKcc=
531,-61,1ljviFtVGZzfPnQdOssQaMeMH3A=,iMh7yemisRS8ogkJpnWIiqsPKcc=
532,-61,1ljviFtVGZzfPnQdOssQaMeMH3A=,iMh7yemisRS8ogkJpnWIiqsPKcc=
533,-61,1ljviFtVGZzfPnQdOssQaMeMH3A=,iMh7yemisRS8ogkJpnWIiqsPKcc=
534,-61,1ljviFtVGZzfPnQdOssQaMeMH3A=,iMh7yemisRS8ogkJpnWIiqsPKcc=
535,-61,1ljviFtVGZzfPnQdOssQaMeMH3A=,iMh7yemisRS8ogkJpnWIiqsPKcc=
536,-61,1ljviFtVGZzfPnQdOssQaMeMH3A=,iMh7yemisRS8ogkJpnWIiqsPKcc=
537,-61,1ljviFtVGZzfPnQdOssQaMeMH3A=,iMh7yemisRS8ogkJpnWIiqsPKcc=
538,-61,1ljviFtVGZzfPnQdOssQaMeMH3A=,iMh7yemisRS8ogkJpnWIiqsPKcc=
539,-61,1ljviFtVGZzfPnQdOssQaMeMH3A=,iMh7yemisRS8ogkJpnWIiqsPKcc=
540,-61,1ljviFtVGZzfPnQdOssQaMeMH3A=,iMh7yemisRS8ogkJpnWIiqsPKcc=
541,-61,1ljviFtVGZzfPnQdOssQaMeMH3A=,iMh7yemisRS8ogkJpnWIiqsPKcc=
542,-61,1ljviFtVGZzfPnQdOssQaMeMH3A=,iMh7yemisRS8ogkJpnWIiqsPKcc=
543,-61,1ljviFtVGZzfPnQdOssQaMeMH3A=,iMh7yemisRS8ogkJpnWIiqsPKcc=
532,-64,1ljviFtVGZzfPnQdOssQaMeMH3A=,iMh7yemisRS8ogkJpnWIiqsPKcc=
528,-60,1ljviFtVGZzfPnQdOssQaMeMH3A=,iMh7yemisRS8ogkJpnWIiqsPKcc=
529,-60,1ljviFtVGZzfPnQdOssQaMeMH3A=,iMh7yemisRS8ogkJpnWIiqsPKcc=
542,-64,1ljviFtVGZzfPnQdOssQaMeMH3A=,iMh7yemisRS8ogkJpnWIiqsPKcc=
530,-60,1ljviFtVGZzfPnQdOssQaMeMH3A=,iMh7yemisRS8ogkJpnWIiqsPKcc=
531,-60,1ljviFtVGZzfPnQdOssQaMeMH3A=,iMh7yemisRS8ogkJpnWIiqsPKcc=
532,-60,1ljviFtVGZzfPnQdOssQaMeMH3A=,iMh7yemisRS8ogkJpnWIiqsPKcc=
543,-51,1ljviFtVGZzfPnQdOssQaMeMH3A=,iMh7yemisRS8ogkJpnWIiqsPKcc=
533,-60,1ljviFtVGZzfPnQdOssQaMeMH3A=,iMh7yemisRS8ogkJpnWIiqsPKcc=
534,-60,1ljviFtVGZzfPnQdOssQaMeMH3A=,iMh7yemisRS8ogkJpnWIiqsPKcc=
542,-51,1ljviFtVGZzfPnQdOssQaMeMH3A=,iMh7yemisRS8ogkJpnWIiqsPKcc=
535,-60,1ljviFtVGZzfPnQdOssQaMeMH3A=,iMh7yemisRS8ogkJpnWIiqsPKcc=
540,-51,1ljviFtVGZzfPnQdOssQaMeMH3A=,iMh7yemisRS8ogkJpnWIiqsPKcc=
536,-60,1ljviFtVGZzfPnQdOssQaMeMH3A=,iMh7yemisRS8ogkJpnWIiqsPKcc=
537,-60,1ljviFtVGZzfPnQdOssQaMeMH3A=,iMh7yemisRS8ogkJpnWIiqsPKcc=
538,-60,1ljviFtVGZzfPnQdOssQaMeMH3A=,iMh7yemisRS8ogkJpnWIiqsPKcc=
539,-51,1ljviFtVGZzfPnQdOssQaMeMH3A=,iMh7yemisRS8ogkJpnWIiqsPKcc=
538,-51,1ljviFtVGZzfPnQdOssQaMeMH3A=,iMh7yemisRS8ogkJpnWIiqsPKcc=
539,-60,1ljviFtVGZzfPnQdOssQaMeMH3A=,iMh7yemisRS8ogkJpnWIiqsPKcc=
541,-51,1ljviFtVGZzfPnQdOssQaMeMH3A=,iMh7yemisRS8ogkJpnWIiqsPKcc=
537,-51,1ljviFtVGZzfPnQdOssQaMeMH3A=,iMh7yemisRS8ogkJpnWIiqsPKcc=
540,-60,1ljviFtVGZzfPnQdOssQaMeMH3A=,iMh7yemisRS8ogkJpnWIiqsPKcc=
536,-51,1ljviFtVGZzfPnQdOssQaMeMH3A=,iMh7yemisRS8ogkJpnWIiqsPKcc=
541,-60,1ljviFtVGZzfPnQdOssQaMeMH3A=,iMh7yemisRS8ogkJpnWIiqsPKcc=
535,-51,1ljviFtVGZzfPnQdOssQaMeMH3A=,iMh7yemisRS8ogkJpnWIiqsPKcc=
542,-60,1ljviFtVGZzfPnQdOssQaMeMH3A=,iMh7yemisRS8ogkJpnWIiqsPKcc=
533,-51,1ljviFtVGZzfPnQdOssQaMeMH3A=,iMh7yemisRS8ogkJpnWIiqsPKcc=
543,-60,1ljviFtVGZzfPnQdOssQaMeMH3A=,iMh7yemisRS8ogkJpnWIiqsPKcc=
533,-64,1ljviFtVGZzfPnQdOssQaMeMH3A=,iMh7yemisRS8ogkJpnWIiqsPKcc=
531,-51,1ljviFtVGZzfPnQdOssQaMeMH3A=,iMh7yemisRS8ogkJpnWIiqsPKcc=
528,-59,1ljviFtVGZzfPnQdOssQaMeMH3A=,iMh7yemisRS8ogkJpnWIiqsPKcc=
529,-59,1ljviFtVGZzfPnQdOssQaMeMH3A=,iMh7yemisRS8ogkJpnWIiqsPKcc=
534,-51,1ljviFtVGZzfPnQdOssQaMeMH3A=,iMh7yemisRS8ogkJpnWIiqsPKcc=
530,-59,1ljviFtVGZzfPnQdOssQaMeMH3A=,iMh7yemisRS8ogkJpnWIiqsPKcc=
531,-59,1ljviFtVGZzfPnQdOssQaMeMH3A=,iMh7yemisRS8ogkJpnWIiqsPKcc=
532,-59,1ljviFtVGZzfPnQdOssQaMeMH3A=,iMh7yemisRS8ogkJpnWIiqsPKcc=
533,-59,1ljviFtVGZzfPnQdOssQaMeMH3A=,iMh7yemisRS8ogkJpnWIiqsPKcc=
528,-51,1ljviFtVGZzfPnQdOssQaMeMH3A=,iMh7yemisRS8ogkJpnWIiqsPKcc=
534,-59,1ljviFtVGZzfPnQdOssQaMeMH3A=,iMh7yemisRS8ogkJpnWIiqsPKcc=
535,-59,1ljviFtVGZzfPnQdOssQaMeMH3A=,iMh7yemisRS8ogkJpnWIiqsPKcc=
536,-59,1ljviFtVGZzfPnQdOssQaMeMH3A=,iMh7yemisRS8ogkJpnWIiqsPKcc=
541,-64,1ljviFtVGZzfPnQdOssQaMeMH3A=,iMh7yemisRS8ogkJpnWIiqsPKcc=
537,-59,1ljviFtVGZzfPnQdOssQaMeMH3A=,iMh7yemisRS8ogkJpnWIiqsPKcc=
538,-59,1ljviFtVGZzfPnQdOssQaMeMH3A=,iMh7yemisRS8ogkJpnWIiqsPKcc=
543,-52,1ljviFtVGZzfPnQdOssQaMeMH3A=,iMh7yemisRS8ogkJpnWIiqsPKcc=
539,-59,1ljviFtVGZzfPnQdOssQaMeMH3A=,iMh7yemisRS8ogkJpnWIiqsPKcc=
540,-59,1ljviFtVGZzfPnQdOssQaMeMH3A=,iMh7yemisRS8ogkJpnWIiqsPKcc=
542,-52,1ljviFtVGZzfPnQdOssQaMeMH3A=,iMh7yemisRS8ogkJpnWIiqsPKcc=
541,-59,1ljviFtVGZzfPnQdOssQaMeMH3A=,iMh7yemisRS8ogkJpnWIiqsPKcc=
541,-52,1ljviFtVGZzfPnQdOssQaMeMH3A=,iMh7yemisRS8ogkJpnWIiqsPKcc=
542,-59,1ljviFtVGZzfPnQdOssQaMeMH3A=,iMh7yemisRS8ogkJpnWIiqsPKcc=
543,-59,1ljviFtVGZzfPnQdOssQaMeMH3A=,iMh7yemisRS8ogkJpnWIiqsPKcc=
540,-52,1ljviFtVGZzfPnQdOssQaMeMH3A=,iMh7yemisRS8ogkJpnWIiqsPKcc=
534,-64,1ljviFtVGZzfPnQdOssQaMeMH3A=,iMh7yemisRS8ogkJpnWIiqsPKcc=
528,-58,1ljviFtVGZzfPnQdOssQaMeMH3A=,iMh7yemisRS8ogkJpnWIiqsPKcc=
539,-52,1ljviFtVGZzfPnQdOssQaMeMH3A=,iMh7yemisRS8ogkJpnWIiqsPKcc=
529,-58,1ljviFtVGZzfPnQdOssQaMeMH3A=,iMh7yemisRS8ogkJpnWIiqsPKcc=
530,-58,1ljviFtVGZzfPnQdOssQaMeMH3A=,iMh7yemisRS8ogkJpnWIiqsPKcc=
531,-58,1ljviFtVGZzfPnQdOssQaMeMH3A=,iMh7yemisRS8ogkJpnWIiqsPKcc=
532,-58,1ljviFtVGZzfPnQdOssQaMeMH3A=,iMh7yemisRS8ogkJpnWIiqsPKcc=
533,-58,1ljviFtVGZzfPnQdOssQaMeMH3A=,iMh7yemisRS8ogkJpnWIiqsPKcc=
534,-58,1ljviFtVGZzfPnQdOssQaMeMH3A=,iMh7yemisRS8ogkJpnWIiqsPKcc=
535,-58,1ljviFtVGZzfPnQdOssQaMeMH3A=,iMh7yemisRS8ogkJpnWIiqsPKcc=
536,-58,1ljviFtVGZzfPnQdOssQaMeMH3A=,iMh7yemisRS8ogkJpnWIiqsPKcc=
537,-58,1ljviFtVGZzfPnQdOssQaMeMH3A=,iMh7yemisRS8ogkJpnWIiqsPKcc=
538,-58,1ljviFtVGZzfPnQdOssQaMeMH3A=,iMh7yemisRS8ogkJpnWIiqsPKcc=
539,-58,1ljviFtVGZzfPnQdOssQaMeMH3A=,iMh7yemisRS8ogkJpnWIiqsPKcc=
540,-58,1ljviFtVGZzfPnQdOssQaMeMH3A=,iMh7yemisRS8ogkJpnWIiqsPKcc=
532,-50,1ljviFtVGZzfPnQdOssQaMeMH3A=,iMh7yemisRS8ogkJpnWIiqsPKcc=
529,-50,1ljviFtVGZzfPnQdOssQaMeMH3A=,iMh7yemisRS8ogkJpnWIiqsPKcc=
536,-52,1ljviFtVGZzfPnQdOssQaMeMH3A=,iMh7yemisRS8ogkJpnWIiqsPKcc=
535,-52,1ljviFtVGZzfPnQdOssQaMeMH3A=,iMh7yemisRS8ogkJpnWIiqsPKcc=
534,-52,1ljviFtVGZzfPnQdOssQaMeMH3A=,iMh7yemisRS8ogkJpnWIiqsPKcc=
533,-52,1ljviFtVGZzfPnQdOssQaMeMH3A=,iMh7yemisRS8ogkJpnWIiqsPKcc=
532,-52,1ljviFtVGZzfPnQdOssQaMeMH3A=,iMh7yemisRS8ogkJpnWIiqsPKcc=
531,-52,1ljviFtVGZzfPnQdOssQaMeMH3A=,iMh7yemisRS8ogkJpnWIiqsPKcc=
530,-52,1ljviFtVGZzfPnQdOssQaMeMH3A=,iMh7yemisRS8ogkJpnWIiqsPKcc=
529,-52,1ljviFtVGZzfPnQdOssQaMeMH3A=,iMh7yemisRS8ogkJpnWIiqsPKcc=
530,-51,1ljviFtVGZzfPnQdOssQaMeMH3A=,iMh7yemisRS8ogkJpnWIiqsPKcc=
540,-64,1ljviFtVGZzfPnQdOssQaMeMH3A=,iMh7yemisRS8ogkJpnWIiqsPKcc=
538,-52,1ljviFtVGZzfPnQdOssQaMeMH3A=,iMh7yemisRS8ogkJpnWIiqsPKcc=
542,-53,1ljviFtVGZzfPnQdOssQaMeMH3A=,iMh7yemisRS8ogkJpnWIiqsPKcc=
541,-58,1ljviFtVGZzfPnQdOssQaMeMH3A=,iMh7yemisRS8ogkJpnWIiqsPKcc=
541,-53,1ljviFtVGZzfPnQdOssQaMeMH3A=,iMh7yemisRS8ogkJpnWIiqsPKcc=
530,-50,1ljviFtVGZzfPnQdOssQaMeMH3A=,iMh7yemisRS8ogkJpnWIiqsPKcc=
532,-51,1ljviFtVGZzfPnQdOssQaMeMH3A=,iMh7yemisRS8ogkJpnWIiqsPKcc=
539,-53,1ljviFtVGZzfPnQdOssQaMeMH3A=,iMh7yemisRS8ogkJpnWIiqsPKcc=
543,-50,1ljviFtVGZzfPnQdOssQaMeMH3A=,iMh7yemisRS8ogkJpnWIiqsPKcc=
536,-53,1ljviFtVGZzfPnQdOssQaMeMH3A=,iMh7yemisRS8ogkJpnWIiqsPKcc=
535,-53,1ljviFtVGZzfPnQdOssQaMeMH3A=,iMh7yemisRS8ogkJpnWIiqsPKcc=
534,-53,1ljviFtVGZzfPnQdOssQaMeMH3A=,iMh7yemisRS8ogkJpnWIiqsPKcc=
533,-53,1ljviFtVGZzfPnQdOssQaMeMH3A=,iMh7yemisRS8ogkJpnWIiqsPKcc=
532,-53,1ljviFtVGZzfPnQdOssQaMeMH3A=,iMh7yemisRS8ogkJpnWIiqsPKcc=
531,-53,1ljviFtVGZzfPnQdOssQaMeMH3A=,iMh7yemisRS8ogkJpnWIiqsPKcc=
530,-53,1ljviFtVGZzfPnQdOssQaMeMH3A=,iMh7yemisRS8ogkJpnWIiqsPKcc=
529,-53,1ljviFtVGZzfPnQdOssQaMeMH3A=,iMh7yemisRS8ogkJpnWIiqsPKcc=
528,-53,1ljviFtVGZzfPnQdOssQaMeMH3A=,iMh7yemisRS8ogkJpnWIiqsPKcc=
539,-64,1ljviFtVGZzfPnQdOssQaMeMH3A=,iMh7yemisRS8ogkJpnWIiqsPKcc=
543,-54,1ljviFtVGZzfPnQdOssQaMeMH3A=,iMh7yemisRS8ogkJpnWIiqsPKcc=
538,-53,1ljviFtVGZzfPnQdOssQaMeMH3A=,iMh7yemisRS8ogkJpnWIiqsPKcc=
540,-53,1ljviFtVGZzfPnQdOssQaMeMH3A=,iMh7yemisRS8ogkJpnWIiqsPKcc=
535,-50,1ljviFtVGZzfPnQdOssQaMeMH3A=,iMh7yemisRS8ogkJpnWIiqsPKcc=
539,-54,1ljviFtVGZzfPnQdOssQaMeMH3A=,iMh7yemisRS8ogkJpnWIiqsPKcc=
538,-54,1ljviFtVGZzfPnQdOssQaMeMH3A=,iMh7yemisRS8ogkJpnWIiqsPKcc=
540,-54,1ljviFtVGZzfPnQdOssQaMeMH3A=,iMh7yemisRS8ogkJpnWIiqsPKcc=
536,-54,1ljviFtVGZzfPnQdOssQaMeMH3A=,iMh7yemisRS8ogkJpnWIiqsPKcc=
535,-54,1ljviFtVGZzfPnQdOssQaMeMH3A=,iMh7yemisRS8ogkJpnWIiqsPKcc=
534,-54,1ljviFtVGZzfPnQdOssQaMeMH3A=,iMh7yemisRS8ogkJpnWIiqsPKcc=
533,-54,1ljviFtVGZzfPnQdOssQaMeMH3A=,iMh7yemisRS8ogkJpnWIiqsPKcc=
532,-54,1ljviFtVGZzfPnQdOssQaMeMH3A=,iMh7yemisRS8ogkJpnWIiqsPKcc=
531,-54,1ljviFtVGZzfPnQdOssQaMeMH3A=,iMh7yemisRS8ogkJpnWIiqsPKcc=
530,-54,1ljviFtVGZzfPnQdOssQaMeMH3A=,iMh7yemisRS8ogkJpnWIiqsPKcc=
529,-54,1ljviFtVGZzfPnQdOssQaMeMH3A=,iMh7yemisRS8ogkJpnWIiqsPKcc=
528,-54,1ljviFtVGZzfPnQdOssQaMeMH3A=,iMh7yemisRS8ogkJpnWIiqsPKcc=
538,-64,1ljviFtVGZzfPnQdOssQaMeMH3A=,iMh7yemisRS8ogkJpnWIiqsPKcc=
537,-53,1ljviFtVGZzfPnQdOssQaMeMH3A=,iMh7yemisRS8ogkJpnWIiqsPKcc=
537,-52,1ljviFtVGZzfPnQdOssQaMeMH3A=,iMh7yemisRS8ogkJpnWIiqsPKcc=
541,-54,1ljviFtVGZzfPnQdOssQaMeMH3A=,iMh7yemisRS8ogkJpnWIiqsPKcc=
528,-50,1ljviFtVGZzfPnQdOssQaMeMH3A=,iMh7yemisRS8ogkJpnWIiqsPKcc=
539,-55,1ljviFtVGZzfPnQdOssQaMeMH3A=,iMh7yemisRS8ogkJpnWIiqsPKcc=
538,-55,1ljviFtVGZzfPnQdOssQaMeMH3A=,iMh7yemisRS8ogkJpnWIiqsPKcc=
529,-51,1ljviFtVGZzfPnQdOssQaMeMH3A=,iMh7yemisRS8ogkJpnWIiqsPKcc=
536,-55,1ljviFtVGZzfPnQdOssQaMeMH3A=,iMh7yemisRS8ogkJpnWIiqsPKcc=
535,-55,1ljviFtVGZzfPnQdOssQaMeMH3A=,iMh7yemisRS8ogkJpnWIiqsPKcc=
534,-55,1ljviFtVGZzfPnQdOssQaMeMH3A=,iMh7yemisRS8ogkJpnWIiqsPKcc=
533,-55,1ljviFtVGZzfPnQdOssQaMeMH3A=,iMh7yemisRS8ogkJpnWIiqsPKcc=
532,-55,1ljviFtVGZzfPnQdOssQaMeMH3A=,iMh7yemisRS8ogkJpnWIiqsPKcc=
531,-55,1ljviFtVGZzfPnQdOssQaMeMH3A=,iMh7yemisRS8ogkJpnWIiqsPKcc=
530,-55,1ljviFtVGZzfPnQdOssQaMeMH3A=,iMh7yemisRS8ogkJpnWIiqsPKcc=
528,-52,1ljviFtVGZzfPnQdOssQaMeMH3A=,iMh7yemisRS8ogkJpnWIiqsPKcc=
528,-55,1ljviFtVGZzfPnQdOssQaMeMH3A=,iMh7yemisRS8ogkJpnWIiqsPKcc=
537,-64,1ljviFtVGZzfPnQdOssQaMeMH3A=,iMh7yemisRS8ogkJpnWIiqsPKcc=
540,-55,1ljviFtVGZzfPnQdOssQaMeMH3A=,iMh7yemisRS8ogkJpnWIiqsPKcc=
542,-58,1ljviFtVGZzfPnQdOssQaMeMH3A=,iMh7yemisRS8ogkJpnWIiqsPKcc=
543,-58,1ljviFtVGZzfPnQdOssQaMeMH3A=,iMh7yemisRS8ogkJpnWIiqsPKcc=
528,-57,1ljviFtVGZzfPnQdOssQaMeMH3A=,iMh7yemisRS8ogkJpnWIiqsPKcc=
535,-64,1ljviFtVGZzfPnQdOssQaMeMH3A=,iMh7yemisRS8ogkJpnWIiqsPKcc=
530,-57,1ljviFtVGZzfPnQdOssQaMeMH3A=,iMh7yemisRS8ogkJpnWIiqsPKcc=
529,-57,1ljviFtVGZzfPnQdOssQaMeMH3A=,iMh7yemisRS8ogkJpnWIiqsPKcc=
531,-57,1ljviFtVGZzfPnQdOssQaMeMH3A=,iMh7yemisRS8ogkJpnWIiqsPKcc=
532,-57,1ljviFtVGZzfPnQdOssQaMeMH3A=,iMh7yemisRS8ogkJpnWIiqsPKcc=
533,-57,1ljviFtVGZzfPnQdOssQaMeMH3A=,iMh7yemisRS8ogkJpnWIiqsPKcc=
529,-55,1ljviFtVGZzfPnQdOssQaMeMH3A=,iMh7yemisRS8ogkJpnWIiqsPKcc=
540,-56,1ljviFtVGZzfPnQdOssQaMeMH3A=,iMh7yemisRS8ogkJpnWIiqsPKcc=
542,-54,1ljviFtVGZzfPnQdOssQaMeMH3A=,iMh7yemisRS8ogkJpnWIiqsPKcc=
539,-56,1ljviFtVGZzfPnQdOssQaMeMH3A=,iMh7yemisRS8ogkJpnWIiqsPKcc=
538,-56,1ljviFtVGZzfPnQdOssQaMeMH3A=,iMh7yemisRS8ogkJpnWIiqsPKcc=
537,-56,1ljviFtVGZzfPnQdOssQaMeMH3A=,iMh7yemisRS8ogkJpnWIiqsPKcc=
536,-56,1ljviFtVGZzfPnQdOssQaMeMH3A=,iMh7yemisRS8ogkJpnWIiqsPKcc=
535,-56,1ljviFtVGZzfPnQdOssQaMeMH3A=,iMh7yemisRS8ogkJpnWIiqsPKcc=
534,-56,1ljviFtVGZzfPnQdOssQaMeMH3A=,iMh7yemisRS8ogkJpnWIiqsPKcc=
533,-56,1ljviFtVGZzfPnQdOssQaMeMH3A=,iMh7yemisRS8ogkJpnWIiqsPKcc=
532,-56,1ljviFtVGZzfPnQdOssQaMeMH3A=,iMh7yemisRS8ogkJpnWIiqsPKcc=
531,-56,1ljviFtVGZzfPnQdOssQaMeMH3A=,iMh7yemisRS8ogkJpnWIiqsPKcc=
530,-56,1ljviFtVGZzfPnQdOssQaMeMH3A=,iMh7yemisRS8ogkJpnWIiqsPKcc=
529,-56,1ljviFtVGZzfPnQdOssQaMeMH3A=,iMh7yemisRS8ogkJpnWIiqsPKcc=
543,-55,1ljviFtVGZzfPnQdOssQaMeMH3A=,iMh7yemisRS8ogkJpnWIiqsPKcc=
536,-64,1ljviFtVGZzfPnQdOssQaMeMH3A=,iMh7yemisRS8ogkJpnWIiqsPKcc=
543,-53,1ljviFtVGZzfPnQdOssQaMeMH3A=,iMh7yemisRS8ogkJpnWIiqsPKcc=
541,-57,1ljviFtVGZzfPnQdOssQaMeMH3A=,iMh7yemisRS8ogkJpnWIiqsPKcc=
542,-57,1ljviFtVGZzfPnQdOssQaMeMH3A=,iMh7yemisRS8ogkJpnWIiqsPKcc=
540,-57,1ljviFtVGZzfPnQdOssQaMeMH3A=,iMh7yemisRS8ogkJpnWIiqsPKcc=
539,-57,1ljviFtVGZzfPnQdOssQaMeMH3A=,iMh7yemisRS8ogkJpnWIiqsPKcc=
538,-57,1ljviFtVGZzfPnQdOssQaMeMH3A=,iMh7yemisRS8ogkJpnWIiqsPKcc=
537,-57,1ljviFtVGZzfPnQdOssQaMeMH3A=,iMh7yemisRS8ogkJpnWIiqsPKcc=
536,-57,1ljviFtVGZzfPnQdOssQaMeMH3A=,iMh7yemisRS8ogkJpnWIiqsPKcc=
537,-54,1ljviFtVGZzfPnQdOssQaMeMH3A=,iMh7yemisRS8ogkJpnWIiqsPKcc=
528,-56,1ljviFtVGZzfPnQdOssQaMeMH3A=,iMh7yemisRS8ogkJpnWIiqsPKcc=
537,-55,1ljviFtVGZzfPnQdOssQaMeMH3A=,iMh7yemisRS8ogkJpnWIiqsPKcc=
541,-55,1ljviFtVGZzfPnQdOssQaMeMH3A=,iMh7yemisRS8ogkJpnWIiqsPKcc=
542,-55,1ljviFtVGZzfPnQdOssQaMeMH3A=,iMh7yemisRS8ogkJpnWIiqsPKcc=
541,-56,1ljviFtVGZzfPnQdOssQaMeMH3A=,iMh7yemisRS8ogkJpnWIiqsPKcc=
534,-57,1ljviFtVGZzfPnQdOssQaMeMH3A=,iMh7yemisRS8ogkJpnWIiqsPKcc=
542,-56,1ljviFtVGZzfPnQdOssQaMeMH3A=,iMh7yemisRS8ogkJpnWIiqsPKcc=
535,-57,1ljviFtVGZzfPnQdOssQaMeMH3A=,iMh7yemisRS8ogkJpnWIiqsPKcc=
543,-57,1ljviFtVGZzfPnQdOssQaMeMH3A=,iMh7yemisRS8ogkJpnWIiqsPKcc=
543,-56,1ljviFtVGZzfPnQdOssQaMeMH3A=,iMh7yemisRS8ogkJpnWIiqsPKcc=
527,-48,1ljviFtVGZzfPnQdOssQaMeMH3A=,iMh7yemisRS8ogkJpnWIiqsPKcc=
512,-48,1ljviFtVGZzfPnQdOssQaMeMH3A=,iMh7yemisRS8ogkJpnWIiqsPKcc=
527,-33,1ljviFtVGZzfPnQdOssQaMeMH3A=,iMh7yemisRS8ogkJpnWIiqsPKcc=
526,-33,1ljviFtVGZzfPnQdOssQaMeMH3A=,iMh7yemisRS8ogkJpnWIiqsPKcc=
525,-33,1ljviFtVGZzfPnQdOssQaMeMH3A=,iMh7yemisRS8ogkJpnWIiqsPKcc=
524,-33,1ljviFtVGZzfPnQdOssQaMeMH3A=,iMh7yemisRS8ogkJpnWIiqsPKcc=
523,-33,1ljviFtVGZzfPnQdOssQaMeMH3A=,iMh7yemisRS8ogkJpnWIiqsPKcc=
522,-33,1ljviFtVGZzfPnQdOssQaMeMH3A=,iMh7yemisRS8ogkJpnWIiqsPKcc=
521,-33,1ljviFtVGZzfPnQdOssQaMeMH3A=,iMh7yemisRS8ogkJpnWIiqsPKcc=
512,-47,1ljviFtVGZzfPnQdOssQaMeMH3A=,iMh7yemisRS8ogkJpnWIiqsPKcc=
517,-33,1ljviFtVGZzfPnQdOssQaMeMH3A=,iMh7yemisRS8ogkJpnWIiqsPKcc=
516,-33,1ljviFtVGZzfPnQdOssQaMeMH3A=,iMh7yemisRS8ogkJpnWIiqsPKcc=
519,-33,1ljviFtVGZzfPnQdOssQaMeMH3A=,iMh7yemisRS8ogkJpnWIiqsPKcc=
513,-47,1ljviFtVGZzfPnQdOssQaMeMH3A=,iMh7yemisRS8ogkJpnWIiqsPKcc=
514,-47,1ljviFtVGZzfPnQdOssQaMeMH3A=,iMh7yemisRS8ogkJpnWIiqsPKcc=
520,-33,1ljviFtVGZzfPnQdOssQaMeMH3A=,iMh7yemisRS8ogkJpnWIiqsPKcc=
518,-33,1ljviFtVGZzfPnQdOssQaMeMH3A=,iMh7yemisRS8ogkJpnWIiqsPKcc=
515,-47,1ljviFtVGZzfPnQdOssQaMeMH3A=,iMh7yemisRS8ogkJpnWIiqsPKcc=
514,-33,1ljviFtVGZzfPnQdOssQaMeMH3A=,iMh7yemisRS8ogkJpnWIiqsPKcc=
515,-33,1ljviFtVGZzfPnQdOssQaMeMH3A=,iMh7yemisRS8ogkJpnWIiqsPKcc=
526,-34,1ljviFtVGZzfPnQdOssQaMeMH3A=,iMh7yemisRS8ogkJpnWIiqsPKcc=
517,-47,1ljviFtVGZzfPnQdOssQaMeMH3A=,iMh7yemisRS8ogkJpnWIiqsPKcc=
513,-33,1ljviFtVGZzfPnQdOssQaMeMH3A=,iMh7yemisRS8ogkJpnWIiqsPKcc=
525,-34,1ljviFtVGZzfPnQdOssQaMeMH3A=,iMh7yemisRS8ogkJpnWIiqsPKcc=
516,-47,1ljviFtVGZzfPnQdOssQaMeMH3A=,iMh7yemisRS8ogkJpnWIiqsPKcc=
527,-34,1ljviFtVGZzfPnQdOssQaMeMH3A=,iMh7yemisRS8ogkJpnWIiqsPKcc=
526,-48,1ljviFtVGZzfPnQdOssQaMeMH3A=,iMh7yemisRS8ogkJpnWIiqsPKcc=
524,-34,1ljviFtVGZzfPnQdOssQaMeMH3A=,iMh7yemisRS8ogkJpnWIiqsPKcc=
518,-47,1ljviFtVGZzfPnQdOssQaMeMH3A=,iMh7yemisRS8ogkJpnWIiqsPKcc=
523,-34,1ljviFtVGZzfPnQdOssQaMeMH3A=,iMh7yemisRS8ogkJpnWIiqsPKcc=
519,-47,1ljviFtVGZzfPnQdOssQaMeMH3A=,iMh7yemisRS8ogkJpnWIiqsPKcc=
521,-34,1ljviFtVGZzfPnQdOssQaMeMH3A=,iMh7yemisRS8ogkJpnWIiqsPKcc=
512,-33,1ljviFtVGZzfPnQdOssQaMeMH3A=,iMh7yemisRS8ogkJpnWIiqsPKcc=
522,-34,1ljviFtVGZzfPnQdOssQaMeMH3A=,iMh7yemisRS8ogkJpnWIiqsPKcc=
520,-34,1ljviFtVGZzfPnQdOssQaMeMH3A=,iMh7yemisRS8ogkJpnWIiqsPKcc=
520,-47,1ljviFtVGZzfPnQdOssQaMeMH3A=,iMh7yemisRS8ogkJpnWIiqsPKcc=
519,-34,1ljviFtVGZzfPnQdOssQaMeMH3A=,iMh7yemisRS8ogkJpnWIiqsPKcc=
518,-34,1ljviFtVGZzfPnQdOssQaMeMH3A=,iMh7yemisRS8ogkJpnWIiqsPKcc=
517,-34,1ljviFtVGZzfPnQdOssQaMeMH3A=,iMh7yemisRS8ogkJpnWIiqsPKcc=
516,-34,1ljviFtVGZzfPnQdOssQaMeMH3A=,iMh7yemisRS8ogkJpnWIiqsPKcc=
515,-34,1ljviFtVGZzfPnQdOssQaMeMH3A=,iMh7yemisRS8ogkJpnWIiqsPKcc=
521,-47,1ljviFtVGZzfPnQdOssQaMeMH3A=,iMh7yemisRS8ogkJpnWIiqsPKcc=
525,-48,1ljviFtVGZzfPnQdOssQaMeMH3A=,iMh7yemisRS8ogkJpnWIiqsPKcc=
513,-34,1ljviFtVGZzfPnQdOssQaMeMH3A=,iMh7yemisRS8ogkJpnWIiqsPKcc=
512,-34,1ljviFtVGZzfPnQdOssQaMeMH3A=,iMh7yemisRS8ogkJpnWIiqsPKcc=
522,-47,1ljviFtVGZzfPnQdOssQaMeMH3A=,iMh7yemisRS8ogkJpnWIiqsPKcc=
527,-35,1ljviFtVGZzfPnQdOssQaMeMH3A=,iMh7yemisRS8ogkJpnWIiqsPKcc=
526,-35,1ljviFtVGZzfPnQdOssQaMeMH3A=,iMh7yemisRS8ogkJpnWIiqsPKcc=
525,-35,1ljviFtVGZzfPnQdOssQaMeMH3A=,iMh7yemisRS8ogkJpnWIiqsPKcc=
523,-47,1ljviFtVGZzfPnQdOssQaMeMH3A=,iMh7yemisRS8ogkJpnWIiqsPKcc=
524,-35,1ljviFtVGZzfPnQdOssQaMeMH3A=,iMh7yemisRS8ogkJpnWIiqsPKcc=
523,-35,1ljviFtVGZzfPnQdOssQaMeMH3A=,iMh7yemisRS8ogkJpnWIiqsPKcc=
522,-35,1ljviFtVGZzfPnQdOssQaMeMH3A=,iMh7yemisRS8ogkJpnWIiqsPKcc=
524,-47,1ljviFtVGZzfPnQdOssQaMeMH3A=,iMh7yemisRS8ogkJpnWIiqsPKcc=
521,-35,1ljviFtVGZzfPnQdOssQaMeMH3A=,iMh7yemisRS8ogkJpnWIiqsPKcc=
516,-35,1ljviFtVGZzfPnQdOssQaMeMH3A=,iMh7yemisRS8ogkJpnWIiqsPKcc=
525,-47,1ljviFtVGZzfPnQdOssQaMeMH3A=,iMh7yemisRS8ogkJpnWIiqsPKcc=
520,-35,1ljviFtVGZzfPnQdOssQaMeMH3A=,iMh7yemisRS8ogkJpnWIiqsPKcc=
514,-34,1ljviFtVGZzfPnQdOssQaMeMH3A=,iMh7yemisRS8ogkJpnWIiqsPKcc=
514,-35,1ljviFtVGZzfPnQdOssQaMeMH3A=,iMh7yemisRS8ogkJpnWIiqsPKcc=
518,-35,1ljviFtVGZzfPnQdOssQaMeMH3A=,iMh7yemisRS8ogkJpnWIiqsPKcc=
519,-35,1ljviFtVGZzfPnQdOssQaMeMH3A=,iMh7yemisRS8ogkJpnWIiqsPKcc=
526,-47,1ljviFtVGZzfPnQdOssQaMeMH3A=,iMh7yemisRS8ogkJpnWIiqsPKcc=
513,-35,1ljviFtVGZzfPnQdOssQaMeMH3A=,iMh7yemisRS8ogkJpnWIiqsPKcc=
515,-35,1ljviFtVGZzfPnQdOssQaMeMH3A=,iMh7yemisRS8ogkJpnWIiqsPKcc=
512,-35,1ljviFtVGZzfPnQdOssQaMeMH3A=,iMh7yemisRS8ogkJpnWIiqsPKcc=
527,-36,1ljviFtVGZzfPnQdOssQaMeMH3A=,iMh7yemisRS8ogkJpnWIiqsPKcc=
517,-35,1ljviFtVGZzfPnQdOssQaMeMH3A=,iMh7yemisRS8ogkJpnWIiqsPKcc=
524,-48,1ljviFtVGZzfPnQdOssQaMeMH3A=,iMh7yemisRS8ogkJpnWIiqsPKcc=
527,-47,1ljviFtVGZzfPnQdOssQaMeMH3A=,iMh7yemisRS8ogkJpnWIiqsPKcc=
526,-36,1ljviFtVGZzfPnQdOssQaMeMH3A=,iMh7yemisRS8ogkJpnWIiqsPKcc=
525,-36,1ljviFtVGZzfPnQdOssQaMeMH3A=,iMh7yemisRS8ogkJpnWIiqsPKcc=
524,-36,1ljviFtVGZzfPnQdOssQaMeMH3A=,iMh7yemisRS8ogkJpnWIiqsPKcc=
522,-36,1ljviFtVGZzfPnQdOssQaMeMH3A=,iMh7yemisRS8ogkJpnWIiqsPKcc=
521,-36,1ljviFtVGZzfPnQdOssQaMeMH3A=,iMh7yemisRS8ogkJpnWIiqsPKcc=
523,-36,1ljviFtVGZzfPnQdOssQaMeMH3A=,iMh7yemisRS8ogkJpnWIiqsPKcc=
512,-46,1ljviFtVGZzfPnQdOssQaMeMH3A=,iMh7yemisRS8ogkJpnWIiqsPKcc=
520,-36,1ljviFtVGZzfPnQdOssQaMeMH3A=,iMh7yemisRS8ogkJpnWIiqsPKcc=
517,-36,1ljviFtVGZzfPnQdOssQaMeMH3A=,iMh7yemisRS8ogkJpnWIiqsPKcc=
518,-36,1ljviFtVGZzfPnQdOssQaMeMH3A=,iMh7yemisRS8ogkJpnWIiqsPKcc=
519,-36,1ljviFtVGZzfPnQdOssQaMeMH3A=,iMh7yemisRS8ogkJpnWIiqsPKcc=
516,-36,1ljviFtVGZzfPnQdOssQaMeMH3A=,iMh7yemisRS8ogkJpnWIiqsPKcc=
515,-36,1ljviFtVGZzfPnQdOssQaMeMH3A=,iMh7yemisRS8ogkJpnWIiqsPKcc=
513,-48,1ljviFtVGZzfPnQdOssQaMeMH3A=,iMh7yemisRS8ogkJpnWIiqsPKcc=
514,-36,1ljviFtVGZzfPnQdOssQaMeMH3A=,iMh7yemisRS8ogkJpnWIiqsPKcc=
513,-36,1ljviFtVGZzfPnQdOssQaMeMH3A=,iMh7yemisRS8ogkJpnWIiqsPKcc=
526,-37,1ljviFtVGZzfPnQdOssQaMeMH3A=,iMh7yemisRS8ogkJpnWIiqsPKcc=
512,-36,1ljviFtVGZzfPnQdOssQaMeMH3A=,iMh7yemisRS8ogkJpnWIiqsPKcc=
513,-46,1ljviFtVGZzfPnQdOssQaMeMH3A=,iMh7yemisRS8ogkJpnWIiqsPKcc=
523,-48,1ljviFtVGZzfPnQdOssQaMeMH3A=,iMh7yemisRS8ogkJpnWIiqsPKcc=
525,-37,1ljviFtVGZzfPnQdOssQaMeMH3A=,iMh7yemisRS8ogkJpnWIiqsPKcc=
527,-37,1ljviFtVGZzfPnQdOssQaMeMH3A=,iMh7yemisRS8ogkJpnWIiqsPKcc=
522,-37,1ljviFtVGZzfPnQdOssQaMeMH3A=,iMh7yemisRS8ogkJpnWIiqsPKcc=
523,-37,1ljviFtVGZzfPnQdOssQaMeMH3A=,iMh7yemisRS8ogkJpnWIiqsPKcc=
521,-37,1ljviFtVGZzfPnQdOssQaMeMH3A=,iMh7yemisRS8ogkJpnWIiqsPKcc=
514,-46,1ljviFtVGZzfPnQdOssQaMeMH3A=,iMh7yemisRS8ogkJpnWIiqsPKcc=
520,-37,1ljviFtVGZzfPnQdOssQaMeMH3A=,iMh7yemisRS8ogkJpnWIiqsPKcc=
517,-37,1ljviFtVGZzfPnQdOssQaMeMH3A=,iMh7yemisRS8ogkJpnWIiqsPKcc=
519,-37,1ljviFtVGZzfPnQdOssQaMeMH3A=,iMh7yemisRS8ogkJpnWIiqsPKcc=
518,-37,1ljviFtVGZzfPnQdOssQaMeMH3A=,iMh7yemisRS8ogkJpnWIiqsPKcc=
515,-37,1ljviFtVGZzfPnQdOssQaMeMH3A=,iMh7yemisRS8ogkJpnWIiqsPKcc=
516,-37,1ljviFtVGZzfPnQdOssQaMeMH3A=,iMh7yemisRS8ogkJpnWIiqsPKcc=
515,-46,1ljviFtVGZzfPnQdOssQaMeMH3A=,iMh7yemisRS8ogkJpnWIiqsPKcc=
524,-37,1ljviFtVGZzfPnQdOssQaMeMH3A=,iMh7yemisRS8ogkJpnWIiqsPKcc=
514,-37,1ljviFtVGZzfPnQdOssQaMeMH3A=,iMh7yemisRS8ogkJpnWIiqsPKcc=
513,-37,1ljviFtVGZzfPnQdOssQaMeMH3A=,iMh7yemisRS8ogkJpnWIiqsPKcc=
512,-37,1ljviFtVGZzfPnQdOssQaMeMH3A=,iMh7yemisRS8ogkJpnWIiqsPKcc=
522,-48,1ljviFtVGZzfPnQdOssQaMeMH3A=,iMh7yemisRS8ogkJpnWIiqsPKcc=
527,-38,1ljviFtVGZzfPnQdOssQaMeMH3A=,iMh7yemisRS8ogkJpnWIiqsPKcc=
526,-38,1ljviFtVGZzfPnQdOssQaMeMH3A=,iMh7yemisRS8ogkJpnWIiqsPKcc=
516,-46,1ljviFtVGZzfPnQdOssQaMeMH3A=,iMh7yemisRS8ogkJpnWIiqsPKcc=
525,-38,1ljviFtVGZzfPnQdOssQaMeMH3A=,iMh7yemisRS8ogkJpnWIiqsPKcc=
524,-38,1ljviFtVGZzfPnQdOssQaMeMH3A=,iMh7yemisRS8ogkJpnWIiqsPKcc=
523,-38,1ljviFtVGZzfPnQdOssQaMeMH3A=,iMh7yemisRS8ogkJpnWIiqsPKcc=
520,-38,1ljviFtVGZzfPnQdOssQaMeMH3A=,iMh7yemisRS8ogkJpnWIiqsPKcc=
521,-38,1ljviFtVGZzfPnQdOssQaMeMH3A=,iMh7yemisRS8ogkJpnWIiqsPKcc=
522,-38,1ljviFtVGZzfPnQdOssQaMeMH3A=,iMh7yemisRS8ogkJpnWIiqsPKcc=
519,-38,1ljviFtVGZzfPnQdOssQaMeMH3A=,iMh7yemisRS8ogkJpnWIiqsPKcc=
517,-46,1ljviFtVGZzfPnQdOssQaMeMH3A=,iMh7yemisRS8ogkJpnWIiqsPKcc=
518,-38,1ljviFtVGZzfPnQdOssQaMeMH3A=,iMh7yemisRS8ogkJpnWIiqsPKcc=
517,-38,1ljviFtVGZzfPnQdOssQaMeMH3A=,iMh7yemisRS8ogkJpnWIiqsPKcc=
515,-38,1ljviFtVGZzfPnQdOssQaMeMH3A=,iMh7yemisRS8ogkJpnWIiqsPKcc=
516,-38,1ljviFtVGZzfPnQdOssQaMeMH3A=,iMh7yemisRS8ogkJpnWIiqsPKcc=
518,-46,1ljviFtVGZzfPnQdOssQaMeMH3A=,iMh7yemisRS8ogkJpnWIiqsPKcc=
514,-38,1ljviFtVGZzfPnQdOssQaMeMH3A=,iMh7yemisRS8ogkJpnWIiqsPKcc=
513,-38,1ljviFtVGZzfPnQdOssQaMeMH3A=,iMh7yemisRS8ogkJpnWIiqsPKcc=
521,-48,1ljviFtVGZzfPnQdOssQaMeMH3A=,iMh7yemisRS8ogkJpnWIiqsPKcc=
527,-39,1ljviFtVGZzfPnQdOssQaMeMH3A=,iMh7yemisRS8ogkJpnWIiqsPKcc=
526,-39,1ljviFtVGZzfPnQdOssQaMeMH3A=,iMh7yemisRS8ogkJpnWIiqsPKcc=
512,-38,1ljviFtVGZzfPnQdOssQaMeMH3A=,iMh7yemisRS8ogkJpnWIiqsPKcc=
524,-39,1ljviFtVGZzfPnQdOssQaMeMH3A=,iMh7yemisRS8ogkJpnWIiqsPKcc=
525,-39,1ljviFtVGZzfPnQdOssQaMeMH3A=,iMh7yemisRS8ogkJpnWIiqsPKcc=
521,-39,1ljviFtVGZzfPnQdOssQaMeMH3A=,iMh7yemisRS8ogkJpnWIiqsPKcc=
519,-46,1ljviFtVGZzfPnQdOssQaMeMH3A=,iMh7yemisRS8ogkJpnWIiqsPKcc=
523,-39,1ljviFtVGZzfPnQdOssQaMeMH3A=,iMh7yemisRS8ogkJpnWIiqsPKcc=
517,-39,1ljviFtVGZzfPnQdOssQaMeMH3A=,iMh7yemisRS8ogkJpnWIiqsPKcc=
516,-39,1ljviFtVGZzfPnQdOssQaMeMH3A=,iMh7yemisRS8ogkJpnWIiqsPKcc=
519,-39,1ljviFtVGZzfPnQdOssQaMeMH3A=,iMh7yemisRS8ogkJpnWIiqsPKcc=
518,-39,1ljviFtVGZzfPnQdOssQaMeMH3A=,iMh7yemisRS8ogkJpnWIiqsPKcc=
522,-39,1ljviFtVGZzfPnQdOssQaMeMH3A=,iMh7yemisRS8ogkJpnWIiqsPKcc=
520,-39,1ljviFtVGZzfPnQdOssQaMeMH3A=,iMh7yemisRS8ogkJpnWIiqsPKcc=
520,-46,1ljviFtVGZzfPnQdOssQaMeMH3A=,iMh7yemisRS8ogkJpnWIiqsPKcc=
512,-39,1ljviFtVGZzfPnQdOssQaMeMH3A=,iMh7yemisRS8ogkJpnWIiqsPKcc=
515,-39,1ljviFtVGZzfPnQdOssQaMeMH3A=,iMh7yemisRS8ogkJpnWIiqsPKcc=
513,-39,1ljviFtVGZzfPnQdOssQaMeMH3A=,iMh7yemisRS8ogkJpnWIiqsPKcc=
520,-48,1ljviFtVGZzfPnQdOssQaMeMH3A=,iMh7yemisRS8ogkJpnWIiqsPKcc=
527,-40,1ljviFtVGZzfPnQdOssQaMeMH3A=,iMh7yemisRS8ogkJpnWIiqsPKcc=
514,-39,1ljviFtVGZzfPnQdOssQaMeMH3A=,iMh7yemisRS8ogkJpnWIiqsPKcc=
526,-40,1ljviFtVGZzfPnQdOssQaMeMH3A=,iMh7yemisRS8ogkJpnWIiqsPKcc=
525,-40,1ljviFtVGZzfPnQdOssQaMeMH3A=,iMh7yemisRS8ogkJpnWIiqsPKcc=
521,-46,1ljviFtVGZzfPnQdOssQaMeMH3A=,iMh7yemisRS8ogkJpnWIiqsPKcc=
523,-40,1ljviFtVGZzfPnQdOssQaMeMH3A=,iMh7yemisRS8ogkJpnWIiqsPKcc=
519,-40,1ljviFtVGZzfPnQdOssQaMeMH3A=,iMh7yemisRS8ogkJpnWIiqsPKcc=
524,-40,1ljviFtVGZzfPnQdOssQaMeMH3A=,iMh7yemisRS8ogkJpnWIiqsPKcc=
521,-40,1ljviFtVGZzfPnQdOssQaMeMH3A=,iMh7yemisRS8ogkJpnWIiqsPKcc=
522,-40,1ljviFtVGZzfPnQdOssQaMeMH3A=,iMh7yemisRS8ogkJpnWIiqsPKcc=
520,-40,1ljviFtVGZzfPnQdOssQaMeMH3A=,iMh7yemisRS8ogkJpnWIiqsPKcc=
516,-40,1ljviFtVGZzfPnQdOssQaMeMH3A=,iMh7yemisRS8ogkJpnWIiqsPKcc=
517,-40,1ljviFtVGZzfPnQdOssQaMeMH3A=,iMh7yemisRS8ogkJpnWIiqsPKcc=
522,-46,1ljviFtVGZzfPnQdOssQaMeMH3A=,iMh7yemisRS8ogkJpnWIiqsPKcc=
515,-40,1ljviFtVGZzfPnQdOssQaMeMH3A=,iMh7yemisRS8ogkJpnWIiqsPKcc=
518,-40,1ljviFtVGZzfPnQdOssQaMeMH3A=,iMh7yemisRS8ogkJpnWIiqsPKcc=
514,-40,1ljviFtVGZzfPnQdOssQaMeMH3A=,iMh7yemisRS8ogkJpnWIiqsPKcc=
512,-40,1ljviFtVGZzfPnQdOssQaMeMH3A=,iMh7yemisRS8ogkJpnWIiqsPKcc=
513,-40,1ljviFtVGZzfPnQdOssQaMeMH3A=,iMh7yemisRS8ogkJpnWIiqsPKcc=
519,-48,1ljviFtVGZzfPnQdOssQaMeMH3A=,iMh7yemisRS8ogkJpnWIiqsPKcc=
526,-41,1ljviFtVGZzfPnQdOssQaMeMH3A=,iMh7yemisRS8ogkJpnWIiqsPKcc=
527,-41,1ljviFtVGZzfPnQdOssQaMeMH3A=,iMh7yemisRS8ogkJpnWIiqsPKcc=
525,-41,1ljviFtVGZzfPnQdOssQaMeMH3A=,iMh7yemisRS8ogkJpnWIiqsPKcc=
523,-46,1ljviFtVGZzfPnQdOssQaMeMH3A=,iMh7yemisRS8ogkJpnWIiqsPKcc=
522,-41,1ljviFtVGZzfPnQdOssQaMeMH3A=,iMh7yemisRS8ogkJpnWIiqsPKcc=
523,-41,1ljviFtVGZzfPnQdOssQaMeMH3A=,iMh7yemisRS8ogkJpnWIiqsPKcc=
524,-41,1ljviFtVGZzfPnQdOssQaMeMH3A=,iMh7yemisRS8ogkJpnWIiqsPKcc=
520,-41,1ljviFtVGZzfPnQdOssQaMeMH3A=,iMh7yemisRS8ogkJpnWIiqsPKcc=
519,-41,1ljviFtVGZzfPnQdOssQaMeMH3A=,iMh7yemisRS8ogkJpnWIiqsPKcc=
521,-41,1ljviFtVGZzfPnQdOssQaMeMH3A=,iMh7yemisRS8ogkJpnWIiqsPKcc=
517,-41,1ljviFtVGZzfPnQdOssQaMeMH3A=,iMh7yemisRS8ogkJpnWIiqsPKcc=
518,-41,1ljviFtVGZzfPnQdOssQaMeMH3A=,iMh7yemisRS8ogkJpnWIiqsPKcc=
524,-46,1ljviFtVGZzfPnQdOssQaMeMH3A=,iMh7yemisRS8ogkJpnWIiqsPKcc=
516,-41,1ljviFtVGZzfPnQdOssQaMeMH3A=,iMh7yemisRS8ogkJpnWIiqsPKcc=
513,-41,1ljviFtVGZzfPnQdOssQaMeMH3A=,iMh7yemisRS8ogkJpnWIiqsPKcc=
527,-42,1ljviFtVGZzfPnQdOssQaMeMH3A=,iMh7yemisRS8ogkJpnWIiqsPKcc=
512,-41,1ljviFtVGZzfPnQdOssQaMeMH3A=,iMh7yemisRS8ogkJpnWIiqsPKcc=
515,-41,1ljviFtVGZzfPnQdOssQaMeMH3A=,iMh7yemisRS8ogkJpnWIiqsPKcc=
514,-41,1ljviFtVGZzfPnQdOssQaMeMH3A=,iMh7yemisRS8ogkJpnWIiqsPKcc=
526,-42,1ljviFtVGZzfPnQdOssQaMeMH3A=,iMh7yemisRS8ogkJpnWIiqsPKcc=
525,-46,1ljviFtVGZzfPnQdOssQaMeMH3A=,iMh7yemisRS8ogkJpnWIiqsPKcc=
525,-42,1ljviFtVGZzfPnQdOssQaMeMH3A=,iMh7yemisRS8ogkJpnWIiqsPKcc=
524,-42,1ljviFtVGZzfPnQdOssQaMeMH3A=,iMh7yemisRS8ogkJpnWIiqsPKcc=
523,-42,1ljviFtVGZzfPnQdOssQaMeMH3A=,iMh7yemisRS8ogkJpnWIiqsPKcc=
522,-42,1ljviFtVGZzfPnQdOssQaMeMH3A=,iMh7yemisRS8ogkJpnWIiqsPKcc=
520,-42,1ljviFtVGZzfPnQdOssQaMeMH3A=,iMh7yemisRS8ogkJpnWIiqsPKcc=
519,-42,1ljviFtVGZzfPnQdOssQaMeMH3A=,iMh7yemisRS8ogkJpnWIiqsPKcc=
518,-42,1ljviFtVGZzfPnQdOssQaMeMH3A=,iMh7yemisRS8ogkJpnWIiqsPKcc=
518,-48,1ljviFtVGZzfPnQdOssQaMeMH3A=,iMh7yemisRS8ogkJpnWIiqsPKcc=
521,-42,1ljviFtVGZzfPnQdOssQaMeMH3A=,iMh7yemisRS8ogkJpnWIiqsPKcc=
517,-42,1ljviFtVGZzfPnQdOssQaMeMH3A=,iMh7yemisRS8ogkJpnWIiqsPKcc=
516,-42,1ljviFtVGZzfPnQdOssQaMeMH3A=,iMh7yemisRS8ogkJpnWIiqsPKcc=
526,-46,1ljviFtVGZzfPnQdOssQaMeMH3A=,iMh7yemisRS8ogkJpnWIiqsPKcc=
514,-42,1ljviFtVGZzfPnQdOssQaMeMH3A=,iMh7yemisRS8ogkJpnWIiqsPKcc=
515,-42,1ljviFtVGZzfPnQdOssQaMeMH3A=,iMh7yemisRS8ogkJpnWIiqsPKcc=
513,-42,1ljviFtVGZzfPnQdOssQaMeMH3A=,iMh7yemisRS8ogkJpnWIiqsPKcc=
517,-48,1ljviFtVGZzfPnQdOssQaMeMH3A=,iMh7yemisRS8ogkJpnWIiqsPKcc=
512,-42,1ljviFtVGZzfPnQdOssQaMeMH3A=,iMh7yemisRS8ogkJpnWIiqsPKcc=
527,-43,1ljviFtVGZzfPnQdOssQaMeMH3A=,iMh7yemisRS8ogkJpnWIiqsPKcc=
525,-43,1ljviFtVGZzfPnQdOssQaMeMH3A=,iMh7yemisRS8ogkJpnWIiqsPKcc=
526,-43,1ljviFtVGZzfPnQdOssQaMeMH3A=,iMh7yemisRS8ogkJpnWIiqsPKcc=
527,-46,1ljviFtVGZzfPnQdOssQaMeMH3A=,iMh7yemisRS8ogkJpnWIiqsPKcc=
523,-43,1ljviFtVGZzfPnQdOssQaMeMH3A=,iMh7yemisRS8ogkJpnWIiqsPKcc=
524,-43,1ljviFtVGZzfPnQdOssQaMeMH3A=,iMh7yemisRS8ogkJpnWIiqsPKcc=
522,-43,1ljviFtVGZzfPnQdOssQaMeMH3A=,iMh7yemisRS8ogkJpnWIiqsPKcc=
520,-43,1ljviFtVGZzfPnQdOssQaMeMH3A=,iMh7yemisRS8ogkJpnWIiqsPKcc=
521,-43,1ljviFtVGZzfPnQdOssQaMeMH3A=,iMh7yemisRS8ogkJpnWIiqsPKcc=
517,-43,1ljviFtVGZzfPnQdOssQaMeMH3A=,iMh7yemisRS8ogkJpnWIiqsPKcc=
519,-43,1ljviFtVGZzfPnQdOssQaMeMH3A=,iMh7yemisRS8ogkJpnWIiqsPKcc=
518,-43,1ljviFtVGZzfPnQdOssQaMeMH3A=,iMh7yemisRS8ogkJpnWIiqsPKcc=
515,-43,1ljviFtVGZzfPnQdOssQaMeMH3A=,iMh7yemisRS8ogkJpnWIiqsPKcc=
512,-45,1ljviFtVGZzfPnQdOssQaMeMH3A=,iMh7yemisRS8ogkJpnWIiqsPKcc=
516,-48,1ljviFtVGZzfPnQdOssQaMeMH3A=,iMh7yemisRS8ogkJpnWIiqsPKcc=
516,-43,1ljviFtVGZzfPnQdOssQaMeMH3A=,iMh7yemisRS8ogkJpnWIiqsPKcc=
527,-44,1ljviFtVGZzfPnQdOssQaMeMH3A=,iMh7yemisRS8ogkJpnWIiqsPKcc=
512,-43,1ljviFtVGZzfPnQdOssQaMeMH3A=,iMh7yemisRS8ogkJpnWIiqsPKcc=
513,-43,1ljviFtVGZzfPnQdOssQaMeMH3A=,iMh7yemisRS8ogkJpnWIiqsPKcc=
514,-43,1ljviFtVGZzfPnQdOssQaMeMH3A=,iMh7yemisRS8ogkJpnWIiqsPKcc=
514,-48,1ljviFtVGZzfPnQdOssQaMeMH3A=,iMh7yemisRS8ogkJpnWIiqsPKcc=
526,-44,1ljviFtVGZzfPnQdOssQaMeMH3A=,iMh7yemisRS8ogkJpnWIiqsPKcc=
523,-44,1ljviFtVGZzfPnQdOssQaMeMH3A=,iMh7yemisRS8ogkJpnWIiqsPKcc=
524,-44,1ljviFtVGZzfPnQdOssQaMeMH3A=,iMh7yemisRS8ogkJpnWIiqsPKcc=
520,-44,1ljviFtVGZzfPnQdOssQaMeMH3A=,iMh7yemisRS8ogkJpnWIiqsPKcc=
522,-44,1ljviFtVGZzfPnQdOssQaMeMH3A=,iMh7yemisRS8ogkJpnWIiqsPKcc=
525,-44,1ljviFtVGZzfPnQdOssQaMeMH3A=,iMh7yemisRS8ogkJpnWIiqsPKcc=
521,-44,1ljviFtVGZzfPnQdOssQaMeMH3A=,iMh7yemisRS8ogkJpnWIiqsPKcc=
516,-44,1ljviFtVGZzfPnQdOssQaMeMH3A=,iMh7yemisRS8ogkJpnWIiqsPKcc=
517,-44,1ljviFtVGZzfPnQdOssQaMeMH3A=,iMh7yemisRS8ogkJpnWIiqsPKcc=
518,-44,1ljviFtVGZzfPnQdOssQaMeMH3A=,iMh7yemisRS8ogkJpnWIiqsPKcc=
519,-44,1ljviFtVGZzfPnQdOssQaMeMH3A=,iMh7yemisRS8ogkJpnWIiqsPKcc=
515,-44,1ljviFtVGZzfPnQdOssQaMeMH3A=,iMh7yemisRS8ogkJpnWIiqsPKcc=
513,-45,1ljviFtVGZzfPnQdOssQaMeMH3A=,iMh7yemisRS8ogkJpnWIiqsPKcc=
513,-44,1ljviFtVGZzfPnQdOssQaMeMH3A=,iMh7yemisRS8ogkJpnWIiqsPKcc=
514,-44,1ljviFtVGZzfPnQdOssQaMeMH3A=,iMh7yemisRS8ogkJpnWIiqsPKcc=
526,-45,1ljviFtVGZzfPnQdOssQaMeMH3A=,iMh7yemisRS8ogkJpnWIiqsPKcc=
512,-44,1ljviFtVGZzfPnQdOssQaMeMH3A=,iMh7yemisRS8ogkJpnWIiqsPKcc=
527,-45,1ljviFtVGZzfPnQdOssQaMeMH3A=,iMh7yemisRS8ogkJpnWIiqsPKcc=
515,-48,1ljviFtVGZzfPnQdOssQaMeMH3A=,iMh7yemisRS8ogkJpnWIiqsPKcc=
525,-45,1ljviFtVGZzfPnQdOssQaMeMH3A=,iMh7yemisRS8ogkJpnWIiqsPKcc=
523,-45,1ljviFtVGZzfPnQdOssQaMeMH3A=,iMh7yemisRS8ogkJpnWIiqsPKcc=
522,-45,1ljviFtVGZzfPnQdOssQaMeMH3A=,iMh7yemisRS8ogkJpnWIiqsPKcc=
514,-45,1ljviFtVGZzfPnQdOssQaMeMH3A=,iMh7yemisRS8ogkJpnWIiqsPKcc=
524,-45,1ljviFtVGZzfPnQdOssQaMeMH3A=,iMh7yemisRS8ogkJpnWIiqsPKcc=
518,-45,1ljviFtVGZzfPnQdOssQaMeMH3A=,iMh7yemisRS8ogkJpnWIiqsPKcc=
521,-45,1ljviFtVGZzfPnQdOssQaMeMH3A=,iMh7yemisRS8ogkJpnWIiqsPKcc=
519,-45,1ljviFtVGZzfPnQdOssQaMeMH3A=,iMh7yemisRS8ogkJpnWIiqsPKcc=
520,-45,1ljviFtVGZzfPnQdOssQaMeMH3A=,iMh7yemisRS8ogkJpnWIiqsPKcc=
517,-45,1ljviFtVGZzfPnQdOssQaMeMH3A=,iMh7yemisRS8ogkJpnWIiqsPKcc=
515,-45,1ljviFtVGZzfPnQdOssQaMeMH3A=,iMh7yemisRS8ogkJpnWIiqsPKcc=
516,-45,1ljviFtVGZzfPnQdOssQaMeMH3A=,iMh7yemisRS8ogkJpnWIiqsPKcc=
543,-33,6FJ5m9mD+mpjMTOK66/SUYtfubM=,iMh7yemisRS8ogkJpnWIiqsPKcc=
542,-33,6FJ5m9mD+mpjMTOK66/SUYtfubM=,iMh7yemisRS8ogkJpnWIiqsPKcc=
528,-47,6FJ5m9mD+mpjMTOK66/SUYtfubM=,iMh7yemisRS8ogkJpnWIiqsPKcc=
541,-48,6FJ5m9mD+mpjMTOK66/SUYtfubM=,iMh7yemisRS8ogkJpnWIiqsPKcc=
542,-48,6FJ5m9mD+mpjMTOK66/SUYtfubM=,iMh7yemisRS8ogkJpnWIiqsPKcc=
539,-48,6FJ5m9mD+mpjMTOK66/SUYtfubM=,iMh7yemisRS8ogkJpnWIiqsPKcc=
529,-47,6FJ5m9mD+mpjMTOK66/SUYtfubM=,iMh7yemisRS8ogkJpnWIiqsPKcc=
538,-48,6FJ5m9mD+mpjMTOK66/SUYtfubM=,iMh7yemisRS8ogkJpnWIiqsPKcc=
543,-48,6FJ5m9mD+mpjMTOK66/SUYtfubM=,iMh7yemisRS8ogkJpnWIiqsPKcc=
537,-48,6FJ5m9mD+mpjMTOK66/SUYtfubM=,iMh7yemisRS8ogkJpnWIiqsPKcc=
530,-47,6FJ5m9mD+mpjMTOK66/SUYtfubM=,iMh7yemisRS8ogkJpnWIiqsPKcc=
532,-47,6FJ5m9mD+mpjMTOK66/SUYtfubM=,iMh7yemisRS8ogkJpnWIiqsPKcc=
531,-47,6FJ5m9mD+mpjMTOK66/SUYtfubM=,iMh7yemisRS8ogkJpnWIiqsPKcc=
536,-48,6FJ5m9mD+mpjMTOK66/SUYtfubM=,iMh7yemisRS8ogkJpnWIiqsPKcc=
535,-48,6FJ5m9mD+mpjMTOK66/SUYtfubM=,iMh7yemisRS8ogkJpnWIiqsPKcc=
534,-48,6FJ5m9mD+mpjMTOK66/SUYtfubM=,iMh7yemisRS8ogkJpnWIiqsPKcc=
540,-48,6FJ5m9mD+mpjMTOK66/SUYtfubM=,iMh7yemisRS8ogkJpnWIiqsPKcc=
533,-48,6FJ5m9mD+mpjMTOK66/SUYtfubM=,iMh7yemisRS8ogkJpnWIiqsPKcc=
532,-48,6FJ5m9mD+mpjMTOK66/SUYtfubM=,iMh7yemisRS8ogkJpnWIiqsPKcc=
534,-47,6FJ5m9mD+mpjMTOK66/SUYtfubM=,iMh7yemisRS8ogkJpnWIiqsPKcc=
533,-47,6FJ5m9mD+mpjMTOK66/SUYtfubM=,iMh7yemisRS8ogkJpnWIiqsPKcc=
531,-48,6FJ5m9mD+mpjMTOK66/SUYtfubM=,iMh7yemisRS8ogkJpnWIiqsPKcc=
535,-47,6FJ5m9mD+mpjMTOK66/SUYtfubM=,iMh7yemisRS8ogkJpnWIiqsPKcc=
530,-48,6FJ5m9mD+mpjMTOK66/SUYtfubM=,iMh7yemisRS8ogkJpnWIiqsPKcc=
529,-48,6FJ5m9mD+mpjMTOK66/SUYtfubM=,iMh7yemisRS8ogkJpnWIiqsPKcc=
528,-48,6FJ5m9mD+mpjMTOK66/SUYtfubM=,iMh7yemisRS8ogkJpnWIiqsPKcc=
541,-33,6FJ5m9mD+mpjMTOK66/SUYtfubM=,iMh7yemisRS8ogkJpnWIiqsPKcc=
536,-47,6FJ5m9mD+mpjMTOK66/SUYtfubM=,iMh7yemisRS8ogkJpnWIiqsPKcc=
537,-47,6FJ5m9mD+mpjMTOK66/SUYtfubM=,iMh7yemisRS8ogkJpnWIiqsPKcc=
540,-33,6FJ5m9mD+mpjMTOK66/SUYtfubM=,iMh7yemisRS8ogkJpnWIiqsPKcc=
538,-47,6FJ5m9mD+mpjMTOK66/SUYtfubM=,iMh7yemisRS8ogkJpnWIiqsPKcc=
536,-33,6FJ5m9mD+mpjMTOK66/SUYtfubM=,iMh7yemisRS8ogkJpnWIiqsPKcc=
537,-33,6FJ5m9mD+mpjMTOK66/SUYtfubM=,iMh7yemisRS8ogkJpnWIiqsPKcc=
535,-33,6FJ5m9mD+mpjMTOK66/SUYtfubM=,iMh7yemisRS8ogkJpnWIiqsPKcc=
538,-33,6FJ5m9mD+mpjMTOK66/SUYtfubM=,iMh7yemisRS8ogkJpnWIiqsPKcc=
534,-33,6FJ5m9mD+mpjMTOK66/SUYtfubM=,iMh7yemisRS8ogkJpnWIiqsPKcc=
533,-33,6FJ5m9mD+mpjMTOK66/SUYtfubM=,iMh7yemisRS8ogkJpnWIiqsPKcc=
539,-33,6FJ5m9mD+mpjMTOK66/SUYtfubM=,iMh7yemisRS8ogkJpnWIiqsPKcc=
539,-47,6FJ5m9mD+mpjMTOK66/SUYtfubM=,iMh7yemisRS8ogkJpnWIiqsPKcc=
531,-33,6FJ5m9mD+mpjMTOK66/SUYtfubM=,iMh7yemisRS8ogkJpnWIiqsPKcc=
540,-47,6FJ5m9mD+mpjMTOK66/SUYtfubM=,iMh7yemisRS8ogkJpnWIiqsPKcc=
530,-33,6FJ5m9mD+mpjMTOK66/SUYtfubM=,iMh7yemisRS8ogkJpnWIiqsPKcc=
529,-33,6FJ5m9mD+mpjMTOK66/SUYtfubM=,iMh7yemisRS8ogkJpnWIiqsPKcc=
541,-47,6FJ5m9mD+mpjMTOK66/SUYtfubM=,iMh7yemisRS8ogkJpnWIiqsPKcc=
543,-34,6FJ5m9mD+mpjMTOK66/SUYtfubM=,iMh7yemisRS8ogkJpnWIiqsPKcc=
542,-47,6FJ5m9mD+mpjMTOK66/SUYtfubM=,iMh7yemisRS8ogkJpnWIiqsPKcc=
542,-34,6FJ5m9mD+mpjMTOK66/SUYtfubM=,iMh7yemisRS8ogkJpnWIiqsPKcc=
532,-33,6FJ5m9mD+mpjMTOK66/SUYtfubM=,iMh7yemisRS8ogkJpnWIiqsPKcc=
528,-33,6FJ5m9mD+mpjMTOK66/SUYtfubM=,iMh7yemisRS8ogkJpnWIiqsPKcc=
541,-34,6FJ5m9mD+mpjMTOK66/SUYtfubM=,iMh7yemisRS8ogkJpnWIiqsPKcc=
543,-47,6FJ5m9mD+mpjMTOK66/SUYtfubM=,iMh7yemisRS8ogkJpnWIiqsPKcc=
538,-34,6FJ5m9mD+mpjMTOK66/SUYtfubM=,iMh7yemisRS8ogkJpnWIiqsPKcc=
539,-34,6FJ5m9mD+mpjMTOK66/SUYtfubM=,iMh7yemisRS8ogkJpnWIiqsPKcc=
540,-34,6FJ5m9mD+mpjMTOK66/SUYtfubM=,iMh7yemisRS8ogkJpnWIiqsPKcc=
537,-34,6FJ5m9mD+mpjMTOK66/SUYtfubM=,iMh7yemisRS8ogkJpnWIiqsPKcc=
528,-46,6FJ5m9mD+mpjMTOK66/SUYtfubM=,iMh7yemisRS8ogkJpnWIiqsPKcc=
535,-34,6FJ5m9mD+mpjMTOK66/SUYtfubM=,iMh7yemisRS8ogkJpnWIiqsPKcc=
536,-34,6FJ5m9mD+mpjMTOK66/SUYtfubM=,iMh7yemisRS8ogkJpnWIiqsPKcc=
529,-46,6FJ5m9mD+mpjMTOK66/SUYtfubM=,iMh7yemisRS8ogkJpnWIiqsPKcc=
532,-34,6FJ5m9mD+mpjMTOK66/SUYtfubM=,iMh7yemisRS8ogkJpnWIiqsPKcc=
534,-34,6FJ5m9mD+mpjMTOK66/SUYtfubM=,iMh7yemisRS8ogkJpnWIiqsPKcc=
533,-34,6FJ5m9mD+mpjMTOK66/SUYtfubM=,iMh7yemisRS8ogkJpnWIiqsPKcc=
530,-46,6FJ5m9mD+mpjMTOK66/SUYtfubM=,iMh7yemisRS8ogkJpnWIiqsPKcc=
531,-46,6FJ5m9mD+mpjMTOK66/SUYtfubM=,iMh7yemisRS8ogkJpnWIiqsPKcc=
530,-34,6FJ5m9mD+mpjMTOK66/SUYtfubM=,iMh7yemisRS8ogkJpnWIiqsPKcc=
528,-34,6FJ5m9mD+mpjMTOK66/SUYtfubM=,iMh7yemisRS8ogkJpnWIiqsPKcc=
531,-34,6FJ5m9mD+mpjMTOK66/SUYtfubM=,iMh7yemisRS8ogkJpnWIiqsPKcc=
532,-46,6FJ5m9mD+mpjMTOK66/SUYtfubM=,iMh7yemisRS8ogkJpnWIiqsPKcc=
529,-34,6FJ5m9mD+mpjMTOK66/SUYtfubM=,iMh7yemisRS8ogkJpnWIiqsPKcc=
543,-35,6FJ5m9mD+mpjMTOK66/SUYtfubM=,iMh7yemisRS8ogkJpnWIiqsPKcc=
542,-35,6FJ5m9mD+mpjMTOK66/SUYtfubM=,iMh7yemisRS8ogkJpnWIiqsPKcc=
533,-46,6FJ5m9mD+mpjMTOK66/SUYtfubM=,iMh7yemisRS8ogkJpnWIiqsPKcc=
541,-35,6FJ5m9mD+mpjMTOK66/SUYtfubM=,iMh7yemisRS8ogkJpnWIiqsPKcc=
539,-35,6FJ5m9mD+mpjMTOK66/SUYtfubM=,iMh7yemisRS8ogkJpnWIiqsPKcc=
538,-35,6FJ5m9mD+mpjMTOK66/SUYtfubM=,iMh7yemisRS8ogkJpnWIiqsPKcc=
537,-35,6FJ5m9mD+mpjMTOK66/SUYtfubM=,iMh7yemisRS8ogkJpnWIiqsPKcc=
534,-46,6FJ5m9mD+mpjMTOK66/SUYtfubM=,iMh7yemisRS8ogkJpnWIiqsPKcc=
540,-35,6FJ5m9mD+mpjMTOK66/SUYtfubM=,iMh7yemisRS8ogkJpnWIiqsPKcc=
535,-35,6FJ5m9mD+mpjMTOK66/SUYtfubM=,iMh7yemisRS8ogkJpnWIiqsPKcc=
534,-35,6FJ5m9mD+mpjMTOK66/SUYtfubM=,iMh7yemisRS8ogkJpnWIiqsPKcc=
533,-35,6FJ5m9mD+mpjMTOK66/SUYtfubM=,iMh7yemisRS8ogkJpnWIiqsPKcc=
535,-46,6FJ5m9mD+mpjMTOK66/SUYtfubM=,iMh7yemisRS8ogkJpnWIiqsPKcc=
531,-35,6FJ5m9mD+mpjMTOK66/SUYtfubM=,iMh7yemisRS8ogkJpnWIiqsPKcc=
536,-46,6FJ5m9mD+mpjMTOK66/SUYtfubM=,iMh7yemisRS8ogkJpnWIiqsPKcc=
532,-35,6FJ5m9mD+mpjMTOK66/SUYtfubM=,iMh7yemisRS8ogkJpnWIiqsPKcc=
529,-35,6FJ5m9mD+mpjMTOK66/SUYtfubM=,iMh7yemisRS8ogkJpnWIiqsPKcc=
543,-36,6FJ5m9mD+mpjMTOK66/SUYtfubM=,iMh7yemisRS8ogkJpnWIiqsPKcc=
530,-35,6FJ5m9mD+mpjMTOK66/SUYtfubM=,iMh7yemisRS8ogkJpnWIiqsPKcc=
528,-35,6FJ5m9mD+mpjMTOK66/SUYtfubM=,iMh7yemisRS8ogkJpnWIiqsPKcc=
542,-36,6FJ5m9mD+mpjMTOK66/SUYtfubM=,iMh7yemisRS8ogkJpnWIiqsPKcc=
541,-36,6FJ5m9mD+mpjMTOK66/SUYtfubM=,iMh7yemisRS8ogkJpnWIiqsPKcc=
537,-46,6FJ5m9mD+mpjMTOK66/SUYtfubM=,iMh7yemisRS8ogkJpnWIiqsPKcc=
538,-46,6FJ5m9mD+mpjMTOK66/SUYtfubM=,iMh7yemisRS8ogkJpnWIiqsPKcc=
538,-36,6FJ5m9mD+mpjMTOK66/SUYtfubM=,iMh7yemisRS8ogkJpnWIiqsPKcc=
536,-36,6FJ5m9mD+mpjMTOK66/SUYtfubM=,iMh7yemisRS8ogkJpnWIiqsPKcc=
540,-36,6FJ5m9mD+mpjMTOK66/SUYtfubM=,iMh7yemisRS8ogkJpnWIiqsPKcc=
537,-36,6FJ5m9mD+mpjMTOK66/SUYtfubM=,iMh7yemisRS8ogkJpnWIiqsPKcc=
539,-36,6FJ5m9mD+mpjMTOK66/SUYtfubM=,iMh7yemisRS8ogkJpnWIiqsPKcc=
536,-35,6FJ5m9mD+mpjMTOK66/SUYtfubM=,iMh7yemisRS8ogkJpnWIiqsPKcc=
534,-36,6FJ5m9mD+mpjMTOK66/SUYtfubM=,iMh7yemisRS8ogkJpnWIiqsPKcc=
540,-46,6FJ5m9mD+mpjMTOK66/SUYtfubM=,iMh7yemisRS8ogkJpnWIiqsPKcc=
533,-36,6FJ5m9mD+mpjMTOK66/SUYtfubM=,iMh7yemisRS8ogkJpnWIiqsPKcc=
532,-36,6FJ5m9mD+mpjMTOK66/SUYtfubM=,iMh7yemisRS8ogkJpnWIiqsPKcc=
539,-46,6FJ5m9mD+mpjMTOK66/SUYtfubM=,iMh7yemisRS8ogkJpnWIiqsPKcc=
541,-46,6FJ5m9mD+mpjMTOK66/SUYtfubM=,iMh7yemisRS8ogkJpnWIiqsPKcc=
530,-36,6FJ5m9mD+mpjMTOK66/SUYtfubM=,iMh7yemisRS8ogkJpnWIiqsPKcc=
531,-36,6FJ5m9mD+mpjMTOK66/SUYtfubM=,iMh7yemisRS8ogkJpnWIiqsPKcc=
529,-36,6FJ5m9mD+mpjMTOK66/SUYtfubM=,iMh7yemisRS8ogkJpnWIiqsPKcc=
542,-46,6FJ5m9mD+mpjMTOK66/SUYtfubM=,iMh7yemisRS8ogkJpnWIiqsPKcc=
528,-36,6FJ5m9mD+mpjMTOK66/SUYtfubM=,iMh7yemisRS8ogkJpnWIiqsPKcc=
543,-37,6FJ5m9mD+mpjMTOK66/SUYtfubM=,iMh7yemisRS8ogkJpnWIiqsPKcc=
542,-37,6FJ5m9mD+mpjMTOK66/SUYtfubM=,iMh7yemisRS8ogkJpnWIiqsPKcc=
535,-36,6FJ5m9mD+mpjMTOK66/SUYtfubM=,iMh7yemisRS8ogkJpnWIiqsPKcc=
543,-46,6FJ5m9mD+mpjMTOK66/SUYtfubM=,iMh7yemisRS8ogkJpnWIiqsPKcc=
537,-37,6FJ5m9mD+mpjMTOK66/SUYtfubM=,iMh7yemisRS8ogkJpnWIiqsPKcc=
541,-37,6FJ5m9mD+mpjMTOK66/SUYtfubM=,iMh7yemisRS8ogkJpnWIiqsPKcc=
539,-37,6FJ5m9mD+mpjMTOK66/SUYtfubM=,iMh7yemisRS8ogkJpnWIiqsPKcc=
540,-37,6FJ5m9mD+mpjMTOK66/SUYtfubM=,iMh7yemisRS8ogkJpnWIiqsPKcc=
533,-37,6FJ5m9mD+mpjMTOK66/SUYtfubM=,iMh7yemisRS8ogkJpnWIiqsPKcc=
538,-37,6FJ5m9mD+mpjMTOK66/SUYtfubM=,iMh7yemisRS8ogkJpnWIiqsPKcc=
535,-37,6FJ5m9mD+mpjMTOK66/SUYtfubM=,iMh7yemisRS8ogkJpnWIiqsPKcc=
532,-37,6FJ5m9mD+mpjMTOK66/SUYtfubM=,iMh7yemisRS8ogkJpnWIiqsPKcc=
528,-45,6FJ5m9mD+mpjMTOK66/SUYtfubM=,iMh7yemisRS8ogkJpnWIiqsPKcc=
531,-37,6FJ5m9mD+mpjMTOK66/SUYtfubM=,iMh7yemisRS8ogkJpnWIiqsPKcc=
530,-37,6FJ5m9mD+mpjMTOK66/SUYtfubM=,iMh7yemisRS8ogkJpnWIiqsPKcc=
529,-45,6FJ5m9mD+mpjMTOK66/SUYtfubM=,iMh7yemisRS8ogkJpnWIiqsPKcc=
529,-37,6FJ5m9mD+mpjMTOK66/SUYtfubM=,iMh7yemisRS8ogkJpnWIiqsPKcc=
536,-37,6FJ5m9mD+mpjMTOK66/SUYtfubM=,iMh7yemisRS8ogkJpnWIiqsPKcc=
543,-38,6FJ5m9mD+mpjMTOK66/SUYtfubM=,iMh7yemisRS8ogkJpnWIiqsPKcc=
534,-37,6FJ5m9mD+mpjMTOK66/SUYtfubM=,iMh7yemisRS8ogkJpnWIiqsPKcc=
541,-38,6FJ5m9mD+mpjMTOK66/SUYtfubM=,iMh7yemisRS8ogkJpnWIiqsPKcc=
542,-38,6FJ5m9mD+mpjMTOK66/SUYtfubM=,iMh7yemisRS8ogkJpnWIiqsPKcc=
540,-38,6FJ5m9mD+mpjMTOK66/SUYtfubM=,iMh7yemisRS8ogkJpnWIiqsPKcc=
530,-45,6FJ5m9mD+mpjMTOK66/SUYtfubM=,iMh7yemisRS8ogkJpnWIiqsPKcc=
539,-38,6FJ5m9mD+mpjMTOK66/SUYtfubM=,iMh7yemisRS8ogkJpnWIiqsPKcc=
538,-38,6FJ5m9mD+mpjMTOK66/SUYtfubM=,iMh7yemisRS8ogkJpnWIiqsPKcc=
534,-38,6FJ5m9mD+mpjMTOK66/SUYtfubM=,iMh7yemisRS8ogkJpnWIiqsPKcc=
528,-37,6FJ5m9mD+mpjMTOK66/SUYtfubM=,iMh7yemisRS8ogkJpnWIiqsPKcc=
536,-38,6FJ5m9mD+mpjMTOK66/SUYtfubM=,iMh7yemisRS8ogkJpnWIiqsPKcc=
537,-38,6FJ5m9mD+mpjMTOK66/SUYtfubM=,iMh7yemisRS8ogkJpnWIiqsPKcc=
535,-38,6FJ5m9mD+mpjMTOK66/SUYtfubM=,iMh7yemisRS8ogkJpnWIiqsPKcc=
533,-38,6FJ5m9mD+mpjMTOK66/SUYtfubM=,iMh7yemisRS8ogkJpnWIiqsPKcc=
531,-45,6FJ5m9mD+mpjMTOK66/SUYtfubM=,iMh7yemisRS8ogkJpnWIiqsPKcc=
532,-38,6FJ5m9mD+mpjMTOK66/SUYtfubM=,iMh7yemisRS8ogkJpnWIiqsPKcc=
530,-38,6FJ5m9mD+mpjMTOK66/SUYtfubM=,iMh7yemisRS8ogkJpnWIiqsPKcc=
529,-38,6FJ5m9mD+mpjMTOK66/SUYtfubM=,iMh7yemisRS8ogkJpnWIiqsPKcc=
531,-38,6FJ5m9mD+mpjMTOK66/SUYtfubM=,iMh7yemisRS8ogkJpnWIiqsPKcc=
528,-38,6FJ5m9mD+mpjMTOK66/SUYtfubM=,iMh7yemisRS8ogkJpnWIiqsPKcc=
532,-45,6FJ5m9mD+mpjMTOK66/SUYtfubM=,iMh7yemisRS8ogkJpnWIiqsPKcc=
541,-39,6FJ5m9mD+mpjMTOK66/SUYtfubM=,iMh7yemisRS8ogkJpnWIiqsPKcc=
539,-39,6FJ5m9mD+mpjMTOK66/SUYtfubM=,iMh7yemisRS8ogkJpnWIiqsPKcc=
543,-39,6FJ5m9mD+mpjMTOK66/SUYtfubM=,iMh7yemisRS8ogkJpnWIiqsPKcc=
542,-39,6FJ5m9mD+mpjMTOK66/SUYtfubM=,iMh7yemisRS8ogkJpnWIiqsPKcc=
540,-39,6FJ5m9mD+mpjMTOK66/SUYtfubM=,iMh7yemisRS8ogkJpnWIiqsPKcc=
538,-39,6FJ5m9mD+mpjMTOK66/SUYtfubM=,iMh7yemisRS8ogkJpnWIiqsPKcc=
533,-45,6FJ5m9mD+mpjMTOK66/SUYtfubM=,iMh7yemisRS8ogkJpnWIiqsPKcc=
531,-39,6FJ5m9mD+mpjMTOK66/SUYtfubM=,iMh7yemisRS8ogkJpnWIiqsPKcc=
534,-39,6FJ5m9mD+mpjMTOK66/SUYtfubM=,iMh7yemisRS8ogkJpnWIiqsPKcc=
536,-39,6FJ5m9mD+mpjMTOK66/SUYtfubM=,iMh7yemisRS8ogkJpnWIiqsPKcc=
537,-39,6FJ5m9mD+mpjMTOK66/SUYtfubM=,iMh7yemisRS8ogkJpnWIiqsPKcc=
532,-39,6FJ5m9mD+mpjMTOK66/SUYtfubM=,iMh7yemisRS8ogkJpnWIiqsPKcc=
530,-39,6FJ5m9mD+mpjMTOK66/SUYtfubM=,iMh7yemisRS8ogkJpnWIiqsPKcc=
535,-39,6FJ5m9mD+mpjMTOK66/SUYtfubM=,iMh7yemisRS8ogkJpnWIiqsPKcc=
533,-39,6FJ5m9mD+mpjMTOK66/SUYtfubM=,iMh7yemisRS8ogkJpnWIiqsPKcc=
534,-45,6FJ5m9mD+mpjMTOK66/SUYtfubM=,iMh7yemisRS8ogkJpnWIiqsPKcc=
529,-39,6FJ5m9mD+mpjMTOK66/SUYtfubM=,iMh7yemisRS8ogkJpnWIiqsPKcc=
540,-40,6FJ5m9mD+mpjMTOK66/SUYtfubM=,iMh7yemisRS8ogkJpnWIiqsPKcc=
542,-40,6FJ5m9mD+mpjMTOK66/SUYtfubM=,iMh7yemisRS8ogkJpnWIiqsPKcc=
535,-45,6FJ5m9mD+mpjMTOK66/SUYtfubM=,iMh7yemisRS8ogkJpnWIiqsPKcc=
541,-40,6FJ5m9mD+mpjMTOK66/SUYtfubM=,iMh7yemisRS8ogkJpnWIiqsPKcc=
543,-40,6FJ5m9mD+mpjMTOK66/SUYtfubM=,iMh7yemisRS8ogkJpnWIiqsPKcc=
539,-40,6FJ5m9mD+mpjMTOK66/SUYtfubM=,iMh7yemisRS8ogkJpnWIiqsPKcc=
536,-40,6FJ5m9mD+mpjMTOK66/SUYtfubM=,iMh7yemisRS8ogkJpnWIiqsPKcc=
538,-40,6FJ5m9mD+mpjMTOK66/SUYtfubM=,iMh7yemisRS8ogkJpnWIiqsPKcc=
535,-40,6FJ5m9mD+mpjMTOK66/SUYtfubM=,iMh7yemisRS8ogkJpnWIiqsPKcc=
528,-39,6FJ5m9mD+mpjMTOK66/SUYtfubM=,iMh7yemisRS8ogkJpnWIiqsPKcc=
536,-45,6FJ5m9mD+mpjMTOK66/SUYtfubM=,iMh7yemisRS8ogkJpnWIiqsPKcc=
534,-40,6FJ5m9mD+mpjMTOK66/SUYtfubM=,iMh7yemisRS8ogkJpnWIiqsPKcc=
530,-40,6FJ5m9mD+mpjMTOK66/SUYtfubM=,iMh7yemisRS8ogkJpnWIiqsPKcc=
537,-40,6FJ5m9mD+mpjMTOK66/SUYtfubM=,iMh7yemisRS8ogkJpnWIiqsPKcc=
533,-40,6FJ5m9mD+mpjMTOK66/SUYtfubM=,iMh7yemisRS8ogkJpnWIiqsPKcc=
537,-45,6FJ5m9mD+mpjMTOK66/SUYtfubM=,iMh7yemisRS8ogkJpnWIiqsPKcc=
529,-40,6FJ5m9mD+mpjMTOK66/SUYtfubM=,iMh7yemisRS8ogkJpnWIiqsPKcc=
531,-40,6FJ5m9mD+mpjMTOK66/SUYtfubM=,iMh7yemisRS8ogkJpnWIiqsPKcc=
532,-40,6FJ5m9mD+mpjMTOK66/SUYtfubM=,iMh7yemisRS8ogkJpnWIiqsPKcc=
542,-41,6FJ5m9mD+mpjMTOK66/SUYtfubM=,iMh7yemisRS8ogkJpnWIiqsPKcc=
543,-41,6FJ5m9mD+mpjMTOK66/SUYtfubM=,iMh7yemisRS8ogkJpnWIiqsPKcc=
528,-40,6FJ5m9mD+mpjMTOK66/SUYtfubM=,iMh7yemisRS8ogkJpnWIiqsPKcc=
540,-41,6FJ5m9mD+mpjMTOK66/SUYtfubM=,iMh7yemisRS8ogkJpnWIiqsPKcc=
541,-41,6FJ5m9mD+mpjMTOK66/SUYtfubM=,iMh7yemisRS8ogkJpnWIiqsPKcc=
536,-41,6FJ5m9mD+mpjMTOK66/SUYtfubM=,iMh7yemisRS8ogkJpnWIiqsPKcc=
538,-41,6FJ5m9mD+mpjMTOK66/SUYtfubM=,iMh7yemisRS8ogkJpnWIiqsPKcc=
537,-41,6FJ5m9mD+mpjMTOK66/SUYtfubM=,iMh7yemisRS8ogkJpnWIiqsPKcc=
538,-45,6FJ5m9mD+mpjMTOK66/SUYtfubM=,iMh7yemisRS8ogkJpnWIiqsPKcc=
534,-41,6FJ5m9mD+mpjMTOK66/SUYtfubM=,iMh7yemisRS8ogkJpnWIiqsPKcc=
532,-41,6FJ5m9mD+mpjMTOK66/SUYtfubM=,iMh7yemisRS8ogkJpnWIiqsPKcc=
535,-41,6FJ5m9mD+mpjMTOK66/SUYtfubM=,iMh7yemisRS8ogkJpnWIiqsPKcc=
539,-41,6FJ5m9mD+mpjMTOK66/SUYtfubM=,iMh7yemisRS8ogkJpnWIiqsPKcc=
533,-41,6FJ5m9mD+mpjMTOK66/SUYtfubM=,iMh7yemisRS8ogkJpnWIiqsPKcc=
531,-41,6FJ5m9mD+mpjMTOK66/SUYtfubM=,iMh7yemisRS8ogkJpnWIiqsPKcc=
530,-41,6FJ5m9mD+mpjMTOK66/SUYtfubM=,iMh7yemisRS8ogkJpnWIiqsPKcc=
529,-41,6FJ5m9mD+mpjMTOK66/SUYtfubM=,iMh7yemisRS8ogkJpnWIiqsPKcc=
542,-42,6FJ5m9mD+mpjMTOK66/SUYtfubM=,iMh7yemisRS8ogkJpnWIiqsPKcc=
543,-42,6FJ5m9mD+mpjMTOK66/SUYtfubM=,iMh7yemisRS8ogkJpnWIiqsPKcc=
528,-41,6FJ5m9mD+mpjMTOK66/SUYtfubM=,iMh7yemisRS8ogkJpnWIiqsPKcc=
540,-42,6FJ5m9mD+mpjMTOK66/SUYtfubM=,iMh7yemisRS8ogkJpnWIiqsPKcc=
539,-42,6FJ5m9mD+mpjMTOK66/SUYtfubM=,iMh7yemisRS8ogkJpnWIiqsPKcc=
541,-42,6FJ5m9mD+mpjMTOK66/SUYtfubM=,iMh7yemisRS8ogkJpnWIiqsPKcc=
538,-42,6FJ5m9mD+mpjMTOK66/SUYtfubM=,iMh7yemisRS8ogkJpnWIiqsPKcc=
534,-42,6FJ5m9mD+mpjMTOK66/SUYtfubM=,iMh7yemisRS8ogkJpnWIiqsPKcc=
536,-42,6FJ5m9mD+mpjMTOK66/SUYtfubM=,iMh7yemisRS8ogkJpnWIiqsPKcc=
537,-42,6FJ5m9mD+mpjMTOK66/SUYtfubM=,iMh7yemisRS8ogkJpnWIiqsPKcc=
535,-42,6FJ5m9mD+mpjMTOK66/SUYtfubM=,iMh7yemisRS8ogkJpnWIiqsPKcc=
529,-42,6FJ5m9mD+mpjMTOK66/SUYtfubM=,iMh7yemisRS8ogkJpnWIiqsPKcc=
532,-42,6FJ5m9mD+mpjMTOK66/SUYtfubM=,iMh7yemisRS8ogkJpnWIiqsPKcc=
533,-42,6FJ5m9mD+mpjMTOK66/SUYtfubM=,iMh7yemisRS8ogkJpnWIiqsPKcc=
530,-42,6FJ5m9mD+mpjMTOK66/SUYtfubM=,iMh7yemisRS8ogkJpnWIiqsPKcc=
531,-42,6FJ5m9mD+mpjMTOK66/SUYtfubM=,iMh7yemisRS8ogkJpnWIiqsPKcc=
543,-43,6FJ5m9mD+mpjMTOK66/SUYtfubM=,iMh7yemisRS8ogkJpnWIiqsPKcc=
528,-42,6FJ5m9mD+mpjMTOK66/SUYtfubM=,iMh7yemisRS8ogkJpnWIiqsPKcc=
542,-43,6FJ5m9mD+mpjMTOK66/SUYtfubM=,iMh7yemisRS8ogkJpnWIiqsPKcc=
540,-43,6FJ5m9mD+mpjMTOK66/SUYtfubM=,iMh7yemisRS8ogkJpnWIiqsPKcc=
539,-43,6FJ5m9mD+mpjMTOK66/SUYtfubM=,iMh7yemisRS8ogkJpnWIiqsPKcc=
541,-43,6FJ5m9mD+mpjMTOK66/SUYtfubM=,iMh7yemisRS8ogkJpnWIiqsPKcc=
537,-43,6FJ5m9mD+mpjMTOK66/SUYtfubM=,iMh7yemisRS8ogkJpnWIiqsPKcc=
536,-43,6FJ5m9mD+mpjMTOK66/SUYtfubM=,iMh7yemisRS8ogkJpnWIiqsPKcc=
534,-43,6FJ5m9mD+mpjMTOK66/SUYtfubM=,iMh7yemisRS8ogkJpnWIiqsPKcc=
535,-43,6FJ5m9mD+mpjMTOK66/SUYtfubM=,iMh7yemisRS8ogkJpnWIiqsPKcc=
538,-43,6FJ5m9mD+mpjMTOK66/SUYtfubM=,iMh7yemisRS8ogkJpnWIiqsPKcc=
533,-43,6FJ5m9mD+mpjMTOK66/SUYtfubM=,iMh7yemisRS8ogkJpnWIiqsPKcc=
532,-43,6FJ5m9mD+mpjMTOK66/SUYtfubM=,iMh7yemisRS8ogkJpnWIiqsPKcc=
531,-43,6FJ5m9mD+mpjMTOK66/SUYtfubM=,iMh7yemisRS8ogkJpnWIiqsPKcc=
530,-43,6FJ5m9mD+mpjMTOK66/SUYtfubM=,iMh7yemisRS8ogkJpnWIiqsPKcc=
528,-43,6FJ5m9mD+mpjMTOK66/SUYtfubM=,iMh7yemisRS8ogkJpnWIiqsPKcc=
529,-43,6FJ5m9mD+mpjMTOK66/SUYtfubM=,iMh7yemisRS8ogkJpnWIiqsPKcc=
541,-44,6FJ5m9mD+mpjMTOK66/SUYtfubM=,iMh7yemisRS8ogkJpnWIiqsPKcc=
542,-44,6FJ5m9mD+mpjMTOK66/SUYtfubM=,iMh7yemisRS8ogkJpnWIiqsPKcc=
543,-44,6FJ5m9mD+mpjMTOK66/SUYtfubM=,iMh7yemisRS8ogkJpnWIiqsPKcc=
540,-44,6FJ5m9mD+mpjMTOK66/SUYtfubM=,iMh7yemisRS8ogkJpnWIiqsPKcc=
539,-44,6FJ5m9mD+mpjMTOK66/SUYtfubM=,iMh7yemisRS8ogkJpnWIiqsPKcc=
539,-45,6FJ5m9mD+mpjMTOK66/SUYtfubM=,iMh7yemisRS8ogkJpnWIiqsPKcc=
538,-44,6FJ5m9mD+mpjMTOK66/SUYtfubM=,iMh7yemisRS8ogkJpnWIiqsPKcc=
529,-44,6FJ5m9mD+mpjMTOK66/SUYtfubM=,iMh7yemisRS8ogkJpnWIiqsPKcc=
530,-44,6FJ5m9mD+mpjMTOK66/SUYtfubM=,iMh7yemisRS8ogkJpnWIiqsPKcc=
528,-44,6FJ5m9mD+mpjMTOK66/SUYtfubM=,iMh7yemisRS8ogkJpnWIiqsPKcc=
543,-45,6FJ5m9mD+mpjMTOK66/SUYtfubM=,iMh7yemisRS8ogkJpnWIiqsPKcc=
541,-45,6FJ5m9mD+mpjMTOK66/SUYtfubM=,iMh7yemisRS8ogkJpnWIiqsPKcc=
542,-45,6FJ5m9mD+mpjMTOK66/SUYtfubM=,iMh7yemisRS8ogkJpnWIiqsPKcc=
540,-45,6FJ5m9mD+mpjMTOK66/SUYtfubM=,iMh7yemisRS8ogkJpnWIiqsPKcc=
536,-44,6FJ5m9mD+mpjMTOK66/SUYtfubM=,iMh7yemisRS8ogkJpnWIiqsPKcc=
532,-44,6FJ5m9mD+mpjMTOK66/SUYtfubM=,iMh7yemisRS8ogkJpnWIiqsPKcc=
533,-44,6FJ5m9mD+mpjMTOK66/SUYtfubM=,iMh7yemisRS8ogkJpnWIiqsPKcc=
535,-44,6FJ5m9mD+mpjMTOK66/SUYtfubM=,iMh7yemisRS8ogkJpnWIiqsPKcc=
537,-44,6FJ5m9mD+mpjMTOK66/SUYtfubM=,iMh7yemisRS8ogkJpnWIiqsPKcc=
531,-44,6FJ5m9mD+mpjMTOK66/SUYtfubM=,iMh7yemisRS8ogkJpnWIiqsPKcc=
534,-44,6FJ5m9mD+mpjMTOK66/SUYtfubM=,iMh7yemisRS8ogkJpnWIiqsPKcc=
