111,97,fURb+m7+xlKqRb8iMLA62oEpZ5k=,g1Srokqn90EKoIVjGnvYRMWuzU8=
96,96,fURb+m7+xlKqRb8iMLA62oEpZ5k=,g1Srokqn90EKoIVjGnvYRMWuzU8=
110,97,fURb+m7+xlKqRb8iMLA62oEpZ5k=,g1Srokqn90EKoIVjGnvYRMWuzU8=
111,96,fURb+m7+xlKqRb8iMLA62oEpZ5k=,g1Srokqn90EKoIVjGnvYRMWuzU8=
103,111,fURb+m7+xlKqRb8iMLA62oEpZ5k=,g1Srokqn90EKoIVjGnvYRMWuzU8=
105,111,0C4H4xU7K/m099gyrK047aZY8+M=,g1Srokqn90EKoIVjGnvYRMWuzU8=
106,111,0C4H4xU7K/m099gyrK047aZY8+M=,g1Srokqn90EKoIVjGnvYRMWuzU8=
101,111,0C4H4xU7K/m099gyrK047aZY8+M=,g1Srokqn90EKoIVjGnvYRMWuzU8=
110,96,0C4H4xU7K/m099gyrK047aZY8+M=,g1Srokqn90EKoIVjGnvYRMWuzU8=
108,111,0C4H4xU7K/m099gyrK047aZY8+M=,g1Srokqn90EKoIVjGnvYRMWuzU8=
109,96,0C4H4xU7K/m099gyrK047aZY8+M=,g1Srokqn90EKoIVjGnvYRMWuzU8=
108,96,0C4H4xU7K/m099gyrK047aZY8+M=,g1Srokqn90EKoIVjGnvYRMWuzU8=
107,96,0C4H4xU7K/m099gyrK047aZY8+M=,g1Srokqn90EKoIVjGnvYRMWuzU8=
106,96,0C4H4xU7K/m099gyrK047aZY8+M=,g1Srokqn90EKoIVjGnvYRMWuzU8=
104,96,0C4H4xU7K/m099gyrK047aZY8+M=,g1Srokqn90EKoIVjGnvYRMWuzU8=
103,96,0C4H4xU7K/m099gyrK047aZY8+M=,g1Srokqn90EKoIVjGnvYRMWuzU8=
102,96,0C4H4xU7K/m099gyrK047aZY8+M=,g1Srokqn90EKoIVjGnvYRMWuzU8=
101,96,0C4H4xU7K/m099gyrK047aZY8+M=,g1Srokqn90EKoIVjGnvYRMWuzU8=
100,96,0C4H4xU7K/m099gyrK047aZY8+M=,g1Srokqn90EKoIVjGnvYRMWuzU8=
99,96,0C4H4xU7K/m099gyrK047aZY8+M=,g1Srokqn90EKoIVjGnvYRMWuzU8=
98,96,0C4H4xU7K/m099gyrK047aZY8+M=,g1Srokqn90EKoIVjGnvYRMWuzU8=
105,96,0C4H4xU7K/m099gyrK047aZY8+M=,g1Srokqn90EKoIVjGnvYRMWuzU8=
97,96,0C4H4xU7K/m099gyrK047aZY8+M=,g1Srokqn90EKoIVjGnvYRMWuzU8=
100,111,0C4H4xU7K/m099gyrK047aZY8+M=,g1Srokqn90EKoIVjGnvYRMWuzU8=
104,111,0C4H4xU7K/m099gyrK047aZY8+M=,g1Srokqn90EKoIVjGnvYRMWuzU8=
109,97,0C4H4xU7K/m099gyrK047aZY8+M=,g1Srokqn90EKoIVjGnvYRMWuzU8=
102,111,0C4H4xU7K/m099gyrK047aZY8+M=,g1Srokqn90EKoIVjGnvYRMWuzU8=
109,111,0C4H4xU7K/m099gyrK047aZY8+M=,g1Srokqn90EKoIVjGnvYRMWuzU8=
110,111,0C4H4xU7K/m099gyrK047aZY8+M=,g1Srokqn90EKoIVjGnvYRMWuzU8=
107,111,0C4H4xU7K/m099gyrK047aZY8+M=,g1Srokqn90EKoIVjGnvYRMWuzU8=
111,111,0C4H4xU7K/m099gyrK047aZY8+M=,g1Srokqn90EKoIVjGnvYRMWuzU8=
98,111,0C4H4xU7K/m099gyrK047aZY8+M=,g1Srokqn90EKoIVjGnvYRMWuzU8=
99,111,0C4H4xU7K/m099gyrK047aZY8+M=,g1Srokqn90EKoIVjGnvYRMWuzU8=
109,110,0C4H4xU7K/m099gyrK047aZY8+M=,g1Srokqn90EKoIVjGnvYRMWuzU8=
105,110,0C4H4xU7K/m099gyrK047aZY8+M=,g1Srokqn90EKoIVjGnvYRMWuzU8=
111,110,0C4H4xU7K/m099gyrK047aZY8+M=,g1Srokqn90EKoIVjGnvYRMWuzU8=
96,111,0C4H4xU7K/m099gyrK047aZY8+M=,g1Srokqn90EKoIVjGnvYRMWuzU8=
104,110,0C4H4xU7K/m099gyrK047aZY8+M=,g1Srokqn90EKoIVjGnvYRMWuzU8=
107,110,0C4H4xU7K/m099gyrK047aZY8+M=,g1Srokqn90EKoIVjGnvYRMWuzU8=
108,110,0C4H4xU7K/m099gyrK047aZY8+M=,g1Srokqn90EKoIVjGnvYRMWuzU8=
108,97,0C4H4xU7K/m099gyrK047aZY8+M=,g1Srokqn90EKoIVjGnvYRMWuzU8=
106,110,0C4H4xU7K/m099gyrK047aZY8+M=,g1Srokqn90EKoIVjGnvYRMWuzU8=
97,111,0C4H4xU7K/m099gyrK047aZY8+M=,g1Srokqn90EKoIVjGnvYRMWuzU8=
111,109,0C4H4xU7K/m099gyrK047aZY8+M=,g1Srokqn90EKoIVjGnvYRMWuzU8=
110,109,0C4H4xU7K/m099gyrK047aZY8+M=,g1Srokqn90EKoIVjGnvYRMWuzU8=
110,110,0C4H4xU7K/m099gyrK047aZY8+M=,g1Srokqn90EKoIVjGnvYRMWuzU8=
96,110,0C4H4xU7K/m099gyrK047aZY8+M=,g1Srokqn90EKoIVjGnvYRMWuzU8=
97,110,0C4H4xU7K/m099gyrK047aZY8+M=,g1Srokqn90EKoIVjGnvYRMWuzU8=
98,110,0C4H4xU7K/m099gyrK047aZY8+M=,g1Srokqn90EKoIVjGnvYRMWuzU8=
101,110,0C4H4xU7K/m099gyrK047aZY8+M=,g1Srokqn90EKoIVjGnvYRMWuzU8=
102,110,0C4H4xU7K/m099gyrK047aZY8+M=,g1Srokqn90EKoIVjGnvYRMWuzU8=
105,109,0C4H4xU7K/m099gyrK047aZY8+M=,g1Srokqn90EKoIVjGnvYRMWuzU8=
103,109,0C4H4xU7K/m099gyrK047aZY8+M=,g1Srokqn90EKoIVjGnvYRMWuzU8=
103,110,0C4H4xU7K/m099gyrK047aZY8+M=,g1Srokqn90EKoIVjGnvYRMWuzU8=
99,109,0C4H4xU7K/m099gyrK047aZY8+M=,g1Srokqn90EKoIVjGnvYRMWuzU8=
107,97,0C4H4xU7K/m099gyrK047aZY8+M=,g1Srokqn90EKoIVjGnvYRMWuzU8=
109,109,0C4H4xU7K/m099gyrK047aZY8+M=,g1Srokqn90EKoIVjGnvYRMWuzU8=
100,110,0C4H4xU7K/m099gyrK047aZY8+M=,g1Srokqn90EKoIVjGnvYRMWuzU8=
106,109,0C4H4xU7K/m099gyrK047aZY8+M=,g1Srokqn90EKoIVjGnvYRMWuzU8=
102,109,0C4H4xU7K/m099gyrK047aZY8+M=,g1Srokqn90EKoIVjGnvYRMWuzU8=
107,109,0C4H4xU7K/m099gyrK047aZY8+M=,g1Srokqn90EKoIVjGnvYRMWuzU8=
109,108,0C4H4xU7K/m099gyrK047aZY8+M=,g1Srokqn90EKoIVjGnvYRMWuzU8=
99,110,0C4H4xU7K/m099gyrK047aZY8+M=,g1Srokqn90EKoIVjGnvYRMWuzU8=
101,109,0C4H4xU7K/m099gyrK047aZY8+M=,g1Srokqn90EKoIVjGnvYRMWuzU8=
108,109,0C4H4xU7K/m099gyrK047aZY8+M=,g1Srokqn90EKoIVjGnvYRMWuzU8=
104,109,0C4H4xU7K/m099gyrK047aZY8+M=,g1Srokqn90EKoIVjGnvYRMWuzU8=
96,109,0C4H4xU7K/m099gyrK047aZY8+M=,g1Srokqn90EKoIVjGnvYRMWuzU8=
105,108,0C4H4xU7K/m099gyrK047aZY8+M=,g1Srokqn90EKoIVjGnvYRMWuzU8=
103,108,0C4H4xU7K/m099gyrK047aZY8+M=,g1Srokqn90EKoIVjGnvYRMWuzU8=
104,108,0C4H4xU7K/m099gyrK047aZY8+M=,g1Srokqn90EKoIVjGnvYRMWuzU8=
106,97,0C4H4xU7K/m099gyrK047aZY8+M=,g1Srokqn90EKoIVjGnvYRMWuzU8=
102,108,0C4H4xU7K/m099gyrK047aZY8+M=,g1Srokqn90EKoIVjGnvYRMWuzU8=
100,109,0C4H4xU7K/m099gyrK047aZY8+M=,g1Srokqn90EKoIVjGnvYRMWuzU8=
97,109,0C4H4xU7K/m099gyrK047aZY8+M=,g1Srokqn90EKoIVjGnvYRMWuzU8=
108,108,0C4H4xU7K/m099gyrK047aZY8+M=,g1Srokqn90EKoIVjGnvYRMWuzU8=
101,108,0C4H4xU7K/m099gyrK047aZY8+M=,g1Srokqn90EKoIVjGnvYRMWuzU8=
107,108,0C4H4xU7K/m099gyrK047aZY8+M=,g1Srokqn90EKoIVjGnvYRMWuzU8=
111,107,0C4H4xU7K/m099gyrK047aZY8+M=,g1Srokqn90EKoIVjGnvYRMWuzU8=
109,107,0C4H4xU7K/m099gyrK047aZY8+M=,g1Srokqn90EKoIVjGnvYRMWuzU8=
108,107,0C4H4xU7K/m099gyrK047aZY8+M=,g1Srokqn90EKoIVjGnvYRMWuzU8=
99,108,0C4H4xU7K/m099gyrK047aZY8+M=,g1Srokqn90EKoIVjGnvYRMWuzU8=
98,109,0C4H4xU7K/m099gyrK047aZY8+M=,g1Srokqn90EKoIVjGnvYRMWuzU8=
100,108,0C4H4xU7K/m099gyrK047aZY8+M=,g1Srokqn90EKoIVjGnvYRMWuzU8=
111,108,0C4H4xU7K/m099gyrK047aZY8+M=,g1Srokqn90EKoIVjGnvYRMWuzU8=
98,108,0C4H4xU7K/m099gyrK047aZY8+M=,g1Srokqn90EKoIVjGnvYRMWuzU8=
102,107,0C4H4xU7K/m099gyrK047aZY8+M=,g1Srokqn90EKoIVjGnvYRMWuzU8=
106,108,0C4H4xU7K/m099gyrK047aZY8+M=,g1Srokqn90EKoIVjGnvYRMWuzU8=
105,97,0C4H4xU7K/m099gyrK047aZY8+M=,g1Srokqn90EKoIVjGnvYRMWuzU8=
97,108,0C4H4xU7K/m099gyrK047aZY8+M=,g1Srokqn90EKoIVjGnvYRMWuzU8=
99,107,0C4H4xU7K/m099gyrK047aZY8+M=,g1Srokqn90EKoIVjGnvYRMWuzU8=
98,107,0C4H4xU7K/m099gyrK047aZY8+M=,g1Srokqn90EKoIVjGnvYRMWuzU8=
101,107,0C4H4xU7K/m099gyrK047aZY8+M=,g1Srokqn90EKoIVjGnvYRMWuzU8=
105,107,0C4H4xU7K/m099gyrK047aZY8+M=,g1Srokqn90EKoIVjGnvYRMWuzU8=
100,107,0C4H4xU7K/m099gyrK047aZY8+M=,g1Srokqn90EKoIVjGnvYRMWuzU8=
111,106,0C4H4xU7K/m099gyrK047aZY8+M=,g1Srokqn90EKoIVjGnvYRMWuzU8=
110,106,0C4H4xU7K/m099gyrK047aZY8+M=,g1Srokqn90EKoIVjGnvYRMWuzU8=
109,106,0C4H4xU7K/m099gyrK047aZY8+M=,g1Srokqn90EKoIVjGnvYRMWuzU8=
108,106,0C4H4xU7K/m099gyrK047aZY8+M=,g1Srokqn90EKoIVjGnvYRMWuzU8=
107,106,0C4H4xU7K/m099gyrK047aZY8+M=,g1Srokqn90EKoIVjGnvYRMWuzU8=
106,106,0C4H4xU7K/m099gyrK047aZY8+M=,g1Srokqn90EKoIVjGnvYRMWuzU8=
104,107,0C4H4xU7K/m099gyrK047aZY8+M=,g1Srokqn90EKoIVjGnvYRMWuzU8=
104,106,0C4H4xU7K/m099gyrK047aZY8+M=,g1Srokqn90EKoIVjGnvYRMWuzU8=
102,106,0C4H4xU7K/m099gyrK047aZY8+M=,g1Srokqn90EKoIVjGnvYRMWuzU8=
104,97,0C4H4xU7K/m099gyrK047aZY8+M=,g1Srokqn90EKoIVjGnvYRMWuzU8=
101,106,0C4H4xU7K/m099gyrK047aZY8+M=,g1Srokqn90EKoIVjGnvYRMWuzU8=
100,106,0C4H4xU7K/m099gyrK047aZY8+M=,g1Srokqn90EKoIVjGnvYRMWuzU8=
97,107,0C4H4xU7K/m099gyrK047aZY8+M=,g1Srokqn90EKoIVjGnvYRMWuzU8=
98,106,0C4H4xU7K/m099gyrK047aZY8+M=,g1Srokqn90EKoIVjGnvYRMWuzU8=
97,106,0C4H4xU7K/m099gyrK047aZY8+M=,g1Srokqn90EKoIVjGnvYRMWuzU8=
96,106,0C4H4xU7K/m099gyrK047aZY8+M=,g1Srokqn90EKoIVjGnvYRMWuzU8=
111,105,0C4H4xU7K/m099gyrK047aZY8+M=,g1Srokqn90EKoIVjGnvYRMWuzU8=
103,107,0C4H4xU7K/m099gyrK047aZY8+M=,g1Srokqn90EKoIVjGnvYRMWuzU8=
109,105,0C4H4xU7K/m099gyrK047aZY8+M=,g1Srokqn90EKoIVjGnvYRMWuzU8=
108,105,0C4H4xU7K/m099gyrK047aZY8+M=,g1Srokqn90EKoIVjGnvYRMWuzU8=
107,105,0C4H4xU7K/m099gyrK047aZY8+M=,g1Srokqn90EKoIVjGnvYRMWuzU8=
106,105,0C4H4xU7K/m099gyrK047aZY8+M=,g1Srokqn90EKoIVjGnvYRMWuzU8=
105,105,0C4H4xU7K/m099gyrK047aZY8+M=,g1Srokqn90EKoIVjGnvYRMWuzU8=
104,105,0C4H4xU7K/m099gyrK047aZY8+M=,g1Srokqn90EKoIVjGnvYRMWuzU8=
103,105,0C4H4xU7K/m099gyrK047aZY8+M=,g1Srokqn90EKoIVjGnvYRMWuzU8=
103,97,0C4H4xU7K/m099gyrK047aZY8+M=,g1Srokqn90EKoIVjGnvYRMWuzU8=
102,105,0C4H4xU7K/m099gyrK047aZY8+M=,g1Srokqn90EKoIVjGnvYRMWuzU8=
101,105,0C4H4xU7K/m099gyrK047aZY8+M=,g1Srokqn90EKoIVjGnvYRMWuzU8=
100,105,0C4H4xU7K/m099gyrK047aZY8+M=,g1Srokqn90EKoIVjGnvYRMWuzU8=
99,105,0C4H4xU7K/m099gyrK047aZY8+M=,g1Srokqn90EKoIVjGnvYRMWuzU8=
98,105,0C4H4xU7K/m099gyrK047aZY8+M=,g1Srokqn90EKoIVjGnvYRMWuzU8=
97,105,0C4H4xU7K/m099gyrK047aZY8+M=,g1Srokqn90EKoIVjGnvYRMWuzU8=
96,105,0C4H4xU7K/m099gyrK047aZY8+M=,g1Srokqn90EKoIVjGnvYRMWuzU8=
111,104,0C4H4xU7K/m099gyrK047aZY8+M=,g1Srokqn90EKoIVjGnvYRMWuzU8=
110,104,0C4H4xU7K/m099gyrK047aZY8+M=,g1Srokqn90EKoIVjGnvYRMWuzU8=
109,104,0C4H4xU7K/m099gyrK047aZY8+M=,g1Srokqn90EKoIVjGnvYRMWuzU8=
108,104,0C4H4xU7K/m099gyrK047aZY8+M=,g1Srokqn90EKoIVjGnvYRMWuzU8=
107,104,0C4H4xU7K/m099gyrK047aZY8+M=,g1Srokqn90EKoIVjGnvYRMWuzU8=
106,104,0C4H4xU7K/m099gyrK047aZY8+M=,g1Srokqn90EKoIVjGnvYRMWuzU8=
105,104,0C4H4xU7K/m099gyrK047aZY8+M=,g1Srokqn90EKoIVjGnvYRMWuzU8=
104,104,0C4H4xU7K/m099gyrK047aZY8+M=,g1Srokqn90EKoIVjGnvYRMWuzU8=
102,97,0C4H4xU7K/m099gyrK047aZY8+M=,g1Srokqn90EKoIVjGnvYRMWuzU8=
103,104,0C4H4xU7K/m099gyrK047aZY8+M=,g1Srokqn90EKoIVjGnvYRMWuzU8=
102,104,0C4H4xU7K/m099gyrK047aZY8+M=,g1Srokqn90EKoIVjGnvYRMWuzU8=
101,104,0C4H4xU7K/m099gyrK047aZY8+M=,g1Srokqn90EKoIVjGnvYRMWuzU8=
100,104,0C4H4xU7K/m099gyrK047aZY8+M=,g1Srokqn90EKoIVjGnvYRMWuzU8=
99,104,0C4H4xU7K/m099gyrK047aZY8+M=,g1Srokqn90EKoIVjGnvYRMWuzU8=
98,104,0C4H4xU7K/m099gyrK047aZY8+M=,g1Srokqn90EKoIVjGnvYRMWuzU8=
97,104,0C4H4xU7K/m099gyrK047aZY8+M=,g1Srokqn90EKoIVjGnvYRMWuzU8=
96,104,0C4H4xU7K/m099gyrK047aZY8+M=,g1Srokqn90EKoIVjGnvYRMWuzU8=
111,103,0C4H4xU7K/m099gyrK047aZY8+M=,g1Srokqn90EKoIVjGnvYRMWuzU8=
110,103,0C4H4xU7K/m099gyrK047aZY8+M=,g1Srokqn90EKoIVjGnvYRMWuzU8=
109,103,0C4H4xU7K/m099gyrK047aZY8+M=,g1Srokqn90EKoIVjGnvYRMWuzU8=
108,103,0C4H4xU7K/m099gyrK047aZY8+M=,g1Srokqn90EKoIVjGnvYRMWuzU8=
96,107,0C4H4xU7K/m099gyrK047aZY8+M=,g1Srokqn90EKoIVjGnvYRMWuzU8=
107,103,0C4H4xU7K/m099gyrK047aZY8+M=,g1Srokqn90EKoIVjGnvYRMWuzU8=
106,103,0C4H4xU7K/m099gyrK047aZY8+M=,g1Srokqn90EKoIVjGnvYRMWuzU8=
105,103,0C4H4xU7K/m099gyrK047aZY8+M=,g1Srokqn90EKoIVjGnvYRMWuzU8=
104,103,0C4H4xU7K/m099gyrK047aZY8+M=,g1Srokqn90EKoIVjGnvYRMWuzU8=
101,97,0C4H4xU7K/m099gyrK047aZY8+M=,g1Srokqn90EKoIVjGnvYRMWuzU8=
103,103,0C4H4xU7K/m099gyrK047aZY8+M=,g1Srokqn90EKoIVjGnvYRMWuzU8=
102,103,0C4H4xU7K/m099gyrK047aZY8+M=,g1Srokqn90EKoIVjGnvYRMWuzU8=
101,103,0C4H4xU7K/m099gyrK047aZY8+M=,g1Srokqn90EKoIVjGnvYRMWuzU8=
100,103,0C4H4xU7K/m099gyrK047aZY8+M=,g1Srokqn90EKoIVjGnvYRMWuzU8=
99,103,0C4H4xU7K/m099gyrK047aZY8+M=,g1Srokqn90EKoIVjGnvYRMWuzU8=
98,103,0C4H4xU7K/m099gyrK047aZY8+M=,g1Srokqn90EKoIVjGnvYRMWuzU8=
97,103,0C4H4xU7K/m099gyrK047aZY8+M=,g1Srokqn90EKoIVjGnvYRMWuzU8=
96,103,0C4H4xU7K/m099gyrK047aZY8+M=,g1Srokqn90EKoIVjGnvYRMWuzU8=
111,102,0C4H4xU7K/m099gyrK047aZY8+M=,g1Srokqn90EKoIVjGnvYRMWuzU8=
110,102,0C4H4xU7K/m099gyrK047aZY8+M=,g1Srokqn90EKoIVjGnvYRMWuzU8=
109,102,0C4H4xU7K/m099gyrK047aZY8+M=,g1Srokqn90EKoIVjGnvYRMWuzU8=
108,102,0C4H4xU7K/m099gyrK047aZY8+M=,g1Srokqn90EKoIVjGnvYRMWuzU8=
107,102,0C4H4xU7K/m099gyrK047aZY8+M=,g1Srokqn90EKoIVjGnvYRMWuzU8=
106,102,0C4H4xU7K/m099gyrK047aZY8+M=,g1Srokqn90EKoIVjGnvYRMWuzU8=
100,97,0C4H4xU7K/m099gyrK047aZY8+M=,g1Srokqn90EKoIVjGnvYRMWuzU8=
105,102,0C4H4xU7K/m099gyrK047aZY8+M=,g1Srokqn90EKoIVjGnvYRMWuzU8=
104,102,0C4H4xU7K/m099gyrK047aZY8+M=,g1Srokqn90EKoIVjGnvYRMWuzU8=
103,102,0C4H4xU7K/m099gyrK047aZY8+M=,g1Srokqn90EKoIVjGnvYRMWuzU8=
102,102,0C4H4xU7K/m099gyrK047aZY8+M=,g1Srokqn90EKoIVjGnvYRMWuzU8=
101,102,0C4H4xU7K/m099gyrK047aZY8+M=,g1Srokqn90EKoIVjGnvYRMWuzU8=
100,102,0C4H4xU7K/m099gyrK047aZY8+M=,g1Srokqn90EKoIVjGnvYRMWuzU8=
99,102,0C4H4xU7K/m099gyrK047aZY8+M=,g1Srokqn90EKoIVjGnvYRMWuzU8=
98,102,0C4H4xU7K/m099gyrK047aZY8+M=,g1Srokqn90EKoIVjGnvYRMWuzU8=
97,102,0C4H4xU7K/m099gyrK047aZY8+M=,g1Srokqn90EKoIVjGnvYRMWuzU8=
96,102,0C4H4xU7K/m099gyrK047aZY8+M=,g1Srokqn90EKoIVjGnvYRMWuzU8=
111,101,0C4H4xU7K/m099gyrK047aZY8+M=,g1Srokqn90EKoIVjGnvYRMWuzU8=
110,101,0C4H4xU7K/m099gyrK047aZY8+M=,g1Srokqn90EKoIVjGnvYRMWuzU8=
109,101,0C4H4xU7K/m099gyrK047aZY8+M=,g1Srokqn90EKoIVjGnvYRMWuzU8=
108,101,0C4H4xU7K/m099gyrK047aZY8+M=,g1Srokqn90EKoIVjGnvYRMWuzU8=
107,101,0C4H4xU7K/m099gyrK047aZY8+M=,g1Srokqn90EKoIVjGnvYRMWuzU8=
99,97,0C4H4xU7K/m099gyrK047aZY8+M=,g1Srokqn90EKoIVjGnvYRMWuzU8=
106,101,0C4H4xU7K/m099gyrK047aZY8+M=,g1Srokqn90EKoIVjGnvYRMWuzU8=
105,101,0C4H4xU7K/m099gyrK047aZY8+M=,g1Srokqn90EKoIVjGnvYRMWuzU8=
104,101,0C4H4xU7K/m099gyrK047aZY8+M=,g1Srokqn90EKoIVjGnvYRMWuzU8=
103,101,0C4H4xU7K/m099gyrK047aZY8+M=,g1Srokqn90EKoIVjGnvYRMWuzU8=
102,101,0C4H4xU7K/m099gyrK047aZY8+M=,g1Srokqn90EKoIVjGnvYRMWuzU8=
101,101,0C4H4xU7K/m099gyrK047aZY8+M=,g1Srokqn90EKoIVjGnvYRMWuzU8=
100,101,0C4H4xU7K/m099gyrK047aZY8+M=,g1Srokqn90EKoIVjGnvYRMWuzU8=
99,101,0C4H4xU7K/m099gyrK047aZY8+M=,g1Srokqn90EKoIVjGnvYRMWuzU8=
98,101,0C4H4xU7K/m099gyrK047aZY8+M=,g1Srokqn90EKoIVjGnvYRMWuzU8=
97,101,0C4H4xU7K/m099gyrK047aZY8+M=,g1Srokqn90EKoIVjGnvYRMWuzU8=
96,101,0C4H4xU7K/m099gyrK047aZY8+M=,g1Srokqn90EKoIVjGnvYRMWuzU8=
111,100,0C4H4xU7K/m099gyrK047aZY8+M=,g1Srokqn90EKoIVjGnvYRMWuzU8=
110,100,0C4H4xU7K/m099gyrK047aZY8+M=,g1Srokqn90EKoIVjGnvYRMWuzU8=
109,100,0C4H4xU7K/m099gyrK047aZY8+M=,g1Srokqn90EKoIVjGnvYRMWuzU8=
108,100,0C4H4xU7K/m099gyrK047aZY8+M=,g1Srokqn90EKoIVjGnvYRMWuzU8=
107,100,0C4H4xU7K/m099gyrK047aZY8+M=,g1Srokqn90EKoIVjGnvYRMWuzU8=
98,97,0C4H4xU7K/m099gyrK047aZY8+M=,g1Srokqn90EKoIVjGnvYRMWuzU8=
106,100,0C4H4xU7K/m099gyrK047aZY8+M=,g1Srokqn90EKoIVjGnvYRMWuzU8=
105,100,0C4H4xU7K/m099gyrK047aZY8+M=,g1Srokqn90EKoIVjGnvYRMWuzU8=
104,100,0C4H4xU7K/m099gyrK047aZY8+M=,g1Srokqn90EKoIVjGnvYRMWuzU8=
103,100,0C4H4xU7K/m099gyrK047aZY8+M=,g1Srokqn90EKoIVjGnvYRMWuzU8=
102,100,0C4H4xU7K/m099gyrK047aZY8+M=,g1Srokqn90EKoIVjGnvYRMWuzU8=
101,100,0C4H4xU7K/m099gyrK047aZY8+M=,g1Srokqn90EKoIVjGnvYRMWuzU8=
100,100,0C4H4xU7K/m099gyrK047aZY8+M=,g1Srokqn90EKoIVjGnvYRMWuzU8=
99,100,0C4H4xU7K/m099gyrK047aZY8+M=,g1Srokqn90EKoIVjGnvYRMWuzU8=
98,100,0C4H4xU7K/m099gyrK047aZY8+M=,g1Srokqn90EKoIVjGnvYRMWuzU8=
97,100,0C4H4xU7K/m099gyrK047aZY8+M=,g1Srokqn90EKoIVjGnvYRMWuzU8=
96,100,0C4H4xU7K/m099gyrK047aZY8+M=,g1Srokqn90EKoIVjGnvYRMWuzU8=
111,99,0C4H4xU7K/m099gyrK047aZY8+M=,g1Srokqn90EKoIVjGnvYRMWuzU8=
110,99,0C4H4xU7K/m099gyrK047aZY8+M=,g1Srokqn90EKoIVjGnvYRMWuzU8=
109,99,0C4H4xU7K/m099gyrK047aZY8+M=,g1Srokqn90EKoIVjGnvYRMWuzU8=
97,97,0C4H4xU7K/m099gyrK047aZY8+M=,g1Srokqn90EKoIVjGnvYRMWuzU8=
108,99,0C4H4xU7K/m099gyrK047aZY8+M=,g1Srokqn90EKoIVjGnvYRMWuzU8=
107,99,0C4H4xU7K/m099gyrK047aZY8+M=,g1Srokqn90EKoIVjGnvYRMWuzU8=
106,99,0C4H4xU7K/m099gyrK047aZY8+M=,g1Srokqn90EKoIVjGnvYRMWuzU8=
105,99,0C4H4xU7K/m099gyrK047aZY8+M=,g1Srokqn90EKoIVjGnvYRMWuzU8=
104,99,0C4H4xU7K/m099gyrK047aZY8+M=,g1Srokqn90EKoIVjGnvYRMWuzU8=
103,99,0C4H4xU7K/m099gyrK047aZY8+M=,g1Srokqn90EKoIVjGnvYRMWuzU8=
99,106,0C4H4xU7K/m099gyrK047aZY8+M=,g1Srokqn90EKoIVjGnvYRMWuzU8=
102,99,0C4H4xU7K/m099gyrK047aZY8+M=,g1Srokqn90EKoIVjGnvYRMWuzU8=
101,99,0C4H4xU7K/m099gyrK047aZY8+M=,g1Srokqn90EKoIVjGnvYRMWuzU8=
100,99,0C4H4xU7K/m099gyrK047aZY8+M=,g1Srokqn90EKoIVjGnvYRMWuzU8=
99,99,0C4H4xU7K/m099gyrK047aZY8+M=,g1Srokqn90EKoIVjGnvYRMWuzU8=
98,99,0C4H4xU7K/m099gyrK047aZY8+M=,g1Srokqn90EKoIVjGnvYRMWuzU8=
111,98,0C4H4xU7K/m099gyrK047aZY8+M=,g1Srokqn90EKoIVjGnvYRMWuzU8=
96,99,0C4H4xU7K/m099gyrK047aZY8+M=,g1Srokqn90EKoIVjGnvYRMWuzU8=
97,99,0C4H4xU7K/m099gyrK047aZY8+M=,g1Srokqn90EKoIVjGnvYRMWuzU8=
110,98,0C4H4xU7K/m099gyrK047aZY8+M=,g1Srokqn90EKoIVjGnvYRMWuzU8=
96,97,0C4H4xU7K/m099gyrK047aZY8+M=,g1Srokqn90EKoIVjGnvYRMWuzU8=
109,98,0C4H4xU7K/m099gyrK047aZY8+M=,g1Srokqn90EKoIVjGnvYRMWuzU8=
108,98,0C4H4xU7K/m099gyrK047aZY8+M=,g1Srokqn90EKoIVjGnvYRMWuzU8=
107,98,0C4H4xU7K/m099gyrK047aZY8+M=,g1Srokqn90EKoIVjGnvYRMWuzU8=
106,98,0C4H4xU7K/m099gyrK047aZY8+M=,g1Srokqn90EKoIVjGnvYRMWuzU8=
105,98,0C4H4xU7K/m099gyrK047aZY8+M=,g1Srokqn90EKoIVjGnvYRMWuzU8=
104,98,0C4H4xU7K/m099gyrK047aZY8+M=,g1Srokqn90EKoIVjGnvYRMWuzU8=
103,98,0C4H4xU7K/m099gyrK047aZY8+M=,g1Srokqn90EKoIVjGnvYRMWuzU8=
102,98,0C4H4xU7K/m099gyrK047aZY8+M=,g1Srokqn90EKoIVjGnvYRMWuzU8=
101,98,0C4H4xU7K/m099gyrK047aZY8+M=,g1Srokqn90EKoIVjGnvYRMWuzU8=
100,98,0C4H4xU7K/m099gyrK047aZY8+M=,g1Srokqn90EKoIVjGnvYRMWuzU8=
99,98,0C4H4xU7K/m099gyrK047aZY8+M=,g1Srokqn90EKoIVjGnvYRMWuzU8=
98,98,0C4H4xU7K/m099gyrK047aZY8+M=,g1Srokqn90EKoIVjGnvYRMWuzU8=
97,98,0C4H4xU7K/m099gyrK047aZY8+M=,g1Srokqn90EKoIVjGnvYRMWuzU8=
96,98,0C4H4xU7K/m099gyrK047aZY8+M=,g1Srokqn90EKoIVjGnvYRMWuzU8=
107,107,0C4H4xU7K/m099gyrK047aZY8+M=,g1Srokqn90EKoIVjGnvYRMWuzU8=
110,107,0C4H4xU7K/m099gyrK047aZY8+M=,g1Srokqn90EKoIVjGnvYRMWuzU8=
96,108,0C4H4xU7K/m099gyrK047aZY8+M=,g1Srokqn90EKoIVjGnvYRMWuzU8=
106,107,0C4H4xU7K/m099gyrK047aZY8+M=,g1Srokqn90EKoIVjGnvYRMWuzU8=
110,108,0C4H4xU7K/m099gyrK047aZY8+M=,g1Srokqn90EKoIVjGnvYRMWuzU8=
103,106,0C4H4xU7K/m099gyrK047aZY8+M=,g1Srokqn90EKoIVjGnvYRMWuzU8=
105,106,0C4H4xU7K/m099gyrK047aZY8+M=,g1Srokqn90EKoIVjGnvYRMWuzU8=
110,105,0C4H4xU7K/m099gyrK047aZY8+M=,g1Srokqn90EKoIVjGnvYRMWuzU8=
127,96,0C4H4xU7K/m099gyrK047aZY8+M=,g1Srokqn90EKoIVjGnvYRMWuzU8=
126,111,0C4H4xU7K/m099gyrK047aZY8+M=,g1Srokqn90EKoIVjGnvYRMWuzU8=
127,111,0C4H4xU7K/m099gyrK047aZY8+M=,g1Srokqn90EKoIVjGnvYRMWuzU8=
125,111,0C4H4xU7K/m099gyrK047aZY8+M=,g1Srokqn90EKoIVjGnvYRMWuzU8=
112,97,0C4H4xU7K/m099gyrK047aZY8+M=,g1Srokqn90EKoIVjGnvYRMWuzU8=
124,111,0C4H4xU7K/m099gyrK047aZY8+M=,g1Srokqn90EKoIVjGnvYRMWuzU8=
112,96,0C4H4xU7K/m099gyrK047aZY8+M=,g1Srokqn90EKoIVjGnvYRMWuzU8=
123,111,0C4H4xU7K/m099gyrK047aZY8+M=,g1Srokqn90EKoIVjGnvYRMWuzU8=
122,111,0C4H4xU7K/m099gyrK047aZY8+M=,g1Srokqn90EKoIVjGnvYRMWuzU8=
113,97,0C4H4xU7K/m099gyrK047aZY8+M=,g1Srokqn90EKoIVjGnvYRMWuzU8=
114,97,0C4H4xU7K/m099gyrK047aZY8+M=,g1Srokqn90EKoIVjGnvYRMWuzU8=
115,97,0C4H4xU7K/m099gyrK047aZY8+M=,g1Srokqn90EKoIVjGnvYRMWuzU8=
116,97,0C4H4xU7K/m099gyrK047aZY8+M=,g1Srokqn90EKoIVjGnvYRMWuzU8=
117,97,0C4H4xU7K/m099gyrK047aZY8+M=,g1Srokqn90EKoIVjGnvYRMWuzU8=
118,97,0C4H4xU7K/m099gyrK047aZY8+M=,g1Srokqn90EKoIVjGnvYRMWuzU8=
119,97,0C4H4xU7K/m099gyrK047aZY8+M=,g1Srokqn90EKoIVjGnvYRMWuzU8=
120,97,0C4H4xU7K/m099gyrK047aZY8+M=,g1Srokqn90EKoIVjGnvYRMWuzU8=
121,97,0C4H4xU7K/m099gyrK047aZY8+M=,g1Srokqn90EKoIVjGnvYRMWuzU8=
122,97,0C4H4xU7K/m099gyrK047aZY8+M=,g1Srokqn90EKoIVjGnvYRMWuzU8=
123,97,0C4H4xU7K/m099gyrK047aZY8+M=,g1Srokqn90EKoIVjGnvYRMWuzU8=
124,97,0C4H4xU7K/m099gyrK047aZY8+M=,g1Srokqn90EKoIVjGnvYRMWuzU8=
125,97,0C4H4xU7K/m099gyrK047aZY8+M=,g1Srokqn90EKoIVjGnvYRMWuzU8=
113,96,0C4H4xU7K/m099gyrK047aZY8+M=,g1Srokqn90EKoIVjGnvYRMWuzU8=
126,97,0C4H4xU7K/m099gyrK047aZY8+M=,g1Srokqn90EKoIVjGnvYRMWuzU8=
127,97,0C4H4xU7K/m099gyrK047aZY8+M=,g1Srokqn90EKoIVjGnvYRMWuzU8=
112,98,0C4H4xU7K/m099gyrK047aZY8+M=,g1Srokqn90EKoIVjGnvYRMWuzU8=
113,98,0C4H4xU7K/m099gyrK047aZY8+M=,g1Srokqn90EKoIVjGnvYRMWuzU8=
114,96,0C4H4xU7K/m099gyrK047aZY8+M=,g1Srokqn90EKoIVjGnvYRMWuzU8=
114,98,0C4H4xU7K/m099gyrK047aZY8+M=,g1Srokqn90EKoIVjGnvYRMWuzU8=
118,111,0C4H4xU7K/m099gyrK047aZY8+M=,g1Srokqn90EKoIVjGnvYRMWuzU8=
115,98,0C4H4xU7K/m099gyrK047aZY8+M=,g1Srokqn90EKoIVjGnvYRMWuzU8=
117,98,0C4H4xU7K/m099gyrK047aZY8+M=,g1Srokqn90EKoIVjGnvYRMWuzU8=
116,98,0C4H4xU7K/m099gyrK047aZY8+M=,g1Srokqn90EKoIVjGnvYRMWuzU8=
118,98,0C4H4xU7K/m099gyrK047aZY8+M=,g1Srokqn90EKoIVjGnvYRMWuzU8=
120,98,0C4H4xU7K/m099gyrK047aZY8+M=,g1Srokqn90EKoIVjGnvYRMWuzU8=
121,98,0C4H4xU7K/m099gyrK047aZY8+M=,g1Srokqn90EKoIVjGnvYRMWuzU8=
122,98,0C4H4xU7K/m099gyrK047aZY8+M=,g1Srokqn90EKoIVjGnvYRMWuzU8=
123,98,0C4H4xU7K/m099gyrK047aZY8+M=,g1Srokqn90EKoIVjGnvYRMWuzU8=
124,98,0C4H4xU7K/m099gyrK047aZY8+M=,g1Srokqn90EKoIVjGnvYRMWuzU8=
119,98,0C4H4xU7K/m099gyrK047aZY8+M=,g1Srokqn90EKoIVjGnvYRMWuzU8=
125,98,0C4H4xU7K/m099gyrK047aZY8+M=,g1Srokqn90EKoIVjGnvYRMWuzU8=
126,98,0C4H4xU7K/m099gyrK047aZY8+M=,g1Srokqn90EKoIVjGnvYRMWuzU8=
127,98,0C4H4xU7K/m099gyrK047aZY8+M=,g1Srokqn90EKoIVjGnvYRMWuzU8=
115,96,0C4H4xU7K/m099gyrK047aZY8+M=,g1Srokqn90EKoIVjGnvYRMWuzU8=
112,99,0C4H4xU7K/m099gyrK047aZY8+M=,g1Srokqn90EKoIVjGnvYRMWuzU8=
113,99,0C4H4xU7K/m099gyrK047aZY8+M=,g1Srokqn90EKoIVjGnvYRMWuzU8=
114,99,0C4H4xU7K/m099gyrK047aZY8+M=,g1Srokqn90EKoIVjGnvYRMWuzU8=
115,99,0C4H4xU7K/m099gyrK047aZY8+M=,g1Srokqn90EKoIVjGnvYRMWuzU8=
116,99,0C4H4xU7K/m099gyrK047aZY8+M=,g1Srokqn90EKoIVjGnvYRMWuzU8=
117,99,0C4H4xU7K/m099gyrK047aZY8+M=,g1Srokqn90EKoIVjGnvYRMWuzU8=
118,99,0C4H4xU7K/m099gyrK047aZY8+M=,g1Srokqn90EKoIVjGnvYRMWuzU8=
119,99,0C4H4xU7K/m099gyrK047aZY8+M=,g1Srokqn90EKoIVjGnvYRMWuzU8=
120,99,0C4H4xU7K/m099gyrK047aZY8+M=,g1Srokqn90EKoIVjGnvYRMWuzU8=
121,99,0C4H4xU7K/m099gyrK047aZY8+M=,g1Srokqn90EKoIVjGnvYRMWuzU8=
122,99,0C4H4xU7K/m099gyrK047aZY8+M=,g1Srokqn90EKoIVjGnvYRMWuzU8=
123,99,0C4H4xU7K/m099gyrK047aZY8+M=,g1Srokqn90EKoIVjGnvYRMWuzU8=
124,99,0C4H4xU7K/m099gyrK047aZY8+M=,g1Srokqn90EKoIVjGnvYRMWuzU8=
125,99,0C4H4xU7K/m099gyrK047aZY8+M=,g1Srokqn90EKoIVjGnvYRMWuzU8=
126,99,0C4H4xU7K/m099gyrK047aZY8+M=,g1Srokqn90EKoIVjGnvYRMWuzU8=
127,99,0C4H4xU7K/m099gyrK047aZY8+M=,g1Srokqn90EKoIVjGnvYRMWuzU8=
116,96,0C4H4xU7K/m099gyrK047aZY8+M=,g1Srokqn90EKoIVjGnvYRMWuzU8=
112,100,0C4H4xU7K/m099gyrK047aZY8+M=,g1Srokqn90EKoIVjGnvYRMWuzU8=
113,100,0C4H4xU7K/m099gyrK047aZY8+M=,g1Srokqn90EKoIVjGnvYRMWuzU8=
114,100,0C4H4xU7K/m099gyrK047aZY8+M=,g1Srokqn90EKoIVjGnvYRMWuzU8=
116,100,0C4H4xU7K/m099gyrK047aZY8+M=,g1Srokqn90EKoIVjGnvYRMWuzU8=
115,100,0C4H4xU7K/m099gyrK047aZY8+M=,g1Srokqn90EKoIVjGnvYRMWuzU8=
118,100,0C4H4xU7K/m099gyrK047aZY8+M=,g1Srokqn90EKoIVjGnvYRMWuzU8=
117,100,0C4H4xU7K/m099gyrK047aZY8+M=,g1Srokqn90EKoIVjGnvYRMWuzU8=
119,100,0C4H4xU7K/m099gyrK047aZY8+M=,g1Srokqn90EKoIVjGnvYRMWuzU8=
120,100,0C4H4xU7K/m099gyrK047aZY8+M=,g1Srokqn90EKoIVjGnvYRMWuzU8=
121,100,0C4H4xU7K/m099gyrK047aZY8+M=,g1Srokqn90EKoIVjGnvYRMWuzU8=
122,100,0C4H4xU7K/m099gyrK047aZY8+M=,g1Srokqn90EKoIVjGnvYRMWuzU8=
123,100,0C4H4xU7K/m099gyrK047aZY8+M=,g1Srokqn90EKoIVjGnvYRMWuzU8=
124,100,0C4H4xU7K/m099gyrK047aZY8+M=,g1Srokqn90EKoIVjGnvYRMWuzU8=
125,100,0C4H4xU7K/m099gyrK047aZY8+M=,g1Srokqn90EKoIVjGnvYRMWuzU8=
117,111,0C4H4xU7K/m099gyrK047aZY8+M=,g1Srokqn90EKoIVjGnvYRMWuzU8=
126,100,0C4H4xU7K/m099gyrK047aZY8+M=,g1Srokqn90EKoIVjGnvYRMWuzU8=
127,100,0C4H4xU7K/m099gyrK047aZY8+M=,g1Srokqn90EKoIVjGnvYRMWuzU8=
117,96,0C4H4xU7K/m099gyrK047aZY8+M=,g1Srokqn90EKoIVjGnvYRMWuzU8=
112,101,0C4H4xU7K/m099gyrK047aZY8+M=,g1Srokqn90EKoIVjGnvYRMWuzU8=
113,101,0C4H4xU7K/m099gyrK047aZY8+M=,g1Srokqn90EKoIVjGnvYRMWuzU8=
114,101,0C4H4xU7K/m099gyrK047aZY8+M=,g1Srokqn90EKoIVjGnvYRMWuzU8=
115,101,0C4H4xU7K/m099gyrK047aZY8+M=,g1Srokqn90EKoIVjGnvYRMWuzU8=
116,101,0C4H4xU7K/m099gyrK047aZY8+M=,g1Srokqn90EKoIVjGnvYRMWuzU8=
117,101,0C4H4xU7K/m099gyrK047aZY8+M=,g1Srokqn90EKoIVjGnvYRMWuzU8=
118,101,0C4H4xU7K/m099gyrK047aZY8+M=,g1Srokqn90EKoIVjGnvYRMWuzU8=
119,101,0C4H4xU7K/m099gyrK047aZY8+M=,g1Srokqn90EKoIVjGnvYRMWuzU8=
120,101,0C4H4xU7K/m099gyrK047aZY8+M=,g1Srokqn90EKoIVjGnvYRMWuzU8=
121,101,0C4H4xU7K/m099gyrK047aZY8+M=,g1Srokqn90EKoIVjGnvYRMWuzU8=
122,101,0C4H4xU7K/m099gyrK047aZY8+M=,g1Srokqn90EKoIVjGnvYRMWuzU8=
123,101,0C4H4xU7K/m099gyrK047aZY8+M=,g1Srokqn90EKoIVjGnvYRMWuzU8=
124,101,0C4H4xU7K/m099gyrK047aZY8+M=,g1Srokqn90EKoIVjGnvYRMWuzU8=
116,111,0C4H4xU7K/m099gyrK047aZY8+M=,g1Srokqn90EKoIVjGnvYRMWuzU8=
126,101,0C4H4xU7K/m099gyrK047aZY8+M=,g1Srokqn90EKoIVjGnvYRMWuzU8=
125,101,0C4H4xU7K/m099gyrK047aZY8+M=,g1Srokqn90EKoIVjGnvYRMWuzU8=
127,110,0C4H4xU7K/m099gyrK047aZY8+M=,g1Srokqn90EKoIVjGnvYRMWuzU8=
127,101,0C4H4xU7K/m099gyrK047aZY8+M=,g1Srokqn90EKoIVjGnvYRMWuzU8=
125,110,0C4H4xU7K/m099gyrK047aZY8+M=,g1Srokqn90EKoIVjGnvYRMWuzU8=
118,96,0C4H4xU7K/m099gyrK047aZY8+M=,g1Srokqn90EKoIVjGnvYRMWuzU8=
112,102,0C4H4xU7K/m099gyrK047aZY8+M=,g1Srokqn90EKoIVjGnvYRMWuzU8=
126,110,0C4H4xU7K/m099gyrK047aZY8+M=,g1Srokqn90EKoIVjGnvYRMWuzU8=
124,110,0C4H4xU7K/m099gyrK047aZY8+M=,g1Srokqn90EKoIVjGnvYRMWuzU8=
115,111,0C4H4xU7K/m099gyrK047aZY8+M=,g1Srokqn90EKoIVjGnvYRMWuzU8=
113,102,0C4H4xU7K/m099gyrK047aZY8+M=,g1Srokqn90EKoIVjGnvYRMWuzU8=
123,110,0C4H4xU7K/m099gyrK047aZY8+M=,g1Srokqn90EKoIVjGnvYRMWuzU8=
114,102,0C4H4xU7K/m099gyrK047aZY8+M=,g1Srokqn90EKoIVjGnvYRMWuzU8=
115,102,0C4H4xU7K/m099gyrK047aZY8+M=,g1Srokqn90EKoIVjGnvYRMWuzU8=
122,110,0C4H4xU7K/m099gyrK047aZY8+M=,g1Srokqn90EKoIVjGnvYRMWuzU8=
120,110,0C4H4xU7K/m099gyrK047aZY8+M=,g1Srokqn90EKoIVjGnvYRMWuzU8=
116,102,0C4H4xU7K/m099gyrK047aZY8+M=,g1Srokqn90EKoIVjGnvYRMWuzU8=
117,102,0C4H4xU7K/m099gyrK047aZY8+M=,g1Srokqn90EKoIVjGnvYRMWuzU8=
118,102,0C4H4xU7K/m099gyrK047aZY8+M=,g1Srokqn90EKoIVjGnvYRMWuzU8=
119,102,0C4H4xU7K/m099gyrK047aZY8+M=,g1Srokqn90EKoIVjGnvYRMWuzU8=
120,102,0C4H4xU7K/m099gyrK047aZY8+M=,g1Srokqn90EKoIVjGnvYRMWuzU8=
121,102,0C4H4xU7K/m099gyrK047aZY8+M=,g1Srokqn90EKoIVjGnvYRMWuzU8=
122,102,0C4H4xU7K/m099gyrK047aZY8+M=,g1Srokqn90EKoIVjGnvYRMWuzU8=
123,102,0C4H4xU7K/m099gyrK047aZY8+M=,g1Srokqn90EKoIVjGnvYRMWuzU8=
124,102,0C4H4xU7K/m099gyrK047aZY8+M=,g1Srokqn90EKoIVjGnvYRMWuzU8=
125,102,0C4H4xU7K/m099gyrK047aZY8+M=,g1Srokqn90EKoIVjGnvYRMWuzU8=
126,102,0C4H4xU7K/m099gyrK047aZY8+M=,g1Srokqn90EKoIVjGnvYRMWuzU8=
127,102,0C4H4xU7K/m099gyrK047aZY8+M=,g1Srokqn90EKoIVjGnvYRMWuzU8=
119,96,0C4H4xU7K/m099gyrK047aZY8+M=,g1Srokqn90EKoIVjGnvYRMWuzU8=
112,103,0C4H4xU7K/m099gyrK047aZY8+M=,g1Srokqn90EKoIVjGnvYRMWuzU8=
113,103,0C4H4xU7K/m099gyrK047aZY8+M=,g1Srokqn90EKoIVjGnvYRMWuzU8=
114,103,0C4H4xU7K/m099gyrK047aZY8+M=,g1Srokqn90EKoIVjGnvYRMWuzU8=
115,103,0C4H4xU7K/m099gyrK047aZY8+M=,g1Srokqn90EKoIVjGnvYRMWuzU8=
116,103,0C4H4xU7K/m099gyrK047aZY8+M=,g1Srokqn90EKoIVjGnvYRMWuzU8=
117,103,0C4H4xU7K/m099gyrK047aZY8+M=,g1Srokqn90EKoIVjGnvYRMWuzU8=
118,103,0C4H4xU7K/m099gyrK047aZY8+M=,g1Srokqn90EKoIVjGnvYRMWuzU8=
119,103,0C4H4xU7K/m099gyrK047aZY8+M=,g1Srokqn90EKoIVjGnvYRMWuzU8=
120,103,0C4H4xU7K/m099gyrK047aZY8+M=,g1Srokqn90EKoIVjGnvYRMWuzU8=
121,103,0C4H4xU7K/m099gyrK047aZY8+M=,g1Srokqn90EKoIVjGnvYRMWuzU8=
122,103,0C4H4xU7K/m099gyrK047aZY8+M=,g1Srokqn90EKoIVjGnvYRMWuzU8=
123,103,0C4H4xU7K/m099gyrK047aZY8+M=,g1Srokqn90EKoIVjGnvYRMWuzU8=
124,103,0C4H4xU7K/m099gyrK047aZY8+M=,g1Srokqn90EKoIVjGnvYRMWuzU8=
125,103,0C4H4xU7K/m099gyrK047aZY8+M=,g1Srokqn90EKoIVjGnvYRMWuzU8=
126,103,0C4H4xU7K/m099gyrK047aZY8+M=,g1Srokqn90EKoIVjGnvYRMWuzU8=
127,103,0C4H4xU7K/m099gyrK047aZY8+M=,g1Srokqn90EKoIVjGnvYRMWuzU8=
120,96,0C4H4xU7K/m099gyrK047aZY8+M=,g1Srokqn90EKoIVjGnvYRMWuzU8=
112,104,0C4H4xU7K/m099gyrK047aZY8+M=,g1Srokqn90EKoIVjGnvYRMWuzU8=
113,104,0C4H4xU7K/m099gyrK047aZY8+M=,g1Srokqn90EKoIVjGnvYRMWuzU8=
114,104,0C4H4xU7K/m099gyrK047aZY8+M=,g1Srokqn90EKoIVjGnvYRMWuzU8=
115,104,0C4H4xU7K/m099gyrK047aZY8+M=,g1Srokqn90EKoIVjGnvYRMWuzU8=
116,104,0C4H4xU7K/m099gyrK047aZY8+M=,g1Srokqn90EKoIVjGnvYRMWuzU8=
117,104,0C4H4xU7K/m099gyrK047aZY8+M=,g1Srokqn90EKoIVjGnvYRMWuzU8=
118,104,0C4H4xU7K/m099gyrK047aZY8+M=,g1Srokqn90EKoIVjGnvYRMWuzU8=
119,104,0C4H4xU7K/m099gyrK047aZY8+M=,g1Srokqn90EKoIVjGnvYRMWuzU8=
120,104,0C4H4xU7K/m099gyrK047aZY8+M=,g1Srokqn90EKoIVjGnvYRMWuzU8=
121,104,0C4H4xU7K/m099gyrK047aZY8+M=,g1Srokqn90EKoIVjGnvYRMWuzU8=
122,104,0C4H4xU7K/m099gyrK047aZY8+M=,g1Srokqn90EKoIVjGnvYRMWuzU8=
123,104,0C4H4xU7K/m099gyrK047aZY8+M=,g1Srokqn90EKoIVjGnvYRMWuzU8=
124,104,0C4H4xU7K/m099gyrK047aZY8+M=,g1Srokqn90EKoIVjGnvYRMWuzU8=
125,104,0C4H4xU7K/m099gyrK047aZY8+M=,g1Srokqn90EKoIVjGnvYRMWuzU8=
126,104,0C4H4xU7K/m099gyrK047aZY8+M=,g1Srokqn90EKoIVjGnvYRMWuzU8=
127,104,0C4H4xU7K/m099gyrK047aZY8+M=,g1Srokqn90EKoIVjGnvYRMWuzU8=
121,96,0C4H4xU7K/m099gyrK047aZY8+M=,g1Srokqn90EKoIVjGnvYRMWuzU8=
117,110,0C4H4xU7K/m099gyrK047aZY8+M=,g1Srokqn90EKoIVjGnvYRMWuzU8=
112,105,0C4H4xU7K/m099gyrK047aZY8+M=,g1Srokqn90EKoIVjGnvYRMWuzU8=
113,105,0C4H4xU7K/m099gyrK047aZY8+M=,g1Srokqn90EKoIVjGnvYRMWuzU8=
114,105,0C4H4xU7K/m099gyrK047aZY8+M=,g1Srokqn90EKoIVjGnvYRMWuzU8=
115,105,0C4H4xU7K/m099gyrK047aZY8+M=,g1Srokqn90EKoIVjGnvYRMWuzU8=
116,105,0C4H4xU7K/m099gyrK047aZY8+M=,g1Srokqn90EKoIVjGnvYRMWuzU8=
117,105,0C4H4xU7K/m099gyrK047aZY8+M=,g1Srokqn90EKoIVjGnvYRMWuzU8=
118,105,0C4H4xU7K/m099gyrK047aZY8+M=,g1Srokqn90EKoIVjGnvYRMWuzU8=
119,105,0C4H4xU7K/m099gyrK047aZY8+M=,g1Srokqn90EKoIVjGnvYRMWuzU8=
120,105,0C4H4xU7K/m099gyrK047aZY8+M=,g1Srokqn90EKoIVjGnvYRMWuzU8=
121,105,0C4H4xU7K/m099gyrK047aZY8+M=,g1Srokqn90EKoIVjGnvYRMWuzU8=
122,105,0C4H4xU7K/m099gyrK047aZY8+M=,g1Srokqn90EKoIVjGnvYRMWuzU8=
123,105,0C4H4xU7K/m099gyrK047aZY8+M=,g1Srokqn90EKoIVjGnvYRMWuzU8=
124,105,0C4H4xU7K/m099gyrK047aZY8+M=,g1Srokqn90EKoIVjGnvYRMWuzU8=
125,105,0C4H4xU7K/m099gyrK047aZY8+M=,g1Srokqn90EKoIVjGnvYRMWuzU8=
126,105,0C4H4xU7K/m099gyrK047aZY8+M=,g1Srokqn90EKoIVjGnvYRMWuzU8=
127,105,0C4H4xU7K/m099gyrK047aZY8+M=,g1Srokqn90EKoIVjGnvYRMWuzU8=
122,96,0C4H4xU7K/m099gyrK047aZY8+M=,g1Srokqn90EKoIVjGnvYRMWuzU8=
112,106,0C4H4xU7K/m099gyrK047aZY8+M=,g1Srokqn90EKoIVjGnvYRMWuzU8=
113,106,0C4H4xU7K/m099gyrK047aZY8+M=,g1Srokqn90EKoIVjGnvYRMWuzU8=
116,110,0C4H4xU7K/m099gyrK047aZY8+M=,g1Srokqn90EKoIVjGnvYRMWuzU8=
114,111,0C4H4xU7K/m099gyrK047aZY8+M=,g1Srokqn90EKoIVjGnvYRMWuzU8=
115,110,0C4H4xU7K/m099gyrK047aZY8+M=,g1Srokqn90EKoIVjGnvYRMWuzU8=
118,110,0C4H4xU7K/m099gyrK047aZY8+M=,g1Srokqn90EKoIVjGnvYRMWuzU8=
114,110,0C4H4xU7K/m099gyrK047aZY8+M=,g1Srokqn90EKoIVjGnvYRMWuzU8=
126,96,0C4H4xU7K/m099gyrK047aZY8+M=,g1Srokqn90EKoIVjGnvYRMWuzU8=
127,109,0C4H4xU7K/m099gyrK047aZY8+M=,g1Srokqn90EKoIVjGnvYRMWuzU8=
126,109,0C4H4xU7K/m099gyrK047aZY8+M=,g1Srokqn90EKoIVjGnvYRMWuzU8=
125,109,0C4H4xU7K/m099gyrK047aZY8+M=,g1Srokqn90EKoIVjGnvYRMWuzU8=
124,109,0C4H4xU7K/m099gyrK047aZY8+M=,g1Srokqn90EKoIVjGnvYRMWuzU8=
123,109,0C4H4xU7K/m099gyrK047aZY8+M=,g1Srokqn90EKoIVjGnvYRMWuzU8=
122,109,0C4H4xU7K/m099gyrK047aZY8+M=,g1Srokqn90EKoIVjGnvYRMWuzU8=
121,109,0C4H4xU7K/m099gyrK047aZY8+M=,g1Srokqn90EKoIVjGnvYRMWuzU8=
120,109,0C4H4xU7K/m099gyrK047aZY8+M=,g1Srokqn90EKoIVjGnvYRMWuzU8=
119,110,0C4H4xU7K/m099gyrK047aZY8+M=,g1Srokqn90EKoIVjGnvYRMWuzU8=
118,109,0C4H4xU7K/m099gyrK047aZY8+M=,g1Srokqn90EKoIVjGnvYRMWuzU8=
121,110,0C4H4xU7K/m099gyrK047aZY8+M=,g1Srokqn90EKoIVjGnvYRMWuzU8=
119,111,0C4H4xU7K/m099gyrK047aZY8+M=,g1Srokqn90EKoIVjGnvYRMWuzU8=
113,110,0C4H4xU7K/m099gyrK047aZY8+M=,g1Srokqn90EKoIVjGnvYRMWuzU8=
114,109,0C4H4xU7K/m099gyrK047aZY8+M=,g1Srokqn90EKoIVjGnvYRMWuzU8=
117,109,0C4H4xU7K/m099gyrK047aZY8+M=,g1Srokqn90EKoIVjGnvYRMWuzU8=
116,109,0C4H4xU7K/m099gyrK047aZY8+M=,g1Srokqn90EKoIVjGnvYRMWuzU8=
125,96,0C4H4xU7K/m099gyrK047aZY8+M=,g1Srokqn90EKoIVjGnvYRMWuzU8=
127,108,0C4H4xU7K/m099gyrK047aZY8+M=,g1Srokqn90EKoIVjGnvYRMWuzU8=
126,108,0C4H4xU7K/m099gyrK047aZY8+M=,g1Srokqn90EKoIVjGnvYRMWuzU8=
125,108,0C4H4xU7K/m099gyrK047aZY8+M=,g1Srokqn90EKoIVjGnvYRMWuzU8=
124,108,0C4H4xU7K/m099gyrK047aZY8+M=,g1Srokqn90EKoIVjGnvYRMWuzU8=
123,108,0C4H4xU7K/m099gyrK047aZY8+M=,g1Srokqn90EKoIVjGnvYRMWuzU8=
122,108,0C4H4xU7K/m099gyrK047aZY8+M=,g1Srokqn90EKoIVjGnvYRMWuzU8=
121,108,0C4H4xU7K/m099gyrK047aZY8+M=,g1Srokqn90EKoIVjGnvYRMWuzU8=
120,108,0C4H4xU7K/m099gyrK047aZY8+M=,g1Srokqn90EKoIVjGnvYRMWuzU8=
114,106,0C4H4xU7K/m099gyrK047aZY8+M=,g1Srokqn90EKoIVjGnvYRMWuzU8=
115,106,0C4H4xU7K/m099gyrK047aZY8+M=,g1Srokqn90EKoIVjGnvYRMWuzU8=
116,106,0C4H4xU7K/m099gyrK047aZY8+M=,g1Srokqn90EKoIVjGnvYRMWuzU8=
117,106,0C4H4xU7K/m099gyrK047aZY8+M=,g1Srokqn90EKoIVjGnvYRMWuzU8=
118,106,0C4H4xU7K/m099gyrK047aZY8+M=,g1Srokqn90EKoIVjGnvYRMWuzU8=
119,106,0C4H4xU7K/m099gyrK047aZY8+M=,g1Srokqn90EKoIVjGnvYRMWuzU8=
120,106,0C4H4xU7K/m099gyrK047aZY8+M=,g1Srokqn90EKoIVjGnvYRMWuzU8=
121,106,0C4H4xU7K/m099gyrK047aZY8+M=,g1Srokqn90EKoIVjGnvYRMWuzU8=
122,106,0C4H4xU7K/m099gyrK047aZY8+M=,g1Srokqn90EKoIVjGnvYRMWuzU8=
123,106,0C4H4xU7K/m099gyrK047aZY8+M=,g1Srokqn90EKoIVjGnvYRMWuzU8=
124,106,0C4H4xU7K/m099gyrK047aZY8+M=,g1Srokqn90EKoIVjGnvYRMWuzU8=
125,106,0C4H4xU7K/m099gyrK047aZY8+M=,g1Srokqn90EKoIVjGnvYRMWuzU8=
126,106,0C4H4xU7K/m099gyrK047aZY8+M=,g1Srokqn90EKoIVjGnvYRMWuzU8=
127,106,0C4H4xU7K/m099gyrK047aZY8+M=,g1Srokqn90EKoIVjGnvYRMWuzU8=
123,96,0C4H4xU7K/m099gyrK047aZY8+M=,g1Srokqn90EKoIVjGnvYRMWuzU8=
115,109,0C4H4xU7K/m099gyrK047aZY8+M=,g1Srokqn90EKoIVjGnvYRMWuzU8=
121,111,0C4H4xU7K/m099gyrK047aZY8+M=,g1Srokqn90EKoIVjGnvYRMWuzU8=
117,108,0C4H4xU7K/m099gyrK047aZY8+M=,g1Srokqn90EKoIVjGnvYRMWuzU8=
116,108,0C4H4xU7K/m099gyrK047aZY8+M=,g1Srokqn90EKoIVjGnvYRMWuzU8=
115,108,0C4H4xU7K/m099gyrK047aZY8+M=,g1Srokqn90EKoIVjGnvYRMWuzU8=
113,111,0C4H4xU7K/m099gyrK047aZY8+M=,g1Srokqn90EKoIVjGnvYRMWuzU8=
112,111,0C4H4xU7K/m099gyrK047aZY8+M=,g1Srokqn90EKoIVjGnvYRMWuzU8=
112,107,0C4H4xU7K/m099gyrK047aZY8+M=,g1Srokqn90EKoIVjGnvYRMWuzU8=
120,111,0C4H4xU7K/m099gyrK047aZY8+M=,g1Srokqn90EKoIVjGnvYRMWuzU8=
124,96,0C4H4xU7K/m099gyrK047aZY8+M=,g1Srokqn90EKoIVjGnvYRMWuzU8=
126,107,0C4H4xU7K/m099gyrK047aZY8+M=,g1Srokqn90EKoIVjGnvYRMWuzU8=
127,107,0C4H4xU7K/m099gyrK047aZY8+M=,g1Srokqn90EKoIVjGnvYRMWuzU8=
125,107,0C4H4xU7K/m099gyrK047aZY8+M=,g1Srokqn90EKoIVjGnvYRMWuzU8=
124,107,0C4H4xU7K/m099gyrK047aZY8+M=,g1Srokqn90EKoIVjGnvYRMWuzU8=
123,107,0C4H4xU7K/m099gyrK047aZY8+M=,g1Srokqn90EKoIVjGnvYRMWuzU8=
122,107,0C4H4xU7K/m099gyrK047aZY8+M=,g1Srokqn90EKoIVjGnvYRMWuzU8=
121,107,0C4H4xU7K/m099gyrK047aZY8+M=,g1Srokqn90EKoIVjGnvYRMWuzU8=
120,107,0C4H4xU7K/m099gyrK047aZY8+M=,g1Srokqn90EKoIVjGnvYRMWuzU8=
114,108,0C4H4xU7K/m099gyrK047aZY8+M=,g1Srokqn90EKoIVjGnvYRMWuzU8=
118,107,0C4H4xU7K/m099gyrK047aZY8+M=,g1Srokqn90EKoIVjGnvYRMWuzU8=
117,107,0C4H4xU7K/m099gyrK047aZY8+M=,g1Srokqn90EKoIVjGnvYRMWuzU8=
116,107,0C4H4xU7K/m099gyrK047aZY8+M=,g1Srokqn90EKoIVjGnvYRMWuzU8=
115,107,0C4H4xU7K/m099gyrK047aZY8+M=,g1Srokqn90EKoIVjGnvYRMWuzU8=
119,109,0C4H4xU7K/m099gyrK047aZY8+M=,g1Srokqn90EKoIVjGnvYRMWuzU8=
112,108,0C4H4xU7K/m099gyrK047aZY8+M=,g1Srokqn90EKoIVjGnvYRMWuzU8=
112,110,0C4H4xU7K/m099gyrK047aZY8+M=,g1Srokqn90EKoIVjGnvYRMWuzU8=
113,109,0C4H4xU7K/m099gyrK047aZY8+M=,g1Srokqn90EKoIVjGnvYRMWuzU8=
114,107,0C4H4xU7K/m099gyrK047aZY8+M=,g1Srokqn90EKoIVjGnvYRMWuzU8=
112,109,0C4H4xU7K/m099gyrK047aZY8+M=,g1Srokqn90EKoIVjGnvYRMWuzU8=
118,108,0C4H4xU7K/m099gyrK047aZY8+M=,g1Srokqn90EKoIVjGnvYRMWuzU8=
119,108,0C4H4xU7K/m099gyrK047aZY8+M=,g1Srokqn90EKoIVjGnvYRMWuzU8=
113,108,0C4H4xU7K/m099gyrK047aZY8+M=,g1Srokqn90EKoIVjGnvYRMWuzU8=
119,107,0C4H4xU7K/m099gyrK047aZY8+M=,g1Srokqn90EKoIVjGnvYRMWuzU8=
113,107,0C4H4xU7K/m099gyrK047aZY8+M=,g1Srokqn90EKoIVjGnvYRMWuzU8=
96,112,0C4H4xU7K/m099gyrK047aZY8+M=,g1Srokqn90EKoIVjGnvYRMWuzU8=
111,127,0C4H4xU7K/m099gyrK047aZY8+M=,g1Srokqn90EKoIVjGnvYRMWuzU8=
110,127,eySdDa7IvyUR88Ay6Oh4u1CEv34=,g1Srokqn90EKoIVjGnvYRMWuzU8=
109,127,eySdDa7IvyUR88Ay6Oh4u1CEv34=,g1Srokqn90EKoIVjGnvYRMWuzU8=
108,127,eySdDa7IvyUR88Ay6Oh4u1CEv34=,g1Srokqn90EKoIVjGnvYRMWuzU8=
107,127,eySdDa7IvyUR88Ay6Oh4u1CEv34=,g1Srokqn90EKoIVjGnvYRMWuzU8=
106,127,eySdDa7IvyUR88Ay6Oh4u1CEv34=,g1Srokqn90EKoIVjGnvYRMWuzU8=
105,127,eySdDa7IvyUR88Ay6Oh4u1CEv34=,g1Srokqn90EKoIVjGnvYRMWuzU8=
104,127,eySdDa7IvyUR88Ay6Oh4u1CEv34=,g1Srokqn90EKoIVjGnvYRMWuzU8=
103,127,eySdDa7IvyUR88Ay6Oh4u1CEv34=,g1Srokqn90EKoIVjGnvYRMWuzU8=
102,127,eySdDa7IvyUR88Ay6Oh4u1CEv34=,g1Srokqn90EKoIVjGnvYRMWuzU8=
101,127,eySdDa7IvyUR88Ay6Oh4u1CEv34=,g1Srokqn90EKoIVjGnvYRMWuzU8=
100,127,eySdDa7IvyUR88Ay6Oh4u1CEv34=,g1Srokqn90EKoIVjGnvYRMWuzU8=
99,127,eySdDa7IvyUR88Ay6Oh4u1CEv34=,g1Srokqn90EKoIVjGnvYRMWuzU8=
98,127,eySdDa7IvyUR88Ay6Oh4u1CEv34=,g1Srokqn90EKoIVjGnvYRMWuzU8=
97,127,eySdDa7IvyUR88Ay6Oh4u1CEv34=,g1Srokqn90EKoIVjGnvYRMWuzU8=
96,127,eySdDa7IvyUR88Ay6Oh4u1CEv34=,g1Srokqn90EKoIVjGnvYRMWuzU8=
111,126,eySdDa7IvyUR88Ay6Oh4u1CEv34=,g1Srokqn90EKoIVjGnvYRMWuzU8=
110,126,eySdDa7IvyUR88Ay6Oh4u1CEv34=,g1Srokqn90EKoIVjGnvYRMWuzU8=
109,126,eySdDa7IvyUR88Ay6Oh4u1CEv34=,g1Srokqn90EKoIVjGnvYRMWuzU8=
107,126,eySdDa7IvyUR88Ay6Oh4u1CEv34=,g1Srokqn90EKoIVjGnvYRMWuzU8=
108,126,eySdDa7IvyUR88Ay6Oh4u1CEv34=,g1Srokqn90EKoIVjGnvYRMWuzU8=
106,126,eySdDa7IvyUR88Ay6Oh4u1CEv34=,g1Srokqn90EKoIVjGnvYRMWuzU8=
105,126,eySdDa7IvyUR88Ay6Oh4u1CEv34=,g1Srokqn90EKoIVjGnvYRMWuzU8=
104,126,eySdDa7IvyUR88Ay6Oh4u1CEv34=,g1Srokqn90EKoIVjGnvYRMWuzU8=
103,126,eySdDa7IvyUR88Ay6Oh4u1CEv34=,g1Srokqn90EKoIVjGnvYRMWuzU8=
101,126,eySdDa7IvyUR88Ay6Oh4u1CEv34=,g1Srokqn90EKoIVjGnvYRMWuzU8=
102,126,eySdDa7IvyUR88Ay6Oh4u1CEv34=,g1Srokqn90EKoIVjGnvYRMWuzU8=
100,126,eySdDa7IvyUR88Ay6Oh4u1CEv34=,g1Srokqn90EKoIVjGnvYRMWuzU8=
99,126,eySdDa7IvyUR88Ay6Oh4u1CEv34=,g1Srokqn90EKoIVjGnvYRMWuzU8=
98,126,eySdDa7IvyUR88Ay6Oh4u1CEv34=,g1Srokqn90EKoIVjGnvYRMWuzU8=
97,126,eySdDa7IvyUR88Ay6Oh4u1CEv34=,g1Srokqn90EKoIVjGnvYRMWuzU8=
96,126,eySdDa7IvyUR88Ay6Oh4u1CEv34=,g1Srokqn90EKoIVjGnvYRMWuzU8=
111,125,eySdDa7IvyUR88Ay6Oh4u1CEv34=,g1Srokqn90EKoIVjGnvYRMWuzU8=
110,125,eySdDa7IvyUR88Ay6Oh4u1CEv34=,g1Srokqn90EKoIVjGnvYRMWuzU8=
109,125,eySdDa7IvyUR88Ay6Oh4u1CEv34=,g1Srokqn90EKoIVjGnvYRMWuzU8=
107,125,eySdDa7IvyUR88Ay6Oh4u1CEv34=,g1Srokqn90EKoIVjGnvYRMWuzU8=
108,125,eySdDa7IvyUR88Ay6Oh4u1CEv34=,g1Srokqn90EKoIVjGnvYRMWuzU8=
105,125,eySdDa7IvyUR88Ay6Oh4u1CEv34=,g1Srokqn90EKoIVjGnvYRMWuzU8=
106,125,eySdDa7IvyUR88Ay6Oh4u1CEv34=,g1Srokqn90EKoIVjGnvYRMWuzU8=
104,125,eySdDa7IvyUR88Ay6Oh4u1CEv34=,g1Srokqn90EKoIVjGnvYRMWuzU8=
103,125,eySdDa7IvyUR88Ay6Oh4u1CEv34=,g1Srokqn90EKoIVjGnvYRMWuzU8=
102,125,eySdDa7IvyUR88Ay6Oh4u1CEv34=,g1Srokqn90EKoIVjGnvYRMWuzU8=
101,125,eySdDa7IvyUR88Ay6Oh4u1CEv34=,g1Srokqn90EKoIVjGnvYRMWuzU8=
99,125,eySdDa7IvyUR88Ay6Oh4u1CEv34=,g1Srokqn90EKoIVjGnvYRMWuzU8=
98,125,eySdDa7IvyUR88Ay6Oh4u1CEv34=,g1Srokqn90EKoIVjGnvYRMWuzU8=
100,125,eySdDa7IvyUR88Ay6Oh4u1CEv34=,g1Srokqn90EKoIVjGnvYRMWuzU8=
96,125,eySdDa7IvyUR88Ay6Oh4u1CEv34=,g1Srokqn90EKoIVjGnvYRMWuzU8=
111,124,eySdDa7IvyUR88Ay6Oh4u1CEv34=,g1Srokqn90EKoIVjGnvYRMWuzU8=
110,124,eySdDa7IvyUR88Ay6Oh4u1CEv34=,g1Srokqn90EKoIVjGnvYRMWuzU8=
97,125,eySdDa7IvyUR88Ay6Oh4u1CEv34=,g1Srokqn90EKoIVjGnvYRMWuzU8=
109,124,eySdDa7IvyUR88Ay6Oh4u1CEv34=,g1Srokqn90EKoIVjGnvYRMWuzU8=
108,124,eySdDa7IvyUR88Ay6Oh4u1CEv34=,g1Srokqn90EKoIVjGnvYRMWuzU8=
105,124,eySdDa7IvyUR88Ay6Oh4u1CEv34=,g1Srokqn90EKoIVjGnvYRMWuzU8=
106,124,eySdDa7IvyUR88Ay6Oh4u1CEv34=,g1Srokqn90EKoIVjGnvYRMWuzU8=
107,124,eySdDa7IvyUR88Ay6Oh4u1CEv34=,g1Srokqn90EKoIVjGnvYRMWuzU8=
104,124,eySdDa7IvyUR88Ay6Oh4u1CEv34=,g1Srokqn90EKoIVjGnvYRMWuzU8=
102,124,eySdDa7IvyUR88Ay6Oh4u1CEv34=,g1Srokqn90EKoIVjGnvYRMWuzU8=
103,124,eySdDa7IvyUR88Ay6Oh4u1CEv34=,g1Srokqn90EKoIVjGnvYRMWuzU8=
101,124,eySdDa7IvyUR88Ay6Oh4u1CEv34=,g1Srokqn90EKoIVjGnvYRMWuzU8=
100,124,eySdDa7IvyUR88Ay6Oh4u1CEv34=,g1Srokqn90EKoIVjGnvYRMWuzU8=
99,124,eySdDa7IvyUR88Ay6Oh4u1CEv34=,g1Srokqn90EKoIVjGnvYRMWuzU8=
97,124,eySdDa7IvyUR88Ay6Oh4u1CEv34=,g1Srokqn90EKoIVjGnvYRMWuzU8=
98,124,eySdDa7IvyUR88Ay6Oh4u1CEv34=,g1Srokqn90EKoIVjGnvYRMWuzU8=
96,124,eySdDa7IvyUR88Ay6Oh4u1CEv34=,g1Srokqn90EKoIVjGnvYRMWuzU8=
111,123,eySdDa7IvyUR88Ay6Oh4u1CEv34=,g1Srokqn90EKoIVjGnvYRMWuzU8=
110,123,eySdDa7IvyUR88Ay6Oh4u1CEv34=,g1Srokqn90EKoIVjGnvYRMWuzU8=
109,123,eySdDa7IvyUR88Ay6Oh4u1CEv34=,g1Srokqn90EKoIVjGnvYRMWuzU8=
107,123,eySdDa7IvyUR88Ay6Oh4u1CEv34=,g1Srokqn90EKoIVjGnvYRMWuzU8=
106,123,eySdDa7IvyUR88Ay6Oh4u1CEv34=,g1Srokqn90EKoIVjGnvYRMWuzU8=
108,123,eySdDa7IvyUR88Ay6Oh4u1CEv34=,g1Srokqn90EKoIVjGnvYRMWuzU8=
105,123,eySdDa7IvyUR88Ay6Oh4u1CEv34=,g1Srokqn90EKoIVjGnvYRMWuzU8=
104,123,eySdDa7IvyUR88Ay6Oh4u1CEv34=,g1Srokqn90EKoIVjGnvYRMWuzU8=
103,123,eySdDa7IvyUR88Ay6Oh4u1CEv34=,g1Srokqn90EKoIVjGnvYRMWuzU8=
101,123,eySdDa7IvyUR88Ay6Oh4u1CEv34=,g1Srokqn90EKoIVjGnvYRMWuzU8=
102,123,eySdDa7IvyUR88Ay6Oh4u1CEv34=,g1Srokqn90EKoIVjGnvYRMWuzU8=
100,123,eySdDa7IvyUR88Ay6Oh4u1CEv34=,g1Srokqn90EKoIVjGnvYRMWuzU8=
97,123,eySdDa7IvyUR88Ay6Oh4u1CEv34=,g1Srokqn90EKoIVjGnvYRMWuzU8=
98,123,eySdDa7IvyUR88Ay6Oh4u1CEv34=,g1Srokqn90EKoIVjGnvYRMWuzU8=
99,123,eySdDa7IvyUR88Ay6Oh4u1CEv34=,g1Srokqn90EKoIVjGnvYRMWuzU8=
96,123,eySdDa7IvyUR88Ay6Oh4u1CEv34=,g1Srokqn90EKoIVjGnvYRMWuzU8=
110,122,eySdDa7IvyUR88Ay6Oh4u1CEv34=,g1Srokqn90EKoIVjGnvYRMWuzU8=
111,122,eySdDa7IvyUR88Ay6Oh4u1CEv34=,g1Srokqn90EKoIVjGnvYRMWuzU8=
108,122,eySdDa7IvyUR88Ay6Oh4u1CEv34=,g1Srokqn90EKoIVjGnvYRMWuzU8=
109,122,eySdDa7IvyUR88Ay6Oh4u1CEv34=,g1Srokqn90EKoIVjGnvYRMWuzU8=
107,122,eySdDa7IvyUR88Ay6Oh4u1CEv34=,g1Srokqn90EKoIVjGnvYRMWuzU8=
106,122,eySdDa7IvyUR88Ay6Oh4u1CEv34=,g1Srokqn90EKoIVjGnvYRMWuzU8=
105,122,eySdDa7IvyUR88Ay6Oh4u1CEv34=,g1Srokqn90EKoIVjGnvYRMWuzU8=
103,122,eySdDa7IvyUR88Ay6Oh4u1CEv34=,g1Srokqn90EKoIVjGnvYRMWuzU8=
104,122,eySdDa7IvyUR88Ay6Oh4u1CEv34=,g1Srokqn90EKoIVjGnvYRMWuzU8=
102,122,eySdDa7IvyUR88Ay6Oh4u1CEv34=,g1Srokqn90EKoIVjGnvYRMWuzU8=
101,122,eySdDa7IvyUR88Ay6Oh4u1CEv34=,g1Srokqn90EKoIVjGnvYRMWuzU8=
100,122,eySdDa7IvyUR88Ay6Oh4u1CEv34=,g1Srokqn90EKoIVjGnvYRMWuzU8=
99,122,eySdDa7IvyUR88Ay6Oh4u1CEv34=,g1Srokqn90EKoIVjGnvYRMWuzU8=
98,122,eySdDa7IvyUR88Ay6Oh4u1CEv34=,g1Srokqn90EKoIVjGnvYRMWuzU8=
97,122,eySdDa7IvyUR88Ay6Oh4u1CEv34=,g1Srokqn90EKoIVjGnvYRMWuzU8=
96,122,eySdDa7IvyUR88Ay6Oh4u1CEv34=,g1Srokqn90EKoIVjGnvYRMWuzU8=
111,121,eySdDa7IvyUR88Ay6Oh4u1CEv34=,g1Srokqn90EKoIVjGnvYRMWuzU8=
110,121,eySdDa7IvyUR88Ay6Oh4u1CEv34=,g1Srokqn90EKoIVjGnvYRMWuzU8=
109,121,eySdDa7IvyUR88Ay6Oh4u1CEv34=,g1Srokqn90EKoIVjGnvYRMWuzU8=
108,121,eySdDa7IvyUR88Ay6Oh4u1CEv34=,g1Srokqn90EKoIVjGnvYRMWuzU8=
107,121,eySdDa7IvyUR88Ay6Oh4u1CEv34=,g1Srokqn90EKoIVjGnvYRMWuzU8=
105,121,eySdDa7IvyUR88Ay6Oh4u1CEv34=,g1Srokqn90EKoIVjGnvYRMWuzU8=
104,121,eySdDa7IvyUR88Ay6Oh4u1CEv34=,g1Srokqn90EKoIVjGnvYRMWuzU8=
106,121,eySdDa7IvyUR88Ay6Oh4u1CEv34=,g1Srokqn90EKoIVjGnvYRMWuzU8=
103,121,eySdDa7IvyUR88Ay6Oh4u1CEv34=,g1Srokqn90EKoIVjGnvYRMWuzU8=
101,121,eySdDa7IvyUR88Ay6Oh4u1CEv34=,g1Srokqn90EKoIVjGnvYRMWuzU8=
102,121,eySdDa7IvyUR88Ay6Oh4u1CEv34=,g1Srokqn90EKoIVjGnvYRMWuzU8=
99,121,eySdDa7IvyUR88Ay6Oh4u1CEv34=,g1Srokqn90EKoIVjGnvYRMWuzU8=
100,121,eySdDa7IvyUR88Ay6Oh4u1CEv34=,g1Srokqn90EKoIVjGnvYRMWuzU8=
98,121,eySdDa7IvyUR88Ay6Oh4u1CEv34=,g1Srokqn90EKoIVjGnvYRMWuzU8=
97,121,eySdDa7IvyUR88Ay6Oh4u1CEv34=,g1Srokqn90EKoIVjGnvYRMWuzU8=
96,121,eySdDa7IvyUR88Ay6Oh4u1CEv34=,g1Srokqn90EKoIVjGnvYRMWuzU8=
111,120,eySdDa7IvyUR88Ay6Oh4u1CEv34=,g1Srokqn90EKoIVjGnvYRMWuzU8=
110,120,eySdDa7IvyUR88Ay6Oh4u1CEv34=,g1Srokqn90EKoIVjGnvYRMWuzU8=
109,120,eySdDa7IvyUR88Ay6Oh4u1CEv34=,g1Srokqn90EKoIVjGnvYRMWuzU8=
108,120,eySdDa7IvyUR88Ay6Oh4u1CEv34=,g1Srokqn90EKoIVjGnvYRMWuzU8=
107,120,eySdDa7IvyUR88Ay6Oh4u1CEv34=,g1Srokqn90EKoIVjGnvYRMWuzU8=
106,120,eySdDa7IvyUR88Ay6Oh4u1CEv34=,g1Srokqn90EKoIVjGnvYRMWuzU8=
105,120,eySdDa7IvyUR88Ay6Oh4u1CEv34=,g1Srokqn90EKoIVjGnvYRMWuzU8=
104,120,eySdDa7IvyUR88Ay6Oh4u1CEv34=,g1Srokqn90EKoIVjGnvYRMWuzU8=
103,120,eySdDa7IvyUR88Ay6Oh4u1CEv34=,g1Srokqn90EKoIVjGnvYRMWuzU8=
102,120,eySdDa7IvyUR88Ay6Oh4u1CEv34=,g1Srokqn90EKoIVjGnvYRMWuzU8=
101,120,eySdDa7IvyUR88Ay6Oh4u1CEv34=,g1Srokqn90EKoIVjGnvYRMWuzU8=
100,120,eySdDa7IvyUR88Ay6Oh4u1CEv34=,g1Srokqn90EKoIVjGnvYRMWuzU8=
99,120,eySdDa7IvyUR88Ay6Oh4u1CEv34=,g1Srokqn90EKoIVjGnvYRMWuzU8=
98,120,eySdDa7IvyUR88Ay6Oh4u1CEv34=,g1Srokqn90EKoIVjGnvYRMWuzU8=
97,120,eySdDa7IvyUR88Ay6Oh4u1CEv34=,g1Srokqn90EKoIVjGnvYRMWuzU8=
96,120,eySdDa7IvyUR88Ay6Oh4u1CEv34=,g1Srokqn90EKoIVjGnvYRMWuzU8=
111,119,eySdDa7IvyUR88Ay6Oh4u1CEv34=,g1Srokqn90EKoIVjGnvYRMWuzU8=
110,119,eySdDa7IvyUR88Ay6Oh4u1CEv34=,g1Srokqn90EKoIVjGnvYRMWuzU8=
109,119,eySdDa7IvyUR88Ay6Oh4u1CEv34=,g1Srokqn90EKoIVjGnvYRMWuzU8=
108,119,eySdDa7IvyUR88Ay6Oh4u1CEv34=,g1Srokqn90EKoIVjGnvYRMWuzU8=
107,119,eySdDa7IvyUR88Ay6Oh4u1CEv34=,g1Srokqn90EKoIVjGnvYRMWuzU8=
106,119,eySdDa7IvyUR88Ay6Oh4u1CEv34=,g1Srokqn90EKoIVjGnvYRMWuzU8=
105,119,eySdDa7IvyUR88Ay6Oh4u1CEv34=,g1Srokqn90EKoIVjGnvYRMWuzU8=
104,119,eySdDa7IvyUR88Ay6Oh4u1CEv34=,g1Srokqn90EKoIVjGnvYRMWuzU8=
103,119,eySdDa7IvyUR88Ay6Oh4u1CEv34=,g1Srokqn90EKoIVjGnvYRMWuzU8=
102,119,eySdDa7IvyUR88Ay6Oh4u1CEv34=,g1Srokqn90EKoIVjGnvYRMWuzU8=
101,119,eySdDa7IvyUR88Ay6Oh4u1CEv34=,g1Srokqn90EKoIVjGnvYRMWuzU8=
100,119,eySdDa7IvyUR88Ay6Oh4u1CEv34=,g1Srokqn90EKoIVjGnvYRMWuzU8=
99,119,eySdDa7IvyUR88Ay6Oh4u1CEv34=,g1Srokqn90EKoIVjGnvYRMWuzU8=
98,119,eySdDa7IvyUR88Ay6Oh4u1CEv34=,g1Srokqn90EKoIVjGnvYRMWuzU8=
97,119,eySdDa7IvyUR88Ay6Oh4u1CEv34=,g1Srokqn90EKoIVjGnvYRMWuzU8=
108,112,eySdDa7IvyUR88Ay6Oh4u1CEv34=,g1Srokqn90EKoIVjGnvYRMWuzU8=
111,118,eySdDa7IvyUR88Ay6Oh4u1CEv34=,g1Srokqn90EKoIVjGnvYRMWuzU8=
110,118,eySdDa7IvyUR88Ay6Oh4u1CEv34=,g1Srokqn90EKoIVjGnvYRMWuzU8=
109,118,eySdDa7IvyUR88Ay6Oh4u1CEv34=,g1Srokqn90EKoIVjGnvYRMWuzU8=
108,118,eySdDa7IvyUR88Ay6Oh4u1CEv34=,g1Srokqn90EKoIVjGnvYRMWuzU8=
107,118,eySdDa7IvyUR88Ay6Oh4u1CEv34=,g1Srokqn90EKoIVjGnvYRMWuzU8=
106,118,eySdDa7IvyUR88Ay6Oh4u1CEv34=,g1Srokqn90EKoIVjGnvYRMWuzU8=
105,118,eySdDa7IvyUR88Ay6Oh4u1CEv34=,g1Srokqn90EKoIVjGnvYRMWuzU8=
103,118,eySdDa7IvyUR88Ay6Oh4u1CEv34=,g1Srokqn90EKoIVjGnvYRMWuzU8=
102,112,eySdDa7IvyUR88Ay6Oh4u1CEv34=,g1Srokqn90EKoIVjGnvYRMWuzU8=
105,112,eySdDa7IvyUR88Ay6Oh4u1CEv34=,g1Srokqn90EKoIVjGnvYRMWuzU8=
96,119,eySdDa7IvyUR88Ay6Oh4u1CEv34=,g1Srokqn90EKoIVjGnvYRMWuzU8=
100,118,eySdDa7IvyUR88Ay6Oh4u1CEv34=,g1Srokqn90EKoIVjGnvYRMWuzU8=
99,118,eySdDa7IvyUR88Ay6Oh4u1CEv34=,g1Srokqn90EKoIVjGnvYRMWuzU8=
98,118,eySdDa7IvyUR88Ay6Oh4u1CEv34=,g1Srokqn90EKoIVjGnvYRMWuzU8=
97,118,eySdDa7IvyUR88Ay6Oh4u1CEv34=,g1Srokqn90EKoIVjGnvYRMWuzU8=
111,112,eySdDa7IvyUR88Ay6Oh4u1CEv34=,g1Srokqn90EKoIVjGnvYRMWuzU8=
106,112,eySdDa7IvyUR88Ay6Oh4u1CEv34=,g1Srokqn90EKoIVjGnvYRMWuzU8=
111,117,eySdDa7IvyUR88Ay6Oh4u1CEv34=,g1Srokqn90EKoIVjGnvYRMWuzU8=
110,117,eySdDa7IvyUR88Ay6Oh4u1CEv34=,g1Srokqn90EKoIVjGnvYRMWuzU8=
109,117,eySdDa7IvyUR88Ay6Oh4u1CEv34=,g1Srokqn90EKoIVjGnvYRMWuzU8=
108,117,eySdDa7IvyUR88Ay6Oh4u1CEv34=,g1Srokqn90EKoIVjGnvYRMWuzU8=
107,117,eySdDa7IvyUR88Ay6Oh4u1CEv34=,g1Srokqn90EKoIVjGnvYRMWuzU8=
106,117,eySdDa7IvyUR88Ay6Oh4u1CEv34=,g1Srokqn90EKoIVjGnvYRMWuzU8=
105,117,eySdDa7IvyUR88Ay6Oh4u1CEv34=,g1Srokqn90EKoIVjGnvYRMWuzU8=
104,112,eySdDa7IvyUR88Ay6Oh4u1CEv34=,g1Srokqn90EKoIVjGnvYRMWuzU8=
104,118,eySdDa7IvyUR88Ay6Oh4u1CEv34=,g1Srokqn90EKoIVjGnvYRMWuzU8=
103,117,eySdDa7IvyUR88Ay6Oh4u1CEv34=,g1Srokqn90EKoIVjGnvYRMWuzU8=
102,117,eySdDa7IvyUR88Ay6Oh4u1CEv34=,g1Srokqn90EKoIVjGnvYRMWuzU8=
110,112,eySdDa7IvyUR88Ay6Oh4u1CEv34=,g1Srokqn90EKoIVjGnvYRMWuzU8=
100,117,eySdDa7IvyUR88Ay6Oh4u1CEv34=,g1Srokqn90EKoIVjGnvYRMWuzU8=
109,112,eySdDa7IvyUR88Ay6Oh4u1CEv34=,g1Srokqn90EKoIVjGnvYRMWuzU8=
98,117,eySdDa7IvyUR88Ay6Oh4u1CEv34=,g1Srokqn90EKoIVjGnvYRMWuzU8=
107,112,eySdDa7IvyUR88Ay6Oh4u1CEv34=,g1Srokqn90EKoIVjGnvYRMWuzU8=
97,117,eySdDa7IvyUR88Ay6Oh4u1CEv34=,g1Srokqn90EKoIVjGnvYRMWuzU8=
96,117,eySdDa7IvyUR88Ay6Oh4u1CEv34=,g1Srokqn90EKoIVjGnvYRMWuzU8=
101,112,eySdDa7IvyUR88Ay6Oh4u1CEv34=,g1Srokqn90EKoIVjGnvYRMWuzU8=
110,116,eySdDa7IvyUR88Ay6Oh4u1CEv34=,g1Srokqn90EKoIVjGnvYRMWuzU8=
109,116,eySdDa7IvyUR88Ay6Oh4u1CEv34=,g1Srokqn90EKoIVjGnvYRMWuzU8=
108,116,eySdDa7IvyUR88Ay6Oh4u1CEv34=,g1Srokqn90EKoIVjGnvYRMWuzU8=
105,116,eySdDa7IvyUR88Ay6Oh4u1CEv34=,g1Srokqn90EKoIVjGnvYRMWuzU8=
104,116,eySdDa7IvyUR88Ay6Oh4u1CEv34=,g1Srokqn90EKoIVjGnvYRMWuzU8=
107,116,eySdDa7IvyUR88Ay6Oh4u1CEv34=,g1Srokqn90EKoIVjGnvYRMWuzU8=
103,112,eySdDa7IvyUR88Ay6Oh4u1CEv34=,g1Srokqn90EKoIVjGnvYRMWuzU8=
102,116,eySdDa7IvyUR88Ay6Oh4u1CEv34=,g1Srokqn90EKoIVjGnvYRMWuzU8=
101,116,eySdDa7IvyUR88Ay6Oh4u1CEv34=,g1Srokqn90EKoIVjGnvYRMWuzU8=
99,116,eySdDa7IvyUR88Ay6Oh4u1CEv34=,g1Srokqn90EKoIVjGnvYRMWuzU8=
106,116,eySdDa7IvyUR88Ay6Oh4u1CEv34=,g1Srokqn90EKoIVjGnvYRMWuzU8=
99,117,eySdDa7IvyUR88Ay6Oh4u1CEv34=,g1Srokqn90EKoIVjGnvYRMWuzU8=
97,116,eySdDa7IvyUR88Ay6Oh4u1CEv34=,g1Srokqn90EKoIVjGnvYRMWuzU8=
102,118,eySdDa7IvyUR88Ay6Oh4u1CEv34=,g1Srokqn90EKoIVjGnvYRMWuzU8=
96,118,eySdDa7IvyUR88Ay6Oh4u1CEv34=,g1Srokqn90EKoIVjGnvYRMWuzU8=
96,113,eySdDa7IvyUR88Ay6Oh4u1CEv34=,g1Srokqn90EKoIVjGnvYRMWuzU8=
97,113,eySdDa7IvyUR88Ay6Oh4u1CEv34=,g1Srokqn90EKoIVjGnvYRMWuzU8=
104,117,eySdDa7IvyUR88Ay6Oh4u1CEv34=,g1Srokqn90EKoIVjGnvYRMWuzU8=
110,115,eySdDa7IvyUR88Ay6Oh4u1CEv34=,g1Srokqn90EKoIVjGnvYRMWuzU8=
100,116,eySdDa7IvyUR88Ay6Oh4u1CEv34=,g1Srokqn90EKoIVjGnvYRMWuzU8=
101,118,eySdDa7IvyUR88Ay6Oh4u1CEv34=,g1Srokqn90EKoIVjGnvYRMWuzU8=
100,112,eySdDa7IvyUR88Ay6Oh4u1CEv34=,g1Srokqn90EKoIVjGnvYRMWuzU8=
107,115,eySdDa7IvyUR88Ay6Oh4u1CEv34=,g1Srokqn90EKoIVjGnvYRMWuzU8=
106,115,eySdDa7IvyUR88Ay6Oh4u1CEv34=,g1Srokqn90EKoIVjGnvYRMWuzU8=
101,117,eySdDa7IvyUR88Ay6Oh4u1CEv34=,g1Srokqn90EKoIVjGnvYRMWuzU8=
104,115,eySdDa7IvyUR88Ay6Oh4u1CEv34=,g1Srokqn90EKoIVjGnvYRMWuzU8=
103,115,eySdDa7IvyUR88Ay6Oh4u1CEv34=,g1Srokqn90EKoIVjGnvYRMWuzU8=
102,115,eySdDa7IvyUR88Ay6Oh4u1CEv34=,g1Srokqn90EKoIVjGnvYRMWuzU8=
98,116,eySdDa7IvyUR88Ay6Oh4u1CEv34=,g1Srokqn90EKoIVjGnvYRMWuzU8=
103,116,eySdDa7IvyUR88Ay6Oh4u1CEv34=,g1Srokqn90EKoIVjGnvYRMWuzU8=
99,112,eySdDa7IvyUR88Ay6Oh4u1CEv34=,g1Srokqn90EKoIVjGnvYRMWuzU8=
108,115,eySdDa7IvyUR88Ay6Oh4u1CEv34=,g1Srokqn90EKoIVjGnvYRMWuzU8=
105,115,eySdDa7IvyUR88Ay6Oh4u1CEv34=,g1Srokqn90EKoIVjGnvYRMWuzU8=
100,115,eySdDa7IvyUR88Ay6Oh4u1CEv34=,g1Srokqn90EKoIVjGnvYRMWuzU8=
96,115,eySdDa7IvyUR88Ay6Oh4u1CEv34=,g1Srokqn90EKoIVjGnvYRMWuzU8=
101,115,eySdDa7IvyUR88Ay6Oh4u1CEv34=,g1Srokqn90EKoIVjGnvYRMWuzU8=
111,116,eySdDa7IvyUR88Ay6Oh4u1CEv34=,g1Srokqn90EKoIVjGnvYRMWuzU8=
99,115,eySdDa7IvyUR88Ay6Oh4u1CEv34=,g1Srokqn90EKoIVjGnvYRMWuzU8=
98,113,eySdDa7IvyUR88Ay6Oh4u1CEv34=,g1Srokqn90EKoIVjGnvYRMWuzU8=
111,115,eySdDa7IvyUR88Ay6Oh4u1CEv34=,g1Srokqn90EKoIVjGnvYRMWuzU8=
98,115,eySdDa7IvyUR88Ay6Oh4u1CEv34=,g1Srokqn90EKoIVjGnvYRMWuzU8=
99,113,eySdDa7IvyUR88Ay6Oh4u1CEv34=,g1Srokqn90EKoIVjGnvYRMWuzU8=
109,115,eySdDa7IvyUR88Ay6Oh4u1CEv34=,g1Srokqn90EKoIVjGnvYRMWuzU8=
106,114,eySdDa7IvyUR88Ay6Oh4u1CEv34=,g1Srokqn90EKoIVjGnvYRMWuzU8=
97,115,eySdDa7IvyUR88Ay6Oh4u1CEv34=,g1Srokqn90EKoIVjGnvYRMWuzU8=
105,114,eySdDa7IvyUR88Ay6Oh4u1CEv34=,g1Srokqn90EKoIVjGnvYRMWuzU8=
96,116,eySdDa7IvyUR88Ay6Oh4u1CEv34=,g1Srokqn90EKoIVjGnvYRMWuzU8=
100,113,eySdDa7IvyUR88Ay6Oh4u1CEv34=,g1Srokqn90EKoIVjGnvYRMWuzU8=
98,112,eySdDa7IvyUR88Ay6Oh4u1CEv34=,g1Srokqn90EKoIVjGnvYRMWuzU8=
107,114,eySdDa7IvyUR88Ay6Oh4u1CEv34=,g1Srokqn90EKoIVjGnvYRMWuzU8=
104,114,eySdDa7IvyUR88Ay6Oh4u1CEv34=,g1Srokqn90EKoIVjGnvYRMWuzU8=
101,114,eySdDa7IvyUR88Ay6Oh4u1CEv34=,g1Srokqn90EKoIVjGnvYRMWuzU8=
97,114,eySdDa7IvyUR88Ay6Oh4u1CEv34=,g1Srokqn90EKoIVjGnvYRMWuzU8=
108,114,eySdDa7IvyUR88Ay6Oh4u1CEv34=,g1Srokqn90EKoIVjGnvYRMWuzU8=
110,114,eySdDa7IvyUR88Ay6Oh4u1CEv34=,g1Srokqn90EKoIVjGnvYRMWuzU8=
102,114,eySdDa7IvyUR88Ay6Oh4u1CEv34=,g1Srokqn90EKoIVjGnvYRMWuzU8=
100,114,eySdDa7IvyUR88Ay6Oh4u1CEv34=,g1Srokqn90EKoIVjGnvYRMWuzU8=
111,114,eySdDa7IvyUR88Ay6Oh4u1CEv34=,g1Srokqn90EKoIVjGnvYRMWuzU8=
109,114,eySdDa7IvyUR88Ay6Oh4u1CEv34=,g1Srokqn90EKoIVjGnvYRMWuzU8=
103,114,eySdDa7IvyUR88Ay6Oh4u1CEv34=,g1Srokqn90EKoIVjGnvYRMWuzU8=
99,114,eySdDa7IvyUR88Ay6Oh4u1CEv34=,g1Srokqn90EKoIVjGnvYRMWuzU8=
101,113,eySdDa7IvyUR88Ay6Oh4u1CEv34=,g1Srokqn90EKoIVjGnvYRMWuzU8=
98,114,eySdDa7IvyUR88Ay6Oh4u1CEv34=,g1Srokqn90EKoIVjGnvYRMWuzU8=
102,113,eySdDa7IvyUR88Ay6Oh4u1CEv34=,g1Srokqn90EKoIVjGnvYRMWuzU8=
106,113,eySdDa7IvyUR88Ay6Oh4u1CEv34=,g1Srokqn90EKoIVjGnvYRMWuzU8=
107,113,eySdDa7IvyUR88Ay6Oh4u1CEv34=,g1Srokqn90EKoIVjGnvYRMWuzU8=
108,113,eySdDa7IvyUR88Ay6Oh4u1CEv34=,g1Srokqn90EKoIVjGnvYRMWuzU8=
105,113,eySdDa7IvyUR88Ay6Oh4u1CEv34=,g1Srokqn90EKoIVjGnvYRMWuzU8=
96,114,eySdDa7IvyUR88Ay6Oh4u1CEv34=,g1Srokqn90EKoIVjGnvYRMWuzU8=
111,113,eySdDa7IvyUR88Ay6Oh4u1CEv34=,g1Srokqn90EKoIVjGnvYRMWuzU8=
110,113,eySdDa7IvyUR88Ay6Oh4u1CEv34=,g1Srokqn90EKoIVjGnvYRMWuzU8=
97,112,eySdDa7IvyUR88Ay6Oh4u1CEv34=,g1Srokqn90EKoIVjGnvYRMWuzU8=
109,113,eySdDa7IvyUR88Ay6Oh4u1CEv34=,g1Srokqn90EKoIVjGnvYRMWuzU8=
104,113,eySdDa7IvyUR88Ay6Oh4u1CEv34=,g1Srokqn90EKoIVjGnvYRMWuzU8=
103,113,eySdDa7IvyUR88Ay6Oh4u1CEv34=,g1Srokqn90EKoIVjGnvYRMWuzU8=
127,127,eySdDa7IvyUR88Ay6Oh4u1CEv34=,g1Srokqn90EKoIVjGnvYRMWuzU8=
126,127,eySdDa7IvyUR88Ay6Oh4u1CEv34=,g1Srokqn90EKoIVjGnvYRMWuzU8=
127,112,eySdDa7IvyUR88Ay6Oh4u1CEv34=,g1Srokqn90EKoIVjGnvYRMWuzU8=
126,112,eySdDa7IvyUR88Ay6Oh4u1CEv34=,g1Srokqn90EKoIVjGnvYRMWuzU8=
123,112,eySdDa7IvyUR88Ay6Oh4u1CEv34=,g1Srokqn90EKoIVjGnvYRMWuzU8=
122,112,eySdDa7IvyUR88Ay6Oh4u1CEv34=,g1Srokqn90EKoIVjGnvYRMWuzU8=
125,112,eySdDa7IvyUR88Ay6Oh4u1CEv34=,g1Srokqn90EKoIVjGnvYRMWuzU8=
120,112,eySdDa7IvyUR88Ay6Oh4u1CEv34=,g1Srokqn90EKoIVjGnvYRMWuzU8=
124,112,eySdDa7IvyUR88Ay6Oh4u1CEv34=,g1Srokqn90EKoIVjGnvYRMWuzU8=
117,112,eySdDa7IvyUR88Ay6Oh4u1CEv34=,g1Srokqn90EKoIVjGnvYRMWuzU8=
125,127,eySdDa7IvyUR88Ay6Oh4u1CEv34=,g1Srokqn90EKoIVjGnvYRMWuzU8=
114,112,eySdDa7IvyUR88Ay6Oh4u1CEv34=,g1Srokqn90EKoIVjGnvYRMWuzU8=
116,112,eySdDa7IvyUR88Ay6Oh4u1CEv34=,g1Srokqn90EKoIVjGnvYRMWuzU8=
124,127,eySdDa7IvyUR88Ay6Oh4u1CEv34=,g1Srokqn90EKoIVjGnvYRMWuzU8=
121,127,eySdDa7IvyUR88Ay6Oh4u1CEv34=,g1Srokqn90EKoIVjGnvYRMWuzU8=
122,127,eySdDa7IvyUR88Ay6Oh4u1CEv34=,g1Srokqn90EKoIVjGnvYRMWuzU8=
123,127,eySdDa7IvyUR88Ay6Oh4u1CEv34=,g1Srokqn90EKoIVjGnvYRMWuzU8=
119,127,eySdDa7IvyUR88Ay6Oh4u1CEv34=,g1Srokqn90EKoIVjGnvYRMWuzU8=
118,112,eySdDa7IvyUR88Ay6Oh4u1CEv34=,g1Srokqn90EKoIVjGnvYRMWuzU8=
117,127,eySdDa7IvyUR88Ay6Oh4u1CEv34=,g1Srokqn90EKoIVjGnvYRMWuzU8=
115,127,eySdDa7IvyUR88Ay6Oh4u1CEv34=,g1Srokqn90EKoIVjGnvYRMWuzU8=
116,127,eySdDa7IvyUR88Ay6Oh4u1CEv34=,g1Srokqn90EKoIVjGnvYRMWuzU8=
114,127,eySdDa7IvyUR88Ay6Oh4u1CEv34=,g1Srokqn90EKoIVjGnvYRMWuzU8=
113,127,eySdDa7IvyUR88Ay6Oh4u1CEv34=,g1Srokqn90EKoIVjGnvYRMWuzU8=
112,127,eySdDa7IvyUR88Ay6Oh4u1CEv34=,g1Srokqn90EKoIVjGnvYRMWuzU8=
127,126,eySdDa7IvyUR88Ay6Oh4u1CEv34=,g1Srokqn90EKoIVjGnvYRMWuzU8=
126,126,eySdDa7IvyUR88Ay6Oh4u1CEv34=,g1Srokqn90EKoIVjGnvYRMWuzU8=
115,112,eySdDa7IvyUR88Ay6Oh4u1CEv34=,g1Srokqn90EKoIVjGnvYRMWuzU8=
125,126,eySdDa7IvyUR88Ay6Oh4u1CEv34=,g1Srokqn90EKoIVjGnvYRMWuzU8=
124,126,eySdDa7IvyUR88Ay6Oh4u1CEv34=,g1Srokqn90EKoIVjGnvYRMWuzU8=
122,126,eySdDa7IvyUR88Ay6Oh4u1CEv34=,g1Srokqn90EKoIVjGnvYRMWuzU8=
123,126,eySdDa7IvyUR88Ay6Oh4u1CEv34=,g1Srokqn90EKoIVjGnvYRMWuzU8=
120,126,eySdDa7IvyUR88Ay6Oh4u1CEv34=,g1Srokqn90EKoIVjGnvYRMWuzU8=
121,126,eySdDa7IvyUR88Ay6Oh4u1CEv34=,g1Srokqn90EKoIVjGnvYRMWuzU8=
117,126,eySdDa7IvyUR88Ay6Oh4u1CEv34=,g1Srokqn90EKoIVjGnvYRMWuzU8=
119,126,eySdDa7IvyUR88Ay6Oh4u1CEv34=,g1Srokqn90EKoIVjGnvYRMWuzU8=
119,112,eySdDa7IvyUR88Ay6Oh4u1CEv34=,g1Srokqn90EKoIVjGnvYRMWuzU8=
116,126,eySdDa7IvyUR88Ay6Oh4u1CEv34=,g1Srokqn90EKoIVjGnvYRMWuzU8=
112,126,eySdDa7IvyUR88Ay6Oh4u1CEv34=,g1Srokqn90EKoIVjGnvYRMWuzU8=
127,125,eySdDa7IvyUR88Ay6Oh4u1CEv34=,g1Srokqn90EKoIVjGnvYRMWuzU8=
126,125,eySdDa7IvyUR88Ay6Oh4u1CEv34=,g1Srokqn90EKoIVjGnvYRMWuzU8=
125,125,eySdDa7IvyUR88Ay6Oh4u1CEv34=,g1Srokqn90EKoIVjGnvYRMWuzU8=
124,125,eySdDa7IvyUR88Ay6Oh4u1CEv34=,g1Srokqn90EKoIVjGnvYRMWuzU8=
123,125,eySdDa7IvyUR88Ay6Oh4u1CEv34=,g1Srokqn90EKoIVjGnvYRMWuzU8=
122,125,eySdDa7IvyUR88Ay6Oh4u1CEv34=,g1Srokqn90EKoIVjGnvYRMWuzU8=
121,125,eySdDa7IvyUR88Ay6Oh4u1CEv34=,g1Srokqn90EKoIVjGnvYRMWuzU8=
120,125,eySdDa7IvyUR88Ay6Oh4u1CEv34=,g1Srokqn90EKoIVjGnvYRMWuzU8=
119,125,eySdDa7IvyUR88Ay6Oh4u1CEv34=,g1Srokqn90EKoIVjGnvYRMWuzU8=
118,125,eySdDa7IvyUR88Ay6Oh4u1CEv34=,g1Srokqn90EKoIVjGnvYRMWuzU8=
117,125,eySdDa7IvyUR88Ay6Oh4u1CEv34=,g1Srokqn90EKoIVjGnvYRMWuzU8=
121,112,eySdDa7IvyUR88Ay6Oh4u1CEv34=,g1Srokqn90EKoIVjGnvYRMWuzU8=
120,127,eySdDa7IvyUR88Ay6Oh4u1CEv34=,g1Srokqn90EKoIVjGnvYRMWuzU8=
116,125,eySdDa7IvyUR88Ay6Oh4u1CEv34=,g1Srokqn90EKoIVjGnvYRMWuzU8=
114,126,eySdDa7IvyUR88Ay6Oh4u1CEv34=,g1Srokqn90EKoIVjGnvYRMWuzU8=
112,125,eySdDa7IvyUR88Ay6Oh4u1CEv34=,g1Srokqn90EKoIVjGnvYRMWuzU8=
127,124,eySdDa7IvyUR88Ay6Oh4u1CEv34=,g1Srokqn90EKoIVjGnvYRMWuzU8=
126,124,eySdDa7IvyUR88Ay6Oh4u1CEv34=,g1Srokqn90EKoIVjGnvYRMWuzU8=
125,124,eySdDa7IvyUR88Ay6Oh4u1CEv34=,g1Srokqn90EKoIVjGnvYRMWuzU8=
124,124,eySdDa7IvyUR88Ay6Oh4u1CEv34=,g1Srokqn90EKoIVjGnvYRMWuzU8=
123,124,eySdDa7IvyUR88Ay6Oh4u1CEv34=,g1Srokqn90EKoIVjGnvYRMWuzU8=
122,124,eySdDa7IvyUR88Ay6Oh4u1CEv34=,g1Srokqn90EKoIVjGnvYRMWuzU8=
121,124,eySdDa7IvyUR88Ay6Oh4u1CEv34=,g1Srokqn90EKoIVjGnvYRMWuzU8=
120,124,eySdDa7IvyUR88Ay6Oh4u1CEv34=,g1Srokqn90EKoIVjGnvYRMWuzU8=
114,125,eySdDa7IvyUR88Ay6Oh4u1CEv34=,g1Srokqn90EKoIVjGnvYRMWuzU8=
119,124,eySdDa7IvyUR88Ay6Oh4u1CEv34=,g1Srokqn90EKoIVjGnvYRMWuzU8=
118,124,eySdDa7IvyUR88Ay6Oh4u1CEv34=,g1Srokqn90EKoIVjGnvYRMWuzU8=
117,124,eySdDa7IvyUR88Ay6Oh4u1CEv34=,g1Srokqn90EKoIVjGnvYRMWuzU8=
113,112,eySdDa7IvyUR88Ay6Oh4u1CEv34=,g1Srokqn90EKoIVjGnvYRMWuzU8=
118,127,eySdDa7IvyUR88Ay6Oh4u1CEv34=,g1Srokqn90EKoIVjGnvYRMWuzU8=
115,126,eySdDa7IvyUR88Ay6Oh4u1CEv34=,g1Srokqn90EKoIVjGnvYRMWuzU8=
112,124,eySdDa7IvyUR88Ay6Oh4u1CEv34=,g1Srokqn90EKoIVjGnvYRMWuzU8=
127,123,eySdDa7IvyUR88Ay6Oh4u1CEv34=,g1Srokqn90EKoIVjGnvYRMWuzU8=
126,123,eySdDa7IvyUR88Ay6Oh4u1CEv34=,g1Srokqn90EKoIVjGnvYRMWuzU8=
125,123,eySdDa7IvyUR88Ay6Oh4u1CEv34=,g1Srokqn90EKoIVjGnvYRMWuzU8=
124,123,eySdDa7IvyUR88Ay6Oh4u1CEv34=,g1Srokqn90EKoIVjGnvYRMWuzU8=
123,123,eySdDa7IvyUR88Ay6Oh4u1CEv34=,g1Srokqn90EKoIVjGnvYRMWuzU8=
122,123,eySdDa7IvyUR88Ay6Oh4u1CEv34=,g1Srokqn90EKoIVjGnvYRMWuzU8=
121,123,eySdDa7IvyUR88Ay6Oh4u1CEv34=,g1Srokqn90EKoIVjGnvYRMWuzU8=
120,123,eySdDa7IvyUR88Ay6Oh4u1CEv34=,g1Srokqn90EKoIVjGnvYRMWuzU8=
119,123,eySdDa7IvyUR88Ay6Oh4u1CEv34=,g1Srokqn90EKoIVjGnvYRMWuzU8=
118,123,eySdDa7IvyUR88Ay6Oh4u1CEv34=,g1Srokqn90EKoIVjGnvYRMWuzU8=
115,125,eySdDa7IvyUR88Ay6Oh4u1CEv34=,g1Srokqn90EKoIVjGnvYRMWuzU8=
114,124,eySdDa7IvyUR88Ay6Oh4u1CEv34=,g1Srokqn90EKoIVjGnvYRMWuzU8=
115,123,eySdDa7IvyUR88Ay6Oh4u1CEv34=,g1Srokqn90EKoIVjGnvYRMWuzU8=
113,126,eySdDa7IvyUR88Ay6Oh4u1CEv34=,g1Srokqn90EKoIVjGnvYRMWuzU8=
115,124,eySdDa7IvyUR88Ay6Oh4u1CEv34=,g1Srokqn90EKoIVjGnvYRMWuzU8=
112,113,eySdDa7IvyUR88Ay6Oh4u1CEv34=,g1Srokqn90EKoIVjGnvYRMWuzU8=
112,123,eySdDa7IvyUR88Ay6Oh4u1CEv34=,g1Srokqn90EKoIVjGnvYRMWuzU8=
127,122,eySdDa7IvyUR88Ay6Oh4u1CEv34=,g1Srokqn90EKoIVjGnvYRMWuzU8=
126,122,eySdDa7IvyUR88Ay6Oh4u1CEv34=,g1Srokqn90EKoIVjGnvYRMWuzU8=
125,122,eySdDa7IvyUR88Ay6Oh4u1CEv34=,g1Srokqn90EKoIVjGnvYRMWuzU8=
124,122,eySdDa7IvyUR88Ay6Oh4u1CEv34=,g1Srokqn90EKoIVjGnvYRMWuzU8=
123,122,eySdDa7IvyUR88Ay6Oh4u1CEv34=,g1Srokqn90EKoIVjGnvYRMWuzU8=
122,122,eySdDa7IvyUR88Ay6Oh4u1CEv34=,g1Srokqn90EKoIVjGnvYRMWuzU8=
121,122,eySdDa7IvyUR88Ay6Oh4u1CEv34=,g1Srokqn90EKoIVjGnvYRMWuzU8=
120,122,eySdDa7IvyUR88Ay6Oh4u1CEv34=,g1Srokqn90EKoIVjGnvYRMWuzU8=
119,122,eySdDa7IvyUR88Ay6Oh4u1CEv34=,g1Srokqn90EKoIVjGnvYRMWuzU8=
118,122,eySdDa7IvyUR88Ay6Oh4u1CEv34=,g1Srokqn90EKoIVjGnvYRMWuzU8=
117,122,eySdDa7IvyUR88Ay6Oh4u1CEv34=,g1Srokqn90EKoIVjGnvYRMWuzU8=
116,122,eySdDa7IvyUR88Ay6Oh4u1CEv34=,g1Srokqn90EKoIVjGnvYRMWuzU8=
113,123,eySdDa7IvyUR88Ay6Oh4u1CEv34=,g1Srokqn90EKoIVjGnvYRMWuzU8=
114,122,eySdDa7IvyUR88Ay6Oh4u1CEv34=,g1Srokqn90EKoIVjGnvYRMWuzU8=
113,122,eySdDa7IvyUR88Ay6Oh4u1CEv34=,g1Srokqn90EKoIVjGnvYRMWuzU8=
112,122,eySdDa7IvyUR88Ay6Oh4u1CEv34=,g1Srokqn90EKoIVjGnvYRMWuzU8=
127,121,eySdDa7IvyUR88Ay6Oh4u1CEv34=,g1Srokqn90EKoIVjGnvYRMWuzU8=
126,121,eySdDa7IvyUR88Ay6Oh4u1CEv34=,g1Srokqn90EKoIVjGnvYRMWuzU8=
125,121,eySdDa7IvyUR88Ay6Oh4u1CEv34=,g1Srokqn90EKoIVjGnvYRMWuzU8=
124,121,eySdDa7IvyUR88Ay6Oh4u1CEv34=,g1Srokqn90EKoIVjGnvYRMWuzU8=
123,121,eySdDa7IvyUR88Ay6Oh4u1CEv34=,g1Srokqn90EKoIVjGnvYRMWuzU8=
122,121,eySdDa7IvyUR88Ay6Oh4u1CEv34=,g1Srokqn90EKoIVjGnvYRMWuzU8=
113,125,eySdDa7IvyUR88Ay6Oh4u1CEv34=,g1Srokqn90EKoIVjGnvYRMWuzU8=
112,112,eySdDa7IvyUR88Ay6Oh4u1CEv34=,g1Srokqn90EKoIVjGnvYRMWuzU8=
121,121,eySdDa7IvyUR88Ay6Oh4u1CEv34=,g1Srokqn90EKoIVjGnvYRMWuzU8=
120,121,eySdDa7IvyUR88Ay6Oh4u1CEv34=,g1Srokqn90EKoIVjGnvYRMWuzU8=
119,121,eySdDa7IvyUR88Ay6Oh4u1CEv34=,g1Srokqn90EKoIVjGnvYRMWuzU8=
118,121,eySdDa7IvyUR88Ay6Oh4u1CEv34=,g1Srokqn90EKoIVjGnvYRMWuzU8=
116,121,eySdDa7IvyUR88Ay6Oh4u1CEv34=,g1Srokqn90EKoIVjGnvYRMWuzU8=
114,123,eySdDa7IvyUR88Ay6Oh4u1CEv34=,g1Srokqn90EKoIVjGnvYRMWuzU8=
115,121,eySdDa7IvyUR88Ay6Oh4u1CEv34=,g1Srokqn90EKoIVjGnvYRMWuzU8=
114,121,eySdDa7IvyUR88Ay6Oh4u1CEv34=,g1Srokqn90EKoIVjGnvYRMWuzU8=
113,121,eySdDa7IvyUR88Ay6Oh4u1CEv34=,g1Srokqn90EKoIVjGnvYRMWuzU8=
112,121,eySdDa7IvyUR88Ay6Oh4u1CEv34=,g1Srokqn90EKoIVjGnvYRMWuzU8=
127,120,eySdDa7IvyUR88Ay6Oh4u1CEv34=,g1Srokqn90EKoIVjGnvYRMWuzU8=
126,120,eySdDa7IvyUR88Ay6Oh4u1CEv34=,g1Srokqn90EKoIVjGnvYRMWuzU8=
125,120,eySdDa7IvyUR88Ay6Oh4u1CEv34=,g1Srokqn90EKoIVjGnvYRMWuzU8=
124,120,eySdDa7IvyUR88Ay6Oh4u1CEv34=,g1Srokqn90EKoIVjGnvYRMWuzU8=
122,120,eySdDa7IvyUR88Ay6Oh4u1CEv34=,g1Srokqn90EKoIVjGnvYRMWuzU8=
123,120,eySdDa7IvyUR88Ay6Oh4u1CEv34=,g1Srokqn90EKoIVjGnvYRMWuzU8=
121,120,eySdDa7IvyUR88Ay6Oh4u1CEv34=,g1Srokqn90EKoIVjGnvYRMWuzU8=
120,120,eySdDa7IvyUR88Ay6Oh4u1CEv34=,g1Srokqn90EKoIVjGnvYRMWuzU8=
119,120,eySdDa7IvyUR88Ay6Oh4u1CEv34=,g1Srokqn90EKoIVjGnvYRMWuzU8=
118,120,eySdDa7IvyUR88Ay6Oh4u1CEv34=,g1Srokqn90EKoIVjGnvYRMWuzU8=
117,120,eySdDa7IvyUR88Ay6Oh4u1CEv34=,g1Srokqn90EKoIVjGnvYRMWuzU8=
116,120,eySdDa7IvyUR88Ay6Oh4u1CEv34=,g1Srokqn90EKoIVjGnvYRMWuzU8=
113,124,eySdDa7IvyUR88Ay6Oh4u1CEv34=,g1Srokqn90EKoIVjGnvYRMWuzU8=
112,120,eySdDa7IvyUR88Ay6Oh4u1CEv34=,g1Srokqn90EKoIVjGnvYRMWuzU8=
127,119,eySdDa7IvyUR88Ay6Oh4u1CEv34=,g1Srokqn90EKoIVjGnvYRMWuzU8=
126,119,eySdDa7IvyUR88Ay6Oh4u1CEv34=,g1Srokqn90EKoIVjGnvYRMWuzU8=
125,119,eySdDa7IvyUR88Ay6Oh4u1CEv34=,g1Srokqn90EKoIVjGnvYRMWuzU8=
124,119,eySdDa7IvyUR88Ay6Oh4u1CEv34=,g1Srokqn90EKoIVjGnvYRMWuzU8=
123,119,eySdDa7IvyUR88Ay6Oh4u1CEv34=,g1Srokqn90EKoIVjGnvYRMWuzU8=
122,119,eySdDa7IvyUR88Ay6Oh4u1CEv34=,g1Srokqn90EKoIVjGnvYRMWuzU8=
121,119,eySdDa7IvyUR88Ay6Oh4u1CEv34=,g1Srokqn90EKoIVjGnvYRMWuzU8=
120,119,eySdDa7IvyUR88Ay6Oh4u1CEv34=,g1Srokqn90EKoIVjGnvYRMWuzU8=
119,119,eySdDa7IvyUR88Ay6Oh4u1CEv34=,g1Srokqn90EKoIVjGnvYRMWuzU8=
118,119,eySdDa7IvyUR88Ay6Oh4u1CEv34=,g1Srokqn90EKoIVjGnvYRMWuzU8=
117,119,eySdDa7IvyUR88Ay6Oh4u1CEv34=,g1Srokqn90EKoIVjGnvYRMWuzU8=
116,119,eySdDa7IvyUR88Ay6Oh4u1CEv34=,g1Srokqn90EKoIVjGnvYRMWuzU8=
118,126,eySdDa7IvyUR88Ay6Oh4u1CEv34=,g1Srokqn90EKoIVjGnvYRMWuzU8=
116,124,eySdDa7IvyUR88Ay6Oh4u1CEv34=,g1Srokqn90EKoIVjGnvYRMWuzU8=
112,119,eySdDa7IvyUR88Ay6Oh4u1CEv34=,g1Srokqn90EKoIVjGnvYRMWuzU8=
127,118,eySdDa7IvyUR88Ay6Oh4u1CEv34=,g1Srokqn90EKoIVjGnvYRMWuzU8=
113,113,eySdDa7IvyUR88Ay6Oh4u1CEv34=,g1Srokqn90EKoIVjGnvYRMWuzU8=
126,118,eySdDa7IvyUR88Ay6Oh4u1CEv34=,g1Srokqn90EKoIVjGnvYRMWuzU8=
125,118,eySdDa7IvyUR88Ay6Oh4u1CEv34=,g1Srokqn90EKoIVjGnvYRMWuzU8=
124,118,eySdDa7IvyUR88Ay6Oh4u1CEv34=,g1Srokqn90EKoIVjGnvYRMWuzU8=
123,118,eySdDa7IvyUR88Ay6Oh4u1CEv34=,g1Srokqn90EKoIVjGnvYRMWuzU8=
122,118,eySdDa7IvyUR88Ay6Oh4u1CEv34=,g1Srokqn90EKoIVjGnvYRMWuzU8=
121,118,eySdDa7IvyUR88Ay6Oh4u1CEv34=,g1Srokqn90EKoIVjGnvYRMWuzU8=
119,118,eySdDa7IvyUR88Ay6Oh4u1CEv34=,g1Srokqn90EKoIVjGnvYRMWuzU8=
118,118,eySdDa7IvyUR88Ay6Oh4u1CEv34=,g1Srokqn90EKoIVjGnvYRMWuzU8=
113,120,eySdDa7IvyUR88Ay6Oh4u1CEv34=,g1Srokqn90EKoIVjGnvYRMWuzU8=
117,118,eySdDa7IvyUR88Ay6Oh4u1CEv34=,g1Srokqn90EKoIVjGnvYRMWuzU8=
117,123,eySdDa7IvyUR88Ay6Oh4u1CEv34=,g1Srokqn90EKoIVjGnvYRMWuzU8=
115,118,eySdDa7IvyUR88Ay6Oh4u1CEv34=,g1Srokqn90EKoIVjGnvYRMWuzU8=
116,123,eySdDa7IvyUR88Ay6Oh4u1CEv34=,g1Srokqn90EKoIVjGnvYRMWuzU8=
120,118,eySdDa7IvyUR88Ay6Oh4u1CEv34=,g1Srokqn90EKoIVjGnvYRMWuzU8=
113,118,eySdDa7IvyUR88Ay6Oh4u1CEv34=,g1Srokqn90EKoIVjGnvYRMWuzU8=
112,118,eySdDa7IvyUR88Ay6Oh4u1CEv34=,g1Srokqn90EKoIVjGnvYRMWuzU8=
127,117,eySdDa7IvyUR88Ay6Oh4u1CEv34=,g1Srokqn90EKoIVjGnvYRMWuzU8=
126,117,eySdDa7IvyUR88Ay6Oh4u1CEv34=,g1Srokqn90EKoIVjGnvYRMWuzU8=
125,117,eySdDa7IvyUR88Ay6Oh4u1CEv34=,g1Srokqn90EKoIVjGnvYRMWuzU8=
124,117,eySdDa7IvyUR88Ay6Oh4u1CEv34=,g1Srokqn90EKoIVjGnvYRMWuzU8=
123,117,eySdDa7IvyUR88Ay6Oh4u1CEv34=,g1Srokqn90EKoIVjGnvYRMWuzU8=
122,117,eySdDa7IvyUR88Ay6Oh4u1CEv34=,g1Srokqn90EKoIVjGnvYRMWuzU8=
121,117,eySdDa7IvyUR88Ay6Oh4u1CEv34=,g1Srokqn90EKoIVjGnvYRMWuzU8=
120,117,eySdDa7IvyUR88Ay6Oh4u1CEv34=,g1Srokqn90EKoIVjGnvYRMWuzU8=
119,117,eySdDa7IvyUR88Ay6Oh4u1CEv34=,g1Srokqn90EKoIVjGnvYRMWuzU8=
114,113,eySdDa7IvyUR88Ay6Oh4u1CEv34=,g1Srokqn90EKoIVjGnvYRMWuzU8=
118,117,eySdDa7IvyUR88Ay6Oh4u1CEv34=,g1Srokqn90EKoIVjGnvYRMWuzU8=
117,117,eySdDa7IvyUR88Ay6Oh4u1CEv34=,g1Srokqn90EKoIVjGnvYRMWuzU8=
115,113,eySdDa7IvyUR88Ay6Oh4u1CEv34=,g1Srokqn90EKoIVjGnvYRMWuzU8=
116,113,eySdDa7IvyUR88Ay6Oh4u1CEv34=,g1Srokqn90EKoIVjGnvYRMWuzU8=
117,113,eySdDa7IvyUR88Ay6Oh4u1CEv34=,g1Srokqn90EKoIVjGnvYRMWuzU8=
118,113,eySdDa7IvyUR88Ay6Oh4u1CEv34=,g1Srokqn90EKoIVjGnvYRMWuzU8=
119,113,eySdDa7IvyUR88Ay6Oh4u1CEv34=,g1Srokqn90EKoIVjGnvYRMWuzU8=
120,113,eySdDa7IvyUR88Ay6Oh4u1CEv34=,g1Srokqn90EKoIVjGnvYRMWuzU8=
121,113,eySdDa7IvyUR88Ay6Oh4u1CEv34=,g1Srokqn90EKoIVjGnvYRMWuzU8=
122,113,eySdDa7IvyUR88Ay6Oh4u1CEv34=,g1Srokqn90EKoIVjGnvYRMWuzU8=
123,113,eySdDa7IvyUR88Ay6Oh4u1CEv34=,g1Srokqn90EKoIVjGnvYRMWuzU8=
124,113,eySdDa7IvyUR88Ay6Oh4u1CEv34=,g1Srokqn90EKoIVjGnvYRMWuzU8=
125,113,eySdDa7IvyUR88Ay6Oh4u1CEv34=,g1Srokqn90EKoIVjGnvYRMWuzU8=
126,113,eySdDa7IvyUR88Ay6Oh4u1CEv34=,g1Srokqn90EKoIVjGnvYRMWuzU8=
114,120,eySdDa7IvyUR88Ay6Oh4u1CEv34=,g1Srokqn90EKoIVjGnvYRMWuzU8=
127,113,eySdDa7IvyUR88Ay6Oh4u1CEv34=,g1Srokqn90EKoIVjGnvYRMWuzU8=
115,122,eySdDa7IvyUR88Ay6Oh4u1CEv34=,g1Srokqn90EKoIVjGnvYRMWuzU8=
115,120,eySdDa7IvyUR88Ay6Oh4u1CEv34=,g1Srokqn90EKoIVjGnvYRMWuzU8=
113,117,eySdDa7IvyUR88Ay6Oh4u1CEv34=,g1Srokqn90EKoIVjGnvYRMWuzU8=
112,117,eySdDa7IvyUR88Ay6Oh4u1CEv34=,g1Srokqn90EKoIVjGnvYRMWuzU8=
127,116,eySdDa7IvyUR88Ay6Oh4u1CEv34=,g1Srokqn90EKoIVjGnvYRMWuzU8=
126,116,eySdDa7IvyUR88Ay6Oh4u1CEv34=,g1Srokqn90EKoIVjGnvYRMWuzU8=
125,116,eySdDa7IvyUR88Ay6Oh4u1CEv34=,g1Srokqn90EKoIVjGnvYRMWuzU8=
124,116,eySdDa7IvyUR88Ay6Oh4u1CEv34=,g1Srokqn90EKoIVjGnvYRMWuzU8=
123,116,eySdDa7IvyUR88Ay6Oh4u1CEv34=,g1Srokqn90EKoIVjGnvYRMWuzU8=
122,116,eySdDa7IvyUR88Ay6Oh4u1CEv34=,g1Srokqn90EKoIVjGnvYRMWuzU8=
121,116,eySdDa7IvyUR88Ay6Oh4u1CEv34=,g1Srokqn90EKoIVjGnvYRMWuzU8=
120,116,eySdDa7IvyUR88Ay6Oh4u1CEv34=,g1Srokqn90EKoIVjGnvYRMWuzU8=
117,121,eySdDa7IvyUR88Ay6Oh4u1CEv34=,g1Srokqn90EKoIVjGnvYRMWuzU8=
115,119,eySdDa7IvyUR88Ay6Oh4u1CEv34=,g1Srokqn90EKoIVjGnvYRMWuzU8=
114,119,eySdDa7IvyUR88Ay6Oh4u1CEv34=,g1Srokqn90EKoIVjGnvYRMWuzU8=
113,119,eySdDa7IvyUR88Ay6Oh4u1CEv34=,g1Srokqn90EKoIVjGnvYRMWuzU8=
119,116,eySdDa7IvyUR88Ay6Oh4u1CEv34=,g1Srokqn90EKoIVjGnvYRMWuzU8=
114,118,eySdDa7IvyUR88Ay6Oh4u1CEv34=,g1Srokqn90EKoIVjGnvYRMWuzU8=
116,118,eySdDa7IvyUR88Ay6Oh4u1CEv34=,g1Srokqn90EKoIVjGnvYRMWuzU8=
112,114,eySdDa7IvyUR88Ay6Oh4u1CEv34=,g1Srokqn90EKoIVjGnvYRMWuzU8=
116,117,eySdDa7IvyUR88Ay6Oh4u1CEv34=,g1Srokqn90EKoIVjGnvYRMWuzU8=
127,115,eySdDa7IvyUR88Ay6Oh4u1CEv34=,g1Srokqn90EKoIVjGnvYRMWuzU8=
126,115,eySdDa7IvyUR88Ay6Oh4u1CEv34=,g1Srokqn90EKoIVjGnvYRMWuzU8=
125,115,eySdDa7IvyUR88Ay6Oh4u1CEv34=,g1Srokqn90EKoIVjGnvYRMWuzU8=
124,115,eySdDa7IvyUR88Ay6Oh4u1CEv34=,g1Srokqn90EKoIVjGnvYRMWuzU8=
123,115,eySdDa7IvyUR88Ay6Oh4u1CEv34=,g1Srokqn90EKoIVjGnvYRMWuzU8=
122,115,eySdDa7IvyUR88Ay6Oh4u1CEv34=,g1Srokqn90EKoIVjGnvYRMWuzU8=
121,115,eySdDa7IvyUR88Ay6Oh4u1CEv34=,g1Srokqn90EKoIVjGnvYRMWuzU8=
114,116,eySdDa7IvyUR88Ay6Oh4u1CEv34=,g1Srokqn90EKoIVjGnvYRMWuzU8=
119,115,eySdDa7IvyUR88Ay6Oh4u1CEv34=,g1Srokqn90EKoIVjGnvYRMWuzU8=
115,117,eySdDa7IvyUR88Ay6Oh4u1CEv34=,g1Srokqn90EKoIVjGnvYRMWuzU8=
117,115,eySdDa7IvyUR88Ay6Oh4u1CEv34=,g1Srokqn90EKoIVjGnvYRMWuzU8=
115,115,eySdDa7IvyUR88Ay6Oh4u1CEv34=,g1Srokqn90EKoIVjGnvYRMWuzU8=
115,116,eySdDa7IvyUR88Ay6Oh4u1CEv34=,g1Srokqn90EKoIVjGnvYRMWuzU8=
117,116,eySdDa7IvyUR88Ay6Oh4u1CEv34=,g1Srokqn90EKoIVjGnvYRMWuzU8=
114,117,eySdDa7IvyUR88Ay6Oh4u1CEv34=,g1Srokqn90EKoIVjGnvYRMWuzU8=
112,115,eySdDa7IvyUR88Ay6Oh4u1CEv34=,g1Srokqn90EKoIVjGnvYRMWuzU8=
127,114,eySdDa7IvyUR88Ay6Oh4u1CEv34=,g1Srokqn90EKoIVjGnvYRMWuzU8=
125,114,eySdDa7IvyUR88Ay6Oh4u1CEv34=,g1Srokqn90EKoIVjGnvYRMWuzU8=
126,114,eySdDa7IvyUR88Ay6Oh4u1CEv34=,g1Srokqn90EKoIVjGnvYRMWuzU8=
124,114,eySdDa7IvyUR88Ay6Oh4u1CEv34=,g1Srokqn90EKoIVjGnvYRMWuzU8=
123,114,eySdDa7IvyUR88Ay6Oh4u1CEv34=,g1Srokqn90EKoIVjGnvYRMWuzU8=
122,114,eySdDa7IvyUR88Ay6Oh4u1CEv34=,g1Srokqn90EKoIVjGnvYRMWuzU8=
121,114,eySdDa7IvyUR88Ay6Oh4u1CEv34=,g1Srokqn90EKoIVjGnvYRMWuzU8=
120,114,eySdDa7IvyUR88Ay6Oh4u1CEv34=,g1Srokqn90EKoIVjGnvYRMWuzU8=
119,114,eySdDa7IvyUR88Ay6Oh4u1CEv34=,g1Srokqn90EKoIVjGnvYRMWuzU8=
116,116,eySdDa7IvyUR88Ay6Oh4u1CEv34=,g1Srokqn90EKoIVjGnvYRMWuzU8=
120,115,eySdDa7IvyUR88Ay6Oh4u1CEv34=,g1Srokqn90EKoIVjGnvYRMWuzU8=
114,115,eySdDa7IvyUR88Ay6Oh4u1CEv34=,g1Srokqn90EKoIVjGnvYRMWuzU8=
115,114,eySdDa7IvyUR88Ay6Oh4u1CEv34=,g1Srokqn90EKoIVjGnvYRMWuzU8=
114,114,eySdDa7IvyUR88Ay6Oh4u1CEv34=,g1Srokqn90EKoIVjGnvYRMWuzU8=
116,114,eySdDa7IvyUR88Ay6Oh4u1CEv34=,g1Srokqn90EKoIVjGnvYRMWuzU8=
117,114,eySdDa7IvyUR88Ay6Oh4u1CEv34=,g1Srokqn90EKoIVjGnvYRMWuzU8=
118,116,eySdDa7IvyUR88Ay6Oh4u1CEv34=,g1Srokqn90EKoIVjGnvYRMWuzU8=
118,114,eySdDa7IvyUR88Ay6Oh4u1CEv34=,g1Srokqn90EKoIVjGnvYRMWuzU8=
113,114,eySdDa7IvyUR88Ay6Oh4u1CEv34=,g1Srokqn90EKoIVjGnvYRMWuzU8=
116,115,eySdDa7IvyUR88Ay6Oh4u1CEv34=,g1Srokqn90EKoIVjGnvYRMWuzU8=
113,116,eySdDa7IvyUR88Ay6Oh4u1CEv34=,g1Srokqn90EKoIVjGnvYRMWuzU8=
112,116,eySdDa7IvyUR88Ay6Oh4u1CEv34=,g1Srokqn90EKoIVjGnvYRMWuzU8=
113,115,eySdDa7IvyUR88Ay6Oh4u1CEv34=,g1Srokqn90EKoIVjGnvYRMWuzU8=
118,115,eySdDa7IvyUR88Ay6Oh4u1CEv34=,g1Srokqn90EKoIVjGnvYRMWuzU8=
