-12,-37,uUxG0N8xIv1S8fCUGL/sB9FL+mo=,xErqJmimbwZVn1YuLkJLMUnbi00=
-13,-37,uUxG0N8xIv1S8fCUGL/sB9FL+mo=,xErqJmimbwZVn1YuLkJLMUnbi00=
-14,-37,uUxG0N8xIv1S8fCUGL/sB9FL+mo=,xErqJmimbwZVn1YuLkJLMUnbi00=
-15,-37,uUxG0N8xIv1S8fCUGL/sB9FL+mo=,xErqJmimbwZVn1YuLkJLMUnbi00=
-11,-38,uUxG0N8xIv1S8fCUGL/sB9FL+mo=,xErqJmimbwZVn1YuLkJLMUnbi00=
-12,-38,uUxG0N8xIv1S8fCUGL/sB9FL+mo=,xErqJmimbwZVn1YuLkJLMUnbi00=
-10,-38,uUxG0N8xIv1S8fCUGL/sB9FL+mo=,xErqJmimbwZVn1YuLkJLMUnbi00=
-13,-38,uUxG0N8xIv1S8fCUGL/sB9FL+mo=,xErqJmimbwZVn1YuLkJLMUnbi00=
-14,-38,uUxG0N8xIv1S8fCUGL/sB9FL+mo=,xErqJmimbwZVn1YuLkJLMUnbi00=
-10,-34,uUxG0N8xIv1S8fCUGL/sB9FL+mo=,xErqJmimbwZVn1YuLkJLMUnbi00=
-10,-39,uUxG0N8xIv1S8fCUGL/sB9FL+mo=,xErqJmimbwZVn1YuLkJLMUnbi00=
-11,-34,uUxG0N8xIv1S8fCUGL/sB9FL+mo=,xErqJmimbwZVn1YuLkJLMUnbi00=
-12,-34,uUxG0N8xIv1S8fCUGL/sB9FL+mo=,xErqJmimbwZVn1YuLkJLMUnbi00=
-11,-39,uUxG0N8xIv1S8fCUGL/sB9FL+mo=,xErqJmimbwZVn1YuLkJLMUnbi00=
-13,-34,uUxG0N8xIv1S8fCUGL/sB9FL+mo=,xErqJmimbwZVn1YuLkJLMUnbi00=
-12,-39,uUxG0N8xIv1S8fCUGL/sB9FL+mo=,xErqJmimbwZVn1YuLkJLMUnbi00=
-14,-34,uUxG0N8xIv1S8fCUGL/sB9FL+mo=,xErqJmimbwZVn1YuLkJLMUnbi00=
-15,-34,uUxG0N8xIv1S8fCUGL/sB9FL+mo=,xErqJmimbwZVn1YuLkJLMUnbi00=
-13,-39,uUxG0N8xIv1S8fCUGL/sB9FL+mo=,xErqJmimbwZVn1YuLkJLMUnbi00=
-15,-39,uUxG0N8xIv1S8fCUGL/sB9FL+mo=,xErqJmimbwZVn1YuLkJLMUnbi00=
-14,-39,uUxG0N8xIv1S8fCUGL/sB9FL+mo=,xErqJmimbwZVn1YuLkJLMUnbi00=
-15,-38,uUxG0N8xIv1S8fCUGL/sB9FL+mo=,xErqJmimbwZVn1YuLkJLMUnbi00=
-10,-35,uUxG0N8xIv1S8fCUGL/sB9FL+mo=,xErqJmimbwZVn1YuLkJLMUnbi00=
-11,-35,uUxG0N8xIv1S8fCUGL/sB9FL+mo=,xErqJmimbwZVn1YuLkJLMUnbi00=
-12,-35,uUxG0N8xIv1S8fCUGL/sB9FL+mo=,xErqJmimbwZVn1YuLkJLMUnbi00=
-14,-35,uUxG0N8xIv1S8fCUGL/sB9FL+mo=,xErqJmimbwZVn1YuLkJLMUnbi00=
-13,-35,uUxG0N8xIv1S8fCUGL/sB9FL+mo=,xErqJmimbwZVn1YuLkJLMUnbi00=
-10,-36,uUxG0N8xIv1S8fCUGL/sB9FL+mo=,xErqJmimbwZVn1YuLkJLMUnbi00=
-15,-35,uUxG0N8xIv1S8fCUGL/sB9FL+mo=,xErqJmimbwZVn1YuLkJLMUnbi00=
-11,-36,uUxG0N8xIv1S8fCUGL/sB9FL+mo=,xErqJmimbwZVn1YuLkJLMUnbi00=
-12,-36,uUxG0N8xIv1S8fCUGL/sB9FL+mo=,xErqJmimbwZVn1YuLkJLMUnbi00=
-14,-36,uUxG0N8xIv1S8fCUGL/sB9FL+mo=,xErqJmimbwZVn1YuLkJLMUnbi00=
-15,-36,uUxG0N8xIv1S8fCUGL/sB9FL+mo=,xErqJmimbwZVn1YuLkJLMUnbi00=
-13,-36,uUxG0N8xIv1S8fCUGL/sB9FL+mo=,xErqJmimbwZVn1YuLkJLMUnbi00=
-10,-37,uUxG0N8xIv1S8fCUGL/sB9FL+mo=,xErqJmimbwZVn1YuLkJLMUnbi00=
-11,-37,uUxG0N8xIv1S8fCUGL/sB9FL+mo=,xErqJmimbwZVn1YuLkJLMUnbi00=
-10,-33,uUxG0N8xIv1S8fCUGL/sB9FL+mo=,xErqJmimbwZVn1YuLkJLMUnbi00=
-15,-33,uUxG0N8xIv1S8fCUGL/sB9FL+mo=,xErqJmimbwZVn1YuLkJLMUnbi00=
-14,-33,uUxG0N8xIv1S8fCUGL/sB9FL+mo=,xErqJmimbwZVn1YuLkJLMUnbi00=
-12,-33,uUxG0N8xIv1S8fCUGL/sB9FL+mo=,xErqJmimbwZVn1YuLkJLMUnbi00=
-13,-33,uUxG0N8xIv1S8fCUGL/sB9FL+mo=,xErqJmimbwZVn1YuLkJLMUnbi00=
-11,-33,uUxG0N8xIv1S8fCUGL/sB9FL+mo=,xErqJmimbwZVn1YuLkJLMUnbi00=
-16,-36,uUxG0N8xIv1S8fCUGL/sB9FL+mo=,xErqJmimbwZVn1YuLkJLMUnbi00=
-16,-35,uUxG0N8xIv1S8fCUGL/sB9FL+mo=,xErqJmimbwZVn1YuLkJLMUnbi00=
-16,-39,uUxG0N8xIv1S8fCUGL/sB9FL+mo=,xErqJmimbwZVn1YuLkJLMUnbi00=
-16,-34,uUxG0N8xIv1S8fCUGL/sB9FL+mo=,xErqJmimbwZVn1YuLkJLMUnbi00=
-16,-37,uUxG0N8xIv1S8fCUGL/sB9FL+mo=,xErqJmimbwZVn1YuLkJLMUnbi00=
-16,-38,uUxG0N8xIv1S8fCUGL/sB9FL+mo=,xErqJmimbwZVn1YuLkJLMUnbi00=
-16,-33,uUxG0N8xIv1S8fCUGL/sB9FL+mo=,xErqJmimbwZVn1YuLkJLMUnbi00=
-16,-48,uUxG0N8xIv1S8fCUGL/sB9FL+mo=,AIUe0SrFvN+NeI6P6iw+078G75w=
-14,-43,uUxG0N8xIv1S8fCUGL/sB9FL+mo=,AIUe0SrFvN+NeI6P6iw+078G75w=
-13,-43,uUxG0N8xIv1S8fCUGL/sB9FL+mo=,AIUe0SrFvN+NeI6P6iw+078G75w=
-10,-44,uUxG0N8xIv1S8fCUGL/sB9FL+mo=,AIUe0SrFvN+NeI6P6iw+078G75w=
-15,-48,uUxG0N8xIv1S8fCUGL/sB9FL+mo=,AIUe0SrFvN+NeI6P6iw+078G75w=
-16,-43,uUxG0N8xIv1S8fCUGL/sB9FL+mo=,AIUe0SrFvN+NeI6P6iw+078G75w=
-11,-44,uUxG0N8xIv1S8fCUGL/sB9FL+mo=,AIUe0SrFvN+NeI6P6iw+078G75w=
-14,-48,uUxG0N8xIv1S8fCUGL/sB9FL+mo=,AIUe0SrFvN+NeI6P6iw+078G75w=
-15,-43,uUxG0N8xIv1S8fCUGL/sB9FL+mo=,AIUe0SrFvN+NeI6P6iw+078G75w=
-12,-44,uUxG0N8xIv1S8fCUGL/sB9FL+mo=,AIUe0SrFvN+NeI6P6iw+078G75w=
-13,-48,uUxG0N8xIv1S8fCUGL/sB9FL+mo=,AIUe0SrFvN+NeI6P6iw+078G75w=
-13,-44,uUxG0N8xIv1S8fCUGL/sB9FL+mo=,AIUe0SrFvN+NeI6P6iw+078G75w=
-12,-48,uUxG0N8xIv1S8fCUGL/sB9FL+mo=,AIUe0SrFvN+NeI6P6iw+078G75w=
-10,-40,uUxG0N8xIv1S8fCUGL/sB9FL+mo=,xErqJmimbwZVn1YuLkJLMUnbi00=
-11,-40,uUxG0N8xIv1S8fCUGL/sB9FL+mo=,xErqJmimbwZVn1YuLkJLMUnbi00=
-12,-40,uUxG0N8xIv1S8fCUGL/sB9FL+mo=,xErqJmimbwZVn1YuLkJLMUnbi00=
-11,-48,uUxG0N8xIv1S8fCUGL/sB9FL+mo=,AIUe0SrFvN+NeI6P6iw+078G75w=
-13,-40,uUxG0N8xIv1S8fCUGL/sB9FL+mo=,xErqJmimbwZVn1YuLkJLMUnbi00=
-15,-44,uUxG0N8xIv1S8fCUGL/sB9FL+mo=,AIUe0SrFvN+NeI6P6iw+078G75w=
-14,-44,uUxG0N8xIv1S8fCUGL/sB9FL+mo=,AIUe0SrFvN+NeI6P6iw+078G75w=
-14,-40,uUxG0N8xIv1S8fCUGL/sB9FL+mo=,xErqJmimbwZVn1YuLkJLMUnbi00=
-15,-40,uUxG0N8xIv1S8fCUGL/sB9FL+mo=,xErqJmimbwZVn1YuLkJLMUnbi00=
-10,-41,uUxG0N8xIv1S8fCUGL/sB9FL+mo=,AIUe0SrFvN+NeI6P6iw+078G75w=
-16,-44,uUxG0N8xIv1S8fCUGL/sB9FL+mo=,AIUe0SrFvN+NeI6P6iw+078G75w=
-12,-41,uUxG0N8xIv1S8fCUGL/sB9FL+mo=,AIUe0SrFvN+NeI6P6iw+078G75w=
-11,-41,uUxG0N8xIv1S8fCUGL/sB9FL+mo=,AIUe0SrFvN+NeI6P6iw+078G75w=
-10,-48,uUxG0N8xIv1S8fCUGL/sB9FL+mo=,AIUe0SrFvN+NeI6P6iw+078G75w=
-16,-40,uUxG0N8xIv1S8fCUGL/sB9FL+mo=,xErqJmimbwZVn1YuLkJLMUnbi00=
-13,-41,uUxG0N8xIv1S8fCUGL/sB9FL+mo=,AIUe0SrFvN+NeI6P6iw+078G75w=
-16,-47,uUxG0N8xIv1S8fCUGL/sB9FL+mo=,AIUe0SrFvN+NeI6P6iw+078G75w=
-14,-41,uUxG0N8xIv1S8fCUGL/sB9FL+mo=,AIUe0SrFvN+NeI6P6iw+078G75w=
-16,-41,uUxG0N8xIv1S8fCUGL/sB9FL+mo=,AIUe0SrFvN+NeI6P6iw+078G75w=
-15,-41,uUxG0N8xIv1S8fCUGL/sB9FL+mo=,AIUe0SrFvN+NeI6P6iw+078G75w=
-10,-42,uUxG0N8xIv1S8fCUGL/sB9FL+mo=,AIUe0SrFvN+NeI6P6iw+078G75w=
-12,-42,uUxG0N8xIv1S8fCUGL/sB9FL+mo=,AIUe0SrFvN+NeI6P6iw+078G75w=
-14,-42,uUxG0N8xIv1S8fCUGL/sB9FL+mo=,AIUe0SrFvN+NeI6P6iw+078G75w=
-13,-42,uUxG0N8xIv1S8fCUGL/sB9FL+mo=,AIUe0SrFvN+NeI6P6iw+078G75w=
-15,-47,uUxG0N8xIv1S8fCUGL/sB9FL+mo=,AIUe0SrFvN+NeI6P6iw+078G75w=
-16,-42,uUxG0N8xIv1S8fCUGL/sB9FL+mo=,AIUe0SrFvN+NeI6P6iw+078G75w=
-11,-43,uUxG0N8xIv1S8fCUGL/sB9FL+mo=,AIUe0SrFvN+NeI6P6iw+078G75w=
-14,-47,uUxG0N8xIv1S8fCUGL/sB9FL+mo=,AIUe0SrFvN+NeI6P6iw+078G75w=
-12,-43,uUxG0N8xIv1S8fCUGL/sB9FL+mo=,AIUe0SrFvN+NeI6P6iw+078G75w=
-13,-47,uUxG0N8xIv1S8fCUGL/sB9FL+mo=,AIUe0SrFvN+NeI6P6iw+078G75w=
-11,-45,uUxG0N8xIv1S8fCUGL/sB9FL+mo=,AIUe0SrFvN+NeI6P6iw+078G75w=
-10,-45,uUxG0N8xIv1S8fCUGL/sB9FL+mo=,AIUe0SrFvN+NeI6P6iw+078G75w=
-13,-45,uUxG0N8xIv1S8fCUGL/sB9FL+mo=,AIUe0SrFvN+NeI6P6iw+078G75w=
-12,-45,uUxG0N8xIv1S8fCUGL/sB9FL+mo=,AIUe0SrFvN+NeI6P6iw+078G75w=
-12,-47,uUxG0N8xIv1S8fCUGL/sB9FL+mo=,AIUe0SrFvN+NeI6P6iw+078G75w=
-15,-42,uUxG0N8xIv1S8fCUGL/sB9FL+mo=,AIUe0SrFvN+NeI6P6iw+078G75w=
-14,-45,uUxG0N8xIv1S8fCUGL/sB9FL+mo=,AIUe0SrFvN+NeI6P6iw+078G75w=
-15,-45,uUxG0N8xIv1S8fCUGL/sB9FL+mo=,AIUe0SrFvN+NeI6P6iw+078G75w=
-10,-43,uUxG0N8xIv1S8fCUGL/sB9FL+mo=,AIUe0SrFvN+NeI6P6iw+078G75w=
-16,-45,uUxG0N8xIv1S8fCUGL/sB9FL+mo=,AIUe0SrFvN+NeI6P6iw+078G75w=
-11,-47,uUxG0N8xIv1S8fCUGL/sB9FL+mo=,AIUe0SrFvN+NeI6P6iw+078G75w=
-13,-46,uUxG0N8xIv1S8fCUGL/sB9FL+mo=,AIUe0SrFvN+NeI6P6iw+078G75w=
-12,-46,uUxG0N8xIv1S8fCUGL/sB9FL+mo=,AIUe0SrFvN+NeI6P6iw+078G75w=
-10,-47,uUxG0N8xIv1S8fCUGL/sB9FL+mo=,AIUe0SrFvN+NeI6P6iw+078G75w=
-11,-42,uUxG0N8xIv1S8fCUGL/sB9FL+mo=,AIUe0SrFvN+NeI6P6iw+078G75w=
-14,-46,uUxG0N8xIv1S8fCUGL/sB9FL+mo=,AIUe0SrFvN+NeI6P6iw+078G75w=
-16,-46,uUxG0N8xIv1S8fCUGL/sB9FL+mo=,AIUe0SrFvN+NeI6P6iw+078G75w=
-11,-46,uUxG0N8xIv1S8fCUGL/sB9FL+mo=,AIUe0SrFvN+NeI6P6iw+078G75w=
-10,-46,uUxG0N8xIv1S8fCUGL/sB9FL+mo=,AIUe0SrFvN+NeI6P6iw+078G75w=
-15,-46,uUxG0N8xIv1S8fCUGL/sB9FL+mo=,AIUe0SrFvN+NeI6P6iw+078G75w=
-4,-45,uUxG0N8xIv1S8fCUGL/sB9FL+mo=,WRyFh385UYpe2vMkLULf7SPMucY=
-3,-45,uUxG0N8xIv1S8fCUGL/sB9FL+mo=,WRyFh385UYpe2vMkLULf7SPMucY=
-2,-45,uUxG0N8xIv1S8fCUGL/sB9FL+mo=,WRyFh385UYpe2vMkLULf7SPMucY=
-1,-45,uUxG0N8xIv1S8fCUGL/sB9FL+mo=,WRyFh385UYpe2vMkLULf7SPMucY=
-8,-44,uUxG0N8xIv1S8fCUGL/sB9FL+mo=,WRyFh385UYpe2vMkLULf7SPMucY=
-7,-44,uUxG0N8xIv1S8fCUGL/sB9FL+mo=,WRyFh385UYpe2vMkLULf7SPMucY=
-6,-44,uUxG0N8xIv1S8fCUGL/sB9FL+mo=,WRyFh385UYpe2vMkLULf7SPMucY=
-5,-44,uUxG0N8xIv1S8fCUGL/sB9FL+mo=,WRyFh385UYpe2vMkLULf7SPMucY=
-4,-44,uUxG0N8xIv1S8fCUGL/sB9FL+mo=,WRyFh385UYpe2vMkLULf7SPMucY=
-3,-44,uUxG0N8xIv1S8fCUGL/sB9FL+mo=,WRyFh385UYpe2vMkLULf7SPMucY=
-2,-44,uUxG0N8xIv1S8fCUGL/sB9FL+mo=,WRyFh385UYpe2vMkLULf7SPMucY=
-1,-44,uUxG0N8xIv1S8fCUGL/sB9FL+mo=,WRyFh385UYpe2vMkLULf7SPMucY=
-8,-43,uUxG0N8xIv1S8fCUGL/sB9FL+mo=,WRyFh385UYpe2vMkLULf7SPMucY=
-7,-43,uUxG0N8xIv1S8fCUGL/sB9FL+mo=,WRyFh385UYpe2vMkLULf7SPMucY=
-6,-43,uUxG0N8xIv1S8fCUGL/sB9FL+mo=,WRyFh385UYpe2vMkLULf7SPMucY=
-5,-43,uUxG0N8xIv1S8fCUGL/sB9FL+mo=,WRyFh385UYpe2vMkLULf7SPMucY=
-4,-43,uUxG0N8xIv1S8fCUGL/sB9FL+mo=,WRyFh385UYpe2vMkLULf7SPMucY=
-3,-43,uUxG0N8xIv1S8fCUGL/sB9FL+mo=,WRyFh385UYpe2vMkLULf7SPMucY=
-2,-43,uUxG0N8xIv1S8fCUGL/sB9FL+mo=,WRyFh385UYpe2vMkLULf7SPMucY=
-1,-43,uUxG0N8xIv1S8fCUGL/sB9FL+mo=,WRyFh385UYpe2vMkLULf7SPMucY=
-8,-42,uUxG0N8xIv1S8fCUGL/sB9FL+mo=,WRyFh385UYpe2vMkLULf7SPMucY=
-8,-48,uUxG0N8xIv1S8fCUGL/sB9FL+mo=,WRyFh385UYpe2vMkLULf7SPMucY=
-7,-48,uUxG0N8xIv1S8fCUGL/sB9FL+mo=,WRyFh385UYpe2vMkLULf7SPMucY=
-6,-48,uUxG0N8xIv1S8fCUGL/sB9FL+mo=,WRyFh385UYpe2vMkLULf7SPMucY=
-5,-48,uUxG0N8xIv1S8fCUGL/sB9FL+mo=,WRyFh385UYpe2vMkLULf7SPMucY=
-4,-48,uUxG0N8xIv1S8fCUGL/sB9FL+mo=,WRyFh385UYpe2vMkLULf7SPMucY=
-3,-48,uUxG0N8xIv1S8fCUGL/sB9FL+mo=,WRyFh385UYpe2vMkLULf7SPMucY=
-1,-48,uUxG0N8xIv1S8fCUGL/sB9FL+mo=,WRyFh385UYpe2vMkLULf7SPMucY=
-2,-48,uUxG0N8xIv1S8fCUGL/sB9FL+mo=,WRyFh385UYpe2vMkLULf7SPMucY=
-8,-47,uUxG0N8xIv1S8fCUGL/sB9FL+mo=,WRyFh385UYpe2vMkLULf7SPMucY=
-7,-47,uUxG0N8xIv1S8fCUGL/sB9FL+mo=,WRyFh385UYpe2vMkLULf7SPMucY=
-6,-47,uUxG0N8xIv1S8fCUGL/sB9FL+mo=,WRyFh385UYpe2vMkLULf7SPMucY=
-9,-48,uUxG0N8xIv1S8fCUGL/sB9FL+mo=,AIUe0SrFvN+NeI6P6iw+078G75w=
-5,-47,uUxG0N8xIv1S8fCUGL/sB9FL+mo=,WRyFh385UYpe2vMkLULf7SPMucY=
-9,-47,uUxG0N8xIv1S8fCUGL/sB9FL+mo=,AIUe0SrFvN+NeI6P6iw+078G75w=
-4,-47,uUxG0N8xIv1S8fCUGL/sB9FL+mo=,WRyFh385UYpe2vMkLULf7SPMucY=
-9,-46,uUxG0N8xIv1S8fCUGL/sB9FL+mo=,AIUe0SrFvN+NeI6P6iw+078G75w=
-3,-47,uUxG0N8xIv1S8fCUGL/sB9FL+mo=,WRyFh385UYpe2vMkLULf7SPMucY=
-2,-47,uUxG0N8xIv1S8fCUGL/sB9FL+mo=,WRyFh385UYpe2vMkLULf7SPMucY=
-1,-47,uUxG0N8xIv1S8fCUGL/sB9FL+mo=,WRyFh385UYpe2vMkLULf7SPMucY=
-8,-46,uUxG0N8xIv1S8fCUGL/sB9FL+mo=,WRyFh385UYpe2vMkLULf7SPMucY=
-7,-46,uUxG0N8xIv1S8fCUGL/sB9FL+mo=,WRyFh385UYpe2vMkLULf7SPMucY=
-9,-43,uUxG0N8xIv1S8fCUGL/sB9FL+mo=,AIUe0SrFvN+NeI6P6iw+078G75w=
-6,-46,uUxG0N8xIv1S8fCUGL/sB9FL+mo=,WRyFh385UYpe2vMkLULf7SPMucY=
-5,-46,uUxG0N8xIv1S8fCUGL/sB9FL+mo=,WRyFh385UYpe2vMkLULf7SPMucY=
-4,-46,uUxG0N8xIv1S8fCUGL/sB9FL+mo=,WRyFh385UYpe2vMkLULf7SPMucY=
-3,-46,uUxG0N8xIv1S8fCUGL/sB9FL+mo=,WRyFh385UYpe2vMkLULf7SPMucY=
-9,-42,uUxG0N8xIv1S8fCUGL/sB9FL+mo=,AIUe0SrFvN+NeI6P6iw+078G75w=
-2,-46,uUxG0N8xIv1S8fCUGL/sB9FL+mo=,WRyFh385UYpe2vMkLULf7SPMucY=
-9,-45,uUxG0N8xIv1S8fCUGL/sB9FL+mo=,AIUe0SrFvN+NeI6P6iw+078G75w=
-7,-42,uUxG0N8xIv1S8fCUGL/sB9FL+mo=,WRyFh385UYpe2vMkLULf7SPMucY=
-1,-46,uUxG0N8xIv1S8fCUGL/sB9FL+mo=,WRyFh385UYpe2vMkLULf7SPMucY=
-8,-45,uUxG0N8xIv1S8fCUGL/sB9FL+mo=,WRyFh385UYpe2vMkLULf7SPMucY=
-6,-42,uUxG0N8xIv1S8fCUGL/sB9FL+mo=,WRyFh385UYpe2vMkLULf7SPMucY=
-7,-45,uUxG0N8xIv1S8fCUGL/sB9FL+mo=,WRyFh385UYpe2vMkLULf7SPMucY=
-5,-42,uUxG0N8xIv1S8fCUGL/sB9FL+mo=,WRyFh385UYpe2vMkLULf7SPMucY=
-4,-42,uUxG0N8xIv1S8fCUGL/sB9FL+mo=,WRyFh385UYpe2vMkLULf7SPMucY=
-3,-42,uUxG0N8xIv1S8fCUGL/sB9FL+mo=,WRyFh385UYpe2vMkLULf7SPMucY=
-2,-42,uUxG0N8xIv1S8fCUGL/sB9FL+mo=,WRyFh385UYpe2vMkLULf7SPMucY=
-5,-45,uUxG0N8xIv1S8fCUGL/sB9FL+mo=,WRyFh385UYpe2vMkLULf7SPMucY=
-9,-44,uUxG0N8xIv1S8fCUGL/sB9FL+mo=,AIUe0SrFvN+NeI6P6iw+078G75w=
-9,-33,uUxG0N8xIv1S8fCUGL/sB9FL+mo=,xErqJmimbwZVn1YuLkJLMUnbi00=
-1,-41,uUxG0N8xIv1S8fCUGL/sB9FL+mo=,WRyFh385UYpe2vMkLULf7SPMucY=
-9,-38,uUxG0N8xIv1S8fCUGL/sB9FL+mo=,xErqJmimbwZVn1YuLkJLMUnbi00=
-4,-35,uUxG0N8xIv1S8fCUGL/sB9FL+mo=,f4KsrFjmcIILe0ZfU6m/HdAzE3c=
-2,-41,uUxG0N8xIv1S8fCUGL/sB9FL+mo=,WRyFh385UYpe2vMkLULf7SPMucY=
-3,-35,uUxG0N8xIv1S8fCUGL/sB9FL+mo=,f4KsrFjmcIILe0ZfU6m/HdAzE3c=
-9,-34,uUxG0N8xIv1S8fCUGL/sB9FL+mo=,xErqJmimbwZVn1YuLkJLMUnbi00=
-2,-35,uUxG0N8xIv1S8fCUGL/sB9FL+mo=,f4KsrFjmcIILe0ZfU6m/HdAzE3c=
-1,-35,uUxG0N8xIv1S8fCUGL/sB9FL+mo=,f4KsrFjmcIILe0ZfU6m/HdAzE3c=
-3,-41,uUxG0N8xIv1S8fCUGL/sB9FL+mo=,WRyFh385UYpe2vMkLULf7SPMucY=
-9,-39,uUxG0N8xIv1S8fCUGL/sB9FL+mo=,xErqJmimbwZVn1YuLkJLMUnbi00=
-3,-36,uUxG0N8xIv1S8fCUGL/sB9FL+mo=,f4KsrFjmcIILe0ZfU6m/HdAzE3c=
-1,-37,uUxG0N8xIv1S8fCUGL/sB9FL+mo=,f4KsrFjmcIILe0ZfU6m/HdAzE3c=
-4,-41,uUxG0N8xIv1S8fCUGL/sB9FL+mo=,WRyFh385UYpe2vMkLULf7SPMucY=
-5,-41,uUxG0N8xIv1S8fCUGL/sB9FL+mo=,WRyFh385UYpe2vMkLULf7SPMucY=
-5,-35,uUxG0N8xIv1S8fCUGL/sB9FL+mo=,f4KsrFjmcIILe0ZfU6m/HdAzE3c=
-9,-35,uUxG0N8xIv1S8fCUGL/sB9FL+mo=,xErqJmimbwZVn1YuLkJLMUnbi00=
-9,-40,uUxG0N8xIv1S8fCUGL/sB9FL+mo=,xErqJmimbwZVn1YuLkJLMUnbi00=
-8,-38,uUxG0N8xIv1S8fCUGL/sB9FL+mo=,f4KsrFjmcIILe0ZfU6m/HdAzE3c=
-8,-34,uUxG0N8xIv1S8fCUGL/sB9FL+mo=,f4KsrFjmcIILe0ZfU6m/HdAzE3c=
-6,-35,uUxG0N8xIv1S8fCUGL/sB9FL+mo=,f4KsrFjmcIILe0ZfU6m/HdAzE3c=
-4,-36,uUxG0N8xIv1S8fCUGL/sB9FL+mo=,f4KsrFjmcIILe0ZfU6m/HdAzE3c=
-2,-37,uUxG0N8xIv1S8fCUGL/sB9FL+mo=,f4KsrFjmcIILe0ZfU6m/HdAzE3c=
-6,-41,uUxG0N8xIv1S8fCUGL/sB9FL+mo=,WRyFh385UYpe2vMkLULf7SPMucY=
-3,-37,uUxG0N8xIv1S8fCUGL/sB9FL+mo=,f4KsrFjmcIILe0ZfU6m/HdAzE3c=
-5,-36,uUxG0N8xIv1S8fCUGL/sB9FL+mo=,f4KsrFjmcIILe0ZfU6m/HdAzE3c=
-9,-41,uUxG0N8xIv1S8fCUGL/sB9FL+mo=,AIUe0SrFvN+NeI6P6iw+078G75w=
-1,-39,uUxG0N8xIv1S8fCUGL/sB9FL+mo=,f4KsrFjmcIILe0ZfU6m/HdAzE3c=
-2,-39,uUxG0N8xIv1S8fCUGL/sB9FL+mo=,f4KsrFjmcIILe0ZfU6m/HdAzE3c=
-3,-39,uUxG0N8xIv1S8fCUGL/sB9FL+mo=,f4KsrFjmcIILe0ZfU6m/HdAzE3c=
-4,-39,uUxG0N8xIv1S8fCUGL/sB9FL+mo=,f4KsrFjmcIILe0ZfU6m/HdAzE3c=
-9,-36,uUxG0N8xIv1S8fCUGL/sB9FL+mo=,xErqJmimbwZVn1YuLkJLMUnbi00=
-5,-39,uUxG0N8xIv1S8fCUGL/sB9FL+mo=,f4KsrFjmcIILe0ZfU6m/HdAzE3c=
-5,-40,uUxG0N8xIv1S8fCUGL/sB9FL+mo=,f4KsrFjmcIILe0ZfU6m/HdAzE3c=
-1,-38,uUxG0N8xIv1S8fCUGL/sB9FL+mo=,f4KsrFjmcIILe0ZfU6m/HdAzE3c=
-9,-37,uUxG0N8xIv1S8fCUGL/sB9FL+mo=,xErqJmimbwZVn1YuLkJLMUnbi00=
-7,-41,uUxG0N8xIv1S8fCUGL/sB9FL+mo=,WRyFh385UYpe2vMkLULf7SPMucY=
-2,-38,uUxG0N8xIv1S8fCUGL/sB9FL+mo=,f4KsrFjmcIILe0ZfU6m/HdAzE3c=
-6,-39,uUxG0N8xIv1S8fCUGL/sB9FL+mo=,f4KsrFjmcIILe0ZfU6m/HdAzE3c=
-8,-41,uUxG0N8xIv1S8fCUGL/sB9FL+mo=,WRyFh385UYpe2vMkLULf7SPMucY=
-7,-35,uUxG0N8xIv1S8fCUGL/sB9FL+mo=,f4KsrFjmcIILe0ZfU6m/HdAzE3c=
-1,-40,uUxG0N8xIv1S8fCUGL/sB9FL+mo=,f4KsrFjmcIILe0ZfU6m/HdAzE3c=
-2,-40,uUxG0N8xIv1S8fCUGL/sB9FL+mo=,f4KsrFjmcIILe0ZfU6m/HdAzE3c=
-3,-40,uUxG0N8xIv1S8fCUGL/sB9FL+mo=,f4KsrFjmcIILe0ZfU6m/HdAzE3c=
-4,-40,uUxG0N8xIv1S8fCUGL/sB9FL+mo=,f4KsrFjmcIILe0ZfU6m/HdAzE3c=
-7,-34,uUxG0N8xIv1S8fCUGL/sB9FL+mo=,f4KsrFjmcIILe0ZfU6m/HdAzE3c=
-8,-35,uUxG0N8xIv1S8fCUGL/sB9FL+mo=,f4KsrFjmcIILe0ZfU6m/HdAzE3c=
-1,-36,uUxG0N8xIv1S8fCUGL/sB9FL+mo=,f4KsrFjmcIILe0ZfU6m/HdAzE3c=
-4,-37,uUxG0N8xIv1S8fCUGL/sB9FL+mo=,f4KsrFjmcIILe0ZfU6m/HdAzE3c=
-1,-33,uUxG0N8xIv1S8fCUGL/sB9FL+mo=,f4KsrFjmcIILe0ZfU6m/HdAzE3c=
-2,-33,uUxG0N8xIv1S8fCUGL/sB9FL+mo=,f4KsrFjmcIILe0ZfU6m/HdAzE3c=
-3,-38,uUxG0N8xIv1S8fCUGL/sB9FL+mo=,f4KsrFjmcIILe0ZfU6m/HdAzE3c=
-6,-40,uUxG0N8xIv1S8fCUGL/sB9FL+mo=,f4KsrFjmcIILe0ZfU6m/HdAzE3c=
-5,-37,uUxG0N8xIv1S8fCUGL/sB9FL+mo=,f4KsrFjmcIILe0ZfU6m/HdAzE3c=
-3,-33,uUxG0N8xIv1S8fCUGL/sB9FL+mo=,f4KsrFjmcIILe0ZfU6m/HdAzE3c=
-4,-33,uUxG0N8xIv1S8fCUGL/sB9FL+mo=,f4KsrFjmcIILe0ZfU6m/HdAzE3c=
-2,-36,uUxG0N8xIv1S8fCUGL/sB9FL+mo=,f4KsrFjmcIILe0ZfU6m/HdAzE3c=
-6,-36,uUxG0N8xIv1S8fCUGL/sB9FL+mo=,f4KsrFjmcIILe0ZfU6m/HdAzE3c=
-4,-38,uUxG0N8xIv1S8fCUGL/sB9FL+mo=,f4KsrFjmcIILe0ZfU6m/HdAzE3c=
-6,-45,uUxG0N8xIv1S8fCUGL/sB9FL+mo=,WRyFh385UYpe2vMkLULf7SPMucY=
-6,-34,uUxG0N8xIv1S8fCUGL/sB9FL+mo=,f4KsrFjmcIILe0ZfU6m/HdAzE3c=
-8,-39,uUxG0N8xIv1S8fCUGL/sB9FL+mo=,f4KsrFjmcIILe0ZfU6m/HdAzE3c=
-7,-39,uUxG0N8xIv1S8fCUGL/sB9FL+mo=,f4KsrFjmcIILe0ZfU6m/HdAzE3c=
-7,-36,uUxG0N8xIv1S8fCUGL/sB9FL+mo=,f4KsrFjmcIILe0ZfU6m/HdAzE3c=
-8,-33,uUxG0N8xIv1S8fCUGL/sB9FL+mo=,f4KsrFjmcIILe0ZfU6m/HdAzE3c=
-7,-33,uUxG0N8xIv1S8fCUGL/sB9FL+mo=,f4KsrFjmcIILe0ZfU6m/HdAzE3c=
-5,-38,uUxG0N8xIv1S8fCUGL/sB9FL+mo=,f4KsrFjmcIILe0ZfU6m/HdAzE3c=
-8,-40,uUxG0N8xIv1S8fCUGL/sB9FL+mo=,f4KsrFjmcIILe0ZfU6m/HdAzE3c=
-1,-34,uUxG0N8xIv1S8fCUGL/sB9FL+mo=,f4KsrFjmcIILe0ZfU6m/HdAzE3c=
-8,-36,uUxG0N8xIv1S8fCUGL/sB9FL+mo=,f4KsrFjmcIILe0ZfU6m/HdAzE3c=
-2,-34,uUxG0N8xIv1S8fCUGL/sB9FL+mo=,f4KsrFjmcIILe0ZfU6m/HdAzE3c=
-3,-34,uUxG0N8xIv1S8fCUGL/sB9FL+mo=,f4KsrFjmcIILe0ZfU6m/HdAzE3c=
-5,-34,uUxG0N8xIv1S8fCUGL/sB9FL+mo=,f4KsrFjmcIILe0ZfU6m/HdAzE3c=
-4,-34,uUxG0N8xIv1S8fCUGL/sB9FL+mo=,f4KsrFjmcIILe0ZfU6m/HdAzE3c=
-8,-37,uUxG0N8xIv1S8fCUGL/sB9FL+mo=,f4KsrFjmcIILe0ZfU6m/HdAzE3c=
-6,-33,uUxG0N8xIv1S8fCUGL/sB9FL+mo=,f4KsrFjmcIILe0ZfU6m/HdAzE3c=
-7,-40,uUxG0N8xIv1S8fCUGL/sB9FL+mo=,f4KsrFjmcIILe0ZfU6m/HdAzE3c=
-5,-33,uUxG0N8xIv1S8fCUGL/sB9FL+mo=,f4KsrFjmcIILe0ZfU6m/HdAzE3c=
-7,-37,uUxG0N8xIv1S8fCUGL/sB9FL+mo=,f4KsrFjmcIILe0ZfU6m/HdAzE3c=
-6,-38,uUxG0N8xIv1S8fCUGL/sB9FL+mo=,f4KsrFjmcIILe0ZfU6m/HdAzE3c=
-6,-37,uUxG0N8xIv1S8fCUGL/sB9FL+mo=,f4KsrFjmcIILe0ZfU6m/HdAzE3c=
-7,-38,uUxG0N8xIv1S8fCUGL/sB9FL+mo=,f4KsrFjmcIILe0ZfU6m/HdAzE3c=
-1,-42,uUxG0N8xIv1S8fCUGL/sB9FL+mo=,WRyFh385UYpe2vMkLULf7SPMucY=
