-13,-48,osTX7Mb8HVNHx0kg51keHHRRRkQ=,MFYKGz/BFpFCn14Ff2DiDRery3s=
-4,-46,osTX7Mb8HVNHx0kg51keHHRRRkQ=,MFYKGz/BFpFCn14Ff2DiDRery3s=
-1,-33,GCYCaKTyPZwSW14KB+mHTYTARQY=,MFYKGz/BFpFCn14Ff2DiDRery3s=
-5,-46,GCYCaKTyPZwSW14KB+mHTYTARQY=,MFYKGz/BFpFCn14Ff2DiDRery3s=
-6,-46,GCYCaKTyPZwSW14KB+mHTYTARQY=,MFYKGz/BFpFCn14Ff2DiDRery3s=
-1,-47,GCYCaKTyPZwSW14KB+mHTYTARQY=,MFYKGz/BFpFCn14Ff2DiDRery3s=
-4,-45,GCYCaKTyPZwSW14KB+mHTYTARQY=,MFYKGz/BFpFCn14Ff2DiDRery3s=
-13,-46,GCYCaKTyPZwSW14KB+mHTYTARQY=,MFYKGz/BFpFCn14Ff2DiDRery3s=
-14,-46,GCYCaKTyPZwSW14KB+mHTYTARQY=,MFYKGz/BFpFCn14Ff2DiDRery3s=
-15,-46,GCYCaKTyPZwSW14KB+mHTYTARQY=,MFYKGz/BFpFCn14Ff2DiDRery3s=
-16,-46,GCYCaKTyPZwSW14KB+mHTYTARQY=,MFYKGz/BFpFCn14Ff2DiDRery3s=
-2,-33,GCYCaKTyPZwSW14KB+mHTYTARQY=,MFYKGz/BFpFCn14Ff2DiDRery3s=
-5,-45,GCYCaKTyPZwSW14KB+mHTYTARQY=,MFYKGz/BFpFCn14Ff2DiDRery3s=
-3,-33,GCYCaKTyPZwSW14KB+mHTYTARQY=,MFYKGz/BFpFCn14Ff2DiDRery3s=
-14,-48,GCYCaKTyPZwSW14KB+mHTYTARQY=,MFYKGz/BFpFCn14Ff2DiDRery3s=
-6,-45,GCYCaKTyPZwSW14KB+mHTYTARQY=,MFYKGz/BFpFCn14Ff2DiDRery3s=
-4,-33,GCYCaKTyPZwSW14KB+mHTYTARQY=,MFYKGz/BFpFCn14Ff2DiDRery3s=
-5,-33,GCYCaKTyPZwSW14KB+mHTYTARQY=,MFYKGz/BFpFCn14Ff2DiDRery3s=
-8,-46,GCYCaKTyPZwSW14KB+mHTYTARQY=,MFYKGz/BFpFCn14Ff2DiDRery3s=
-7,-46,GCYCaKTyPZwSW14KB+mHTYTARQY=,MFYKGz/BFpFCn14Ff2DiDRery3s=
-6,-33,GCYCaKTyPZwSW14KB+mHTYTARQY=,MFYKGz/BFpFCn14Ff2DiDRery3s=
-10,-33,GCYCaKTyPZwSW14KB+mHTYTARQY=,MFYKGz/BFpFCn14Ff2DiDRery3s=
-11,-33,GCYCaKTyPZwSW14KB+mHTYTARQY=,MFYKGz/BFpFCn14Ff2DiDRery3s=
-12,-33,GCYCaKTyPZwSW14KB+mHTYTARQY=,MFYKGz/BFpFCn14Ff2DiDRery3s=
-13,-33,GCYCaKTyPZwSW14KB+mHTYTARQY=,MFYKGz/BFpFCn14Ff2DiDRery3s=
-14,-33,GCYCaKTyPZwSW14KB+mHTYTARQY=,MFYKGz/BFpFCn14Ff2DiDRery3s=
-15,-33,GCYCaKTyPZwSW14KB+mHTYTARQY=,MFYKGz/BFpFCn14Ff2DiDRery3s=
-16,-33,GCYCaKTyPZwSW14KB+mHTYTARQY=,MFYKGz/BFpFCn14Ff2DiDRery3s=
-9,-46,GCYCaKTyPZwSW14KB+mHTYTARQY=,MFYKGz/BFpFCn14Ff2DiDRery3s=
-1,-34,GCYCaKTyPZwSW14KB+mHTYTARQY=,MFYKGz/BFpFCn14Ff2DiDRery3s=
-2,-34,GCYCaKTyPZwSW14KB+mHTYTARQY=,MFYKGz/BFpFCn14Ff2DiDRery3s=
-3,-34,GCYCaKTyPZwSW14KB+mHTYTARQY=,MFYKGz/BFpFCn14Ff2DiDRery3s=
-4,-34,GCYCaKTyPZwSW14KB+mHTYTARQY=,MFYKGz/BFpFCn14Ff2DiDRery3s=
-6,-34,GCYCaKTyPZwSW14KB+mHTYTARQY=,MFYKGz/BFpFCn14Ff2DiDRery3s=
-5,-34,GCYCaKTyPZwSW14KB+mHTYTARQY=,MFYKGz/BFpFCn14Ff2DiDRery3s=
-12,-46,GCYCaKTyPZwSW14KB+mHTYTARQY=,MFYKGz/BFpFCn14Ff2DiDRery3s=
-10,-46,GCYCaKTyPZwSW14KB+mHTYTARQY=,MFYKGz/BFpFCn14Ff2DiDRery3s=
-10,-34,GCYCaKTyPZwSW14KB+mHTYTARQY=,MFYKGz/BFpFCn14Ff2DiDRery3s=
-11,-34,GCYCaKTyPZwSW14KB+mHTYTARQY=,MFYKGz/BFpFCn14Ff2DiDRery3s=
-12,-34,GCYCaKTyPZwSW14KB+mHTYTARQY=,MFYKGz/BFpFCn14Ff2DiDRery3s=
-13,-34,GCYCaKTyPZwSW14KB+mHTYTARQY=,MFYKGz/BFpFCn14Ff2DiDRery3s=
-14,-34,GCYCaKTyPZwSW14KB+mHTYTARQY=,MFYKGz/BFpFCn14Ff2DiDRery3s=
-15,-47,GCYCaKTyPZwSW14KB+mHTYTARQY=,MFYKGz/BFpFCn14Ff2DiDRery3s=
-7,-45,GCYCaKTyPZwSW14KB+mHTYTARQY=,MFYKGz/BFpFCn14Ff2DiDRery3s=
-15,-34,GCYCaKTyPZwSW14KB+mHTYTARQY=,MFYKGz/BFpFCn14Ff2DiDRery3s=
-16,-47,GCYCaKTyPZwSW14KB+mHTYTARQY=,MFYKGz/BFpFCn14Ff2DiDRery3s=
-16,-34,GCYCaKTyPZwSW14KB+mHTYTARQY=,MFYKGz/BFpFCn14Ff2DiDRery3s=
-15,-48,GCYCaKTyPZwSW14KB+mHTYTARQY=,MFYKGz/BFpFCn14Ff2DiDRery3s=
-1,-35,GCYCaKTyPZwSW14KB+mHTYTARQY=,MFYKGz/BFpFCn14Ff2DiDRery3s=
-2,-35,GCYCaKTyPZwSW14KB+mHTYTARQY=,MFYKGz/BFpFCn14Ff2DiDRery3s=
-3,-35,GCYCaKTyPZwSW14KB+mHTYTARQY=,MFYKGz/BFpFCn14Ff2DiDRery3s=
-4,-35,GCYCaKTyPZwSW14KB+mHTYTARQY=,MFYKGz/BFpFCn14Ff2DiDRery3s=
-11,-46,GCYCaKTyPZwSW14KB+mHTYTARQY=,MFYKGz/BFpFCn14Ff2DiDRery3s=
-9,-34,GCYCaKTyPZwSW14KB+mHTYTARQY=,MFYKGz/BFpFCn14Ff2DiDRery3s=
-2,-46,GCYCaKTyPZwSW14KB+mHTYTARQY=,MFYKGz/BFpFCn14Ff2DiDRery3s=
-12,-48,GCYCaKTyPZwSW14KB+mHTYTARQY=,MFYKGz/BFpFCn14Ff2DiDRery3s=
-5,-35,GCYCaKTyPZwSW14KB+mHTYTARQY=,MFYKGz/BFpFCn14Ff2DiDRery3s=
-6,-35,GCYCaKTyPZwSW14KB+mHTYTARQY=,MFYKGz/BFpFCn14Ff2DiDRery3s=
-9,-33,GCYCaKTyPZwSW14KB+mHTYTARQY=,MFYKGz/BFpFCn14Ff2DiDRery3s=
-10,-35,GCYCaKTyPZwSW14KB+mHTYTARQY=,MFYKGz/BFpFCn14Ff2DiDRery3s=
-11,-35,GCYCaKTyPZwSW14KB+mHTYTARQY=,MFYKGz/BFpFCn14Ff2DiDRery3s=
-12,-35,GCYCaKTyPZwSW14KB+mHTYTARQY=,MFYKGz/BFpFCn14Ff2DiDRery3s=
-13,-35,GCYCaKTyPZwSW14KB+mHTYTARQY=,MFYKGz/BFpFCn14Ff2DiDRery3s=
-1,-48,GCYCaKTyPZwSW14KB+mHTYTARQY=,MFYKGz/BFpFCn14Ff2DiDRery3s=
-2,-47,GCYCaKTyPZwSW14KB+mHTYTARQY=,MFYKGz/BFpFCn14Ff2DiDRery3s=
-8,-45,GCYCaKTyPZwSW14KB+mHTYTARQY=,MFYKGz/BFpFCn14Ff2DiDRery3s=
-14,-35,GCYCaKTyPZwSW14KB+mHTYTARQY=,MFYKGz/BFpFCn14Ff2DiDRery3s=
-15,-35,GCYCaKTyPZwSW14KB+mHTYTARQY=,MFYKGz/BFpFCn14Ff2DiDRery3s=
-16,-35,GCYCaKTyPZwSW14KB+mHTYTARQY=,MFYKGz/BFpFCn14Ff2DiDRery3s=
-8,-33,GCYCaKTyPZwSW14KB+mHTYTARQY=,MFYKGz/BFpFCn14Ff2DiDRery3s=
-1,-36,GCYCaKTyPZwSW14KB+mHTYTARQY=,MFYKGz/BFpFCn14Ff2DiDRery3s=
-2,-36,GCYCaKTyPZwSW14KB+mHTYTARQY=,MFYKGz/BFpFCn14Ff2DiDRery3s=
-3,-36,GCYCaKTyPZwSW14KB+mHTYTARQY=,MFYKGz/BFpFCn14Ff2DiDRery3s=
-4,-36,GCYCaKTyPZwSW14KB+mHTYTARQY=,MFYKGz/BFpFCn14Ff2DiDRery3s=
-8,-35,GCYCaKTyPZwSW14KB+mHTYTARQY=,MFYKGz/BFpFCn14Ff2DiDRery3s=
-8,-34,GCYCaKTyPZwSW14KB+mHTYTARQY=,MFYKGz/BFpFCn14Ff2DiDRery3s=
-7,-34,GCYCaKTyPZwSW14KB+mHTYTARQY=,MFYKGz/BFpFCn14Ff2DiDRery3s=
-6,-36,GCYCaKTyPZwSW14KB+mHTYTARQY=,MFYKGz/BFpFCn14Ff2DiDRery3s=
-9,-36,GCYCaKTyPZwSW14KB+mHTYTARQY=,MFYKGz/BFpFCn14Ff2DiDRery3s=
-10,-36,GCYCaKTyPZwSW14KB+mHTYTARQY=,MFYKGz/BFpFCn14Ff2DiDRery3s=
-11,-36,GCYCaKTyPZwSW14KB+mHTYTARQY=,MFYKGz/BFpFCn14Ff2DiDRery3s=
-12,-36,GCYCaKTyPZwSW14KB+mHTYTARQY=,MFYKGz/BFpFCn14Ff2DiDRery3s=
-3,-46,GCYCaKTyPZwSW14KB+mHTYTARQY=,MFYKGz/BFpFCn14Ff2DiDRery3s=
-7,-36,GCYCaKTyPZwSW14KB+mHTYTARQY=,MFYKGz/BFpFCn14Ff2DiDRery3s=
-13,-36,GCYCaKTyPZwSW14KB+mHTYTARQY=,MFYKGz/BFpFCn14Ff2DiDRery3s=
-15,-36,GCYCaKTyPZwSW14KB+mHTYTARQY=,MFYKGz/BFpFCn14Ff2DiDRery3s=
-14,-36,GCYCaKTyPZwSW14KB+mHTYTARQY=,MFYKGz/BFpFCn14Ff2DiDRery3s=
-16,-36,GCYCaKTyPZwSW14KB+mHTYTARQY=,MFYKGz/BFpFCn14Ff2DiDRery3s=
-7,-35,GCYCaKTyPZwSW14KB+mHTYTARQY=,MFYKGz/BFpFCn14Ff2DiDRery3s=
-1,-37,GCYCaKTyPZwSW14KB+mHTYTARQY=,MFYKGz/BFpFCn14Ff2DiDRery3s=
-3,-37,GCYCaKTyPZwSW14KB+mHTYTARQY=,MFYKGz/BFpFCn14Ff2DiDRery3s=
-2,-37,GCYCaKTyPZwSW14KB+mHTYTARQY=,MFYKGz/BFpFCn14Ff2DiDRery3s=
-4,-37,GCYCaKTyPZwSW14KB+mHTYTARQY=,MFYKGz/BFpFCn14Ff2DiDRery3s=
-4,-47,GCYCaKTyPZwSW14KB+mHTYTARQY=,MFYKGz/BFpFCn14Ff2DiDRery3s=
-2,-48,GCYCaKTyPZwSW14KB+mHTYTARQY=,MFYKGz/BFpFCn14Ff2DiDRery3s=
-8,-36,GCYCaKTyPZwSW14KB+mHTYTARQY=,MFYKGz/BFpFCn14Ff2DiDRery3s=
-5,-47,GCYCaKTyPZwSW14KB+mHTYTARQY=,MFYKGz/BFpFCn14Ff2DiDRery3s=
-9,-45,GCYCaKTyPZwSW14KB+mHTYTARQY=,MFYKGz/BFpFCn14Ff2DiDRery3s=
-10,-37,GCYCaKTyPZwSW14KB+mHTYTARQY=,MFYKGz/BFpFCn14Ff2DiDRery3s=
-11,-37,GCYCaKTyPZwSW14KB+mHTYTARQY=,MFYKGz/BFpFCn14Ff2DiDRery3s=
-5,-36,GCYCaKTyPZwSW14KB+mHTYTARQY=,MFYKGz/BFpFCn14Ff2DiDRery3s=
-12,-37,GCYCaKTyPZwSW14KB+mHTYTARQY=,MFYKGz/BFpFCn14Ff2DiDRery3s=
-9,-35,GCYCaKTyPZwSW14KB+mHTYTARQY=,MFYKGz/BFpFCn14Ff2DiDRery3s=
-13,-37,GCYCaKTyPZwSW14KB+mHTYTARQY=,MFYKGz/BFpFCn14Ff2DiDRery3s=
-14,-37,GCYCaKTyPZwSW14KB+mHTYTARQY=,MFYKGz/BFpFCn14Ff2DiDRery3s=
-7,-33,GCYCaKTyPZwSW14KB+mHTYTARQY=,MFYKGz/BFpFCn14Ff2DiDRery3s=
-15,-37,GCYCaKTyPZwSW14KB+mHTYTARQY=,MFYKGz/BFpFCn14Ff2DiDRery3s=
-6,-47,GCYCaKTyPZwSW14KB+mHTYTARQY=,MFYKGz/BFpFCn14Ff2DiDRery3s=
-16,-37,GCYCaKTyPZwSW14KB+mHTYTARQY=,MFYKGz/BFpFCn14Ff2DiDRery3s=
-1,-38,GCYCaKTyPZwSW14KB+mHTYTARQY=,MFYKGz/BFpFCn14Ff2DiDRery3s=
-3,-38,GCYCaKTyPZwSW14KB+mHTYTARQY=,MFYKGz/BFpFCn14Ff2DiDRery3s=
-2,-38,GCYCaKTyPZwSW14KB+mHTYTARQY=,MFYKGz/BFpFCn14Ff2DiDRery3s=
-4,-38,GCYCaKTyPZwSW14KB+mHTYTARQY=,MFYKGz/BFpFCn14Ff2DiDRery3s=
-5,-37,GCYCaKTyPZwSW14KB+mHTYTARQY=,MFYKGz/BFpFCn14Ff2DiDRery3s=
-9,-37,GCYCaKTyPZwSW14KB+mHTYTARQY=,MFYKGz/BFpFCn14Ff2DiDRery3s=
-3,-47,GCYCaKTyPZwSW14KB+mHTYTARQY=,MFYKGz/BFpFCn14Ff2DiDRery3s=
-6,-37,GCYCaKTyPZwSW14KB+mHTYTARQY=,MFYKGz/BFpFCn14Ff2DiDRery3s=
-10,-38,GCYCaKTyPZwSW14KB+mHTYTARQY=,MFYKGz/BFpFCn14Ff2DiDRery3s=
-8,-37,GCYCaKTyPZwSW14KB+mHTYTARQY=,MFYKGz/BFpFCn14Ff2DiDRery3s=
-7,-37,GCYCaKTyPZwSW14KB+mHTYTARQY=,MFYKGz/BFpFCn14Ff2DiDRery3s=
-9,-38,GCYCaKTyPZwSW14KB+mHTYTARQY=,MFYKGz/BFpFCn14Ff2DiDRery3s=
-11,-38,GCYCaKTyPZwSW14KB+mHTYTARQY=,MFYKGz/BFpFCn14Ff2DiDRery3s=
-12,-38,GCYCaKTyPZwSW14KB+mHTYTARQY=,MFYKGz/BFpFCn14Ff2DiDRery3s=
-13,-38,GCYCaKTyPZwSW14KB+mHTYTARQY=,MFYKGz/BFpFCn14Ff2DiDRery3s=
-15,-38,GCYCaKTyPZwSW14KB+mHTYTARQY=,MFYKGz/BFpFCn14Ff2DiDRery3s=
-14,-38,GCYCaKTyPZwSW14KB+mHTYTARQY=,MFYKGz/BFpFCn14Ff2DiDRery3s=
-16,-38,GCYCaKTyPZwSW14KB+mHTYTARQY=,MFYKGz/BFpFCn14Ff2DiDRery3s=
-3,-48,GCYCaKTyPZwSW14KB+mHTYTARQY=,MFYKGz/BFpFCn14Ff2DiDRery3s=
-1,-39,GCYCaKTyPZwSW14KB+mHTYTARQY=,MFYKGz/BFpFCn14Ff2DiDRery3s=
-2,-39,GCYCaKTyPZwSW14KB+mHTYTARQY=,MFYKGz/BFpFCn14Ff2DiDRery3s=
-3,-39,GCYCaKTyPZwSW14KB+mHTYTARQY=,MFYKGz/BFpFCn14Ff2DiDRery3s=
-10,-45,GCYCaKTyPZwSW14KB+mHTYTARQY=,MFYKGz/BFpFCn14Ff2DiDRery3s=
-5,-38,GCYCaKTyPZwSW14KB+mHTYTARQY=,MFYKGz/BFpFCn14Ff2DiDRery3s=
-5,-39,GCYCaKTyPZwSW14KB+mHTYTARQY=,MFYKGz/BFpFCn14Ff2DiDRery3s=
-8,-39,GCYCaKTyPZwSW14KB+mHTYTARQY=,MFYKGz/BFpFCn14Ff2DiDRery3s=
-7,-47,GCYCaKTyPZwSW14KB+mHTYTARQY=,MFYKGz/BFpFCn14Ff2DiDRery3s=
-7,-38,GCYCaKTyPZwSW14KB+mHTYTARQY=,MFYKGz/BFpFCn14Ff2DiDRery3s=
-9,-39,GCYCaKTyPZwSW14KB+mHTYTARQY=,MFYKGz/BFpFCn14Ff2DiDRery3s=
-10,-39,GCYCaKTyPZwSW14KB+mHTYTARQY=,MFYKGz/BFpFCn14Ff2DiDRery3s=
-11,-39,GCYCaKTyPZwSW14KB+mHTYTARQY=,MFYKGz/BFpFCn14Ff2DiDRery3s=
-12,-39,GCYCaKTyPZwSW14KB+mHTYTARQY=,MFYKGz/BFpFCn14Ff2DiDRery3s=
-13,-39,GCYCaKTyPZwSW14KB+mHTYTARQY=,MFYKGz/BFpFCn14Ff2DiDRery3s=
-14,-39,GCYCaKTyPZwSW14KB+mHTYTARQY=,MFYKGz/BFpFCn14Ff2DiDRery3s=
-15,-39,GCYCaKTyPZwSW14KB+mHTYTARQY=,MFYKGz/BFpFCn14Ff2DiDRery3s=
-16,-39,GCYCaKTyPZwSW14KB+mHTYTARQY=,MFYKGz/BFpFCn14Ff2DiDRery3s=
-4,-48,GCYCaKTyPZwSW14KB+mHTYTARQY=,MFYKGz/BFpFCn14Ff2DiDRery3s=
-1,-40,GCYCaKTyPZwSW14KB+mHTYTARQY=,MFYKGz/BFpFCn14Ff2DiDRery3s=
-2,-40,GCYCaKTyPZwSW14KB+mHTYTARQY=,MFYKGz/BFpFCn14Ff2DiDRery3s=
-3,-40,GCYCaKTyPZwSW14KB+mHTYTARQY=,MFYKGz/BFpFCn14Ff2DiDRery3s=
-4,-40,GCYCaKTyPZwSW14KB+mHTYTARQY=,MFYKGz/BFpFCn14Ff2DiDRery3s=
-3,-45,GCYCaKTyPZwSW14KB+mHTYTARQY=,MFYKGz/BFpFCn14Ff2DiDRery3s=
-11,-45,GCYCaKTyPZwSW14KB+mHTYTARQY=,MFYKGz/BFpFCn14Ff2DiDRery3s=
-8,-38,GCYCaKTyPZwSW14KB+mHTYTARQY=,MFYKGz/BFpFCn14Ff2DiDRery3s=
-7,-39,GCYCaKTyPZwSW14KB+mHTYTARQY=,MFYKGz/BFpFCn14Ff2DiDRery3s=
-8,-47,GCYCaKTyPZwSW14KB+mHTYTARQY=,MFYKGz/BFpFCn14Ff2DiDRery3s=
-12,-45,GCYCaKTyPZwSW14KB+mHTYTARQY=,MFYKGz/BFpFCn14Ff2DiDRery3s=
-13,-45,GCYCaKTyPZwSW14KB+mHTYTARQY=,MFYKGz/BFpFCn14Ff2DiDRery3s=
-6,-39,GCYCaKTyPZwSW14KB+mHTYTARQY=,MFYKGz/BFpFCn14Ff2DiDRery3s=
-10,-40,GCYCaKTyPZwSW14KB+mHTYTARQY=,MFYKGz/BFpFCn14Ff2DiDRery3s=
-11,-40,GCYCaKTyPZwSW14KB+mHTYTARQY=,MFYKGz/BFpFCn14Ff2DiDRery3s=
-12,-40,GCYCaKTyPZwSW14KB+mHTYTARQY=,MFYKGz/BFpFCn14Ff2DiDRery3s=
-13,-40,GCYCaKTyPZwSW14KB+mHTYTARQY=,MFYKGz/BFpFCn14Ff2DiDRery3s=
-14,-40,GCYCaKTyPZwSW14KB+mHTYTARQY=,MFYKGz/BFpFCn14Ff2DiDRery3s=
-15,-40,GCYCaKTyPZwSW14KB+mHTYTARQY=,MFYKGz/BFpFCn14Ff2DiDRery3s=
-16,-40,GCYCaKTyPZwSW14KB+mHTYTARQY=,MFYKGz/BFpFCn14Ff2DiDRery3s=
-5,-48,GCYCaKTyPZwSW14KB+mHTYTARQY=,MFYKGz/BFpFCn14Ff2DiDRery3s=
-1,-41,GCYCaKTyPZwSW14KB+mHTYTARQY=,MFYKGz/BFpFCn14Ff2DiDRery3s=
-2,-41,GCYCaKTyPZwSW14KB+mHTYTARQY=,MFYKGz/BFpFCn14Ff2DiDRery3s=
-6,-38,GCYCaKTyPZwSW14KB+mHTYTARQY=,MFYKGz/BFpFCn14Ff2DiDRery3s=
-3,-41,GCYCaKTyPZwSW14KB+mHTYTARQY=,MFYKGz/BFpFCn14Ff2DiDRery3s=
-4,-41,GCYCaKTyPZwSW14KB+mHTYTARQY=,MFYKGz/BFpFCn14Ff2DiDRery3s=
-4,-39,GCYCaKTyPZwSW14KB+mHTYTARQY=,MFYKGz/BFpFCn14Ff2DiDRery3s=
-6,-48,GCYCaKTyPZwSW14KB+mHTYTARQY=,MFYKGz/BFpFCn14Ff2DiDRery3s=
-9,-40,GCYCaKTyPZwSW14KB+mHTYTARQY=,MFYKGz/BFpFCn14Ff2DiDRery3s=
-14,-45,GCYCaKTyPZwSW14KB+mHTYTARQY=,MFYKGz/BFpFCn14Ff2DiDRery3s=
-7,-40,GCYCaKTyPZwSW14KB+mHTYTARQY=,MFYKGz/BFpFCn14Ff2DiDRery3s=
-2,-45,GCYCaKTyPZwSW14KB+mHTYTARQY=,MFYKGz/BFpFCn14Ff2DiDRery3s=
-8,-40,GCYCaKTyPZwSW14KB+mHTYTARQY=,MFYKGz/BFpFCn14Ff2DiDRery3s=
-9,-47,GCYCaKTyPZwSW14KB+mHTYTARQY=,MFYKGz/BFpFCn14Ff2DiDRery3s=
-11,-41,GCYCaKTyPZwSW14KB+mHTYTARQY=,MFYKGz/BFpFCn14Ff2DiDRery3s=
-12,-41,GCYCaKTyPZwSW14KB+mHTYTARQY=,MFYKGz/BFpFCn14Ff2DiDRery3s=
-13,-41,GCYCaKTyPZwSW14KB+mHTYTARQY=,MFYKGz/BFpFCn14Ff2DiDRery3s=
-14,-41,GCYCaKTyPZwSW14KB+mHTYTARQY=,MFYKGz/BFpFCn14Ff2DiDRery3s=
-16,-41,GCYCaKTyPZwSW14KB+mHTYTARQY=,MFYKGz/BFpFCn14Ff2DiDRery3s=
-5,-41,GCYCaKTyPZwSW14KB+mHTYTARQY=,MFYKGz/BFpFCn14Ff2DiDRery3s=
-15,-41,GCYCaKTyPZwSW14KB+mHTYTARQY=,MFYKGz/BFpFCn14Ff2DiDRery3s=
-2,-42,GCYCaKTyPZwSW14KB+mHTYTARQY=,MFYKGz/BFpFCn14Ff2DiDRery3s=
-3,-42,GCYCaKTyPZwSW14KB+mHTYTARQY=,MFYKGz/BFpFCn14Ff2DiDRery3s=
-4,-42,GCYCaKTyPZwSW14KB+mHTYTARQY=,MFYKGz/BFpFCn14Ff2DiDRery3s=
-10,-41,GCYCaKTyPZwSW14KB+mHTYTARQY=,MFYKGz/BFpFCn14Ff2DiDRery3s=
-10,-47,GCYCaKTyPZwSW14KB+mHTYTARQY=,MFYKGz/BFpFCn14Ff2DiDRery3s=
-7,-41,GCYCaKTyPZwSW14KB+mHTYTARQY=,MFYKGz/BFpFCn14Ff2DiDRery3s=
-15,-45,GCYCaKTyPZwSW14KB+mHTYTARQY=,MFYKGz/BFpFCn14Ff2DiDRery3s=
-6,-41,GCYCaKTyPZwSW14KB+mHTYTARQY=,MFYKGz/BFpFCn14Ff2DiDRery3s=
-8,-41,GCYCaKTyPZwSW14KB+mHTYTARQY=,MFYKGz/BFpFCn14Ff2DiDRery3s=
-5,-42,GCYCaKTyPZwSW14KB+mHTYTARQY=,MFYKGz/BFpFCn14Ff2DiDRery3s=
-7,-48,GCYCaKTyPZwSW14KB+mHTYTARQY=,MFYKGz/BFpFCn14Ff2DiDRery3s=
-11,-42,GCYCaKTyPZwSW14KB+mHTYTARQY=,MFYKGz/BFpFCn14Ff2DiDRery3s=
-1,-42,GCYCaKTyPZwSW14KB+mHTYTARQY=,MFYKGz/BFpFCn14Ff2DiDRery3s=
-12,-42,GCYCaKTyPZwSW14KB+mHTYTARQY=,MFYKGz/BFpFCn14Ff2DiDRery3s=
-13,-42,GCYCaKTyPZwSW14KB+mHTYTARQY=,MFYKGz/BFpFCn14Ff2DiDRery3s=
-15,-42,GCYCaKTyPZwSW14KB+mHTYTARQY=,MFYKGz/BFpFCn14Ff2DiDRery3s=
-16,-42,GCYCaKTyPZwSW14KB+mHTYTARQY=,MFYKGz/BFpFCn14Ff2DiDRery3s=
-11,-47,GCYCaKTyPZwSW14KB+mHTYTARQY=,MFYKGz/BFpFCn14Ff2DiDRery3s=
-14,-42,GCYCaKTyPZwSW14KB+mHTYTARQY=,MFYKGz/BFpFCn14Ff2DiDRery3s=
-7,-42,GCYCaKTyPZwSW14KB+mHTYTARQY=,MFYKGz/BFpFCn14Ff2DiDRery3s=
-2,-43,GCYCaKTyPZwSW14KB+mHTYTARQY=,MFYKGz/BFpFCn14Ff2DiDRery3s=
-3,-43,GCYCaKTyPZwSW14KB+mHTYTARQY=,MFYKGz/BFpFCn14Ff2DiDRery3s=
-4,-43,GCYCaKTyPZwSW14KB+mHTYTARQY=,MFYKGz/BFpFCn14Ff2DiDRery3s=
-5,-43,GCYCaKTyPZwSW14KB+mHTYTARQY=,MFYKGz/BFpFCn14Ff2DiDRery3s=
-5,-40,GCYCaKTyPZwSW14KB+mHTYTARQY=,MFYKGz/BFpFCn14Ff2DiDRery3s=
-16,-45,GCYCaKTyPZwSW14KB+mHTYTARQY=,MFYKGz/BFpFCn14Ff2DiDRery3s=
-10,-42,GCYCaKTyPZwSW14KB+mHTYTARQY=,MFYKGz/BFpFCn14Ff2DiDRery3s=
-6,-43,GCYCaKTyPZwSW14KB+mHTYTARQY=,MFYKGz/BFpFCn14Ff2DiDRery3s=
-1,-43,GCYCaKTyPZwSW14KB+mHTYTARQY=,MFYKGz/BFpFCn14Ff2DiDRery3s=
-7,-43,GCYCaKTyPZwSW14KB+mHTYTARQY=,MFYKGz/BFpFCn14Ff2DiDRery3s=
-6,-42,GCYCaKTyPZwSW14KB+mHTYTARQY=,MFYKGz/BFpFCn14Ff2DiDRery3s=
-8,-42,GCYCaKTyPZwSW14KB+mHTYTARQY=,MFYKGz/BFpFCn14Ff2DiDRery3s=
-9,-41,GCYCaKTyPZwSW14KB+mHTYTARQY=,MFYKGz/BFpFCn14Ff2DiDRery3s=
-12,-43,GCYCaKTyPZwSW14KB+mHTYTARQY=,MFYKGz/BFpFCn14Ff2DiDRery3s=
-13,-43,GCYCaKTyPZwSW14KB+mHTYTARQY=,MFYKGz/BFpFCn14Ff2DiDRery3s=
-14,-43,GCYCaKTyPZwSW14KB+mHTYTARQY=,MFYKGz/BFpFCn14Ff2DiDRery3s=
-15,-43,GCYCaKTyPZwSW14KB+mHTYTARQY=,MFYKGz/BFpFCn14Ff2DiDRery3s=
-13,-47,GCYCaKTyPZwSW14KB+mHTYTARQY=,MFYKGz/BFpFCn14Ff2DiDRery3s=
-16,-43,GCYCaKTyPZwSW14KB+mHTYTARQY=,MFYKGz/BFpFCn14Ff2DiDRery3s=
-1,-44,GCYCaKTyPZwSW14KB+mHTYTARQY=,MFYKGz/BFpFCn14Ff2DiDRery3s=
-12,-47,GCYCaKTyPZwSW14KB+mHTYTARQY=,MFYKGz/BFpFCn14Ff2DiDRery3s=
-3,-44,GCYCaKTyPZwSW14KB+mHTYTARQY=,MFYKGz/BFpFCn14Ff2DiDRery3s=
-4,-44,GCYCaKTyPZwSW14KB+mHTYTARQY=,MFYKGz/BFpFCn14Ff2DiDRery3s=
-10,-48,GCYCaKTyPZwSW14KB+mHTYTARQY=,MFYKGz/BFpFCn14Ff2DiDRery3s=
-5,-44,GCYCaKTyPZwSW14KB+mHTYTARQY=,MFYKGz/BFpFCn14Ff2DiDRery3s=
-8,-48,GCYCaKTyPZwSW14KB+mHTYTARQY=,MFYKGz/BFpFCn14Ff2DiDRery3s=
-6,-44,GCYCaKTyPZwSW14KB+mHTYTARQY=,MFYKGz/BFpFCn14Ff2DiDRery3s=
-7,-44,GCYCaKTyPZwSW14KB+mHTYTARQY=,MFYKGz/BFpFCn14Ff2DiDRery3s=
-9,-48,GCYCaKTyPZwSW14KB+mHTYTARQY=,MFYKGz/BFpFCn14Ff2DiDRery3s=
-1,-45,GCYCaKTyPZwSW14KB+mHTYTARQY=,MFYKGz/BFpFCn14Ff2DiDRery3s=
-6,-40,GCYCaKTyPZwSW14KB+mHTYTARQY=,MFYKGz/BFpFCn14Ff2DiDRery3s=
-1,-46,GCYCaKTyPZwSW14KB+mHTYTARQY=,MFYKGz/BFpFCn14Ff2DiDRery3s=
-16,-48,GCYCaKTyPZwSW14KB+mHTYTARQY=,MFYKGz/BFpFCn14Ff2DiDRery3s=
-2,-44,GCYCaKTyPZwSW14KB+mHTYTARQY=,MFYKGz/BFpFCn14Ff2DiDRery3s=
-8,-43,GCYCaKTyPZwSW14KB+mHTYTARQY=,MFYKGz/BFpFCn14Ff2DiDRery3s=
-13,-44,GCYCaKTyPZwSW14KB+mHTYTARQY=,MFYKGz/BFpFCn14Ff2DiDRery3s=
-14,-44,GCYCaKTyPZwSW14KB+mHTYTARQY=,MFYKGz/BFpFCn14Ff2DiDRery3s=
-15,-44,GCYCaKTyPZwSW14KB+mHTYTARQY=,MFYKGz/BFpFCn14Ff2DiDRery3s=
-14,-47,GCYCaKTyPZwSW14KB+mHTYTARQY=,MFYKGz/BFpFCn14Ff2DiDRery3s=
-16,-44,GCYCaKTyPZwSW14KB+mHTYTARQY=,MFYKGz/BFpFCn14Ff2DiDRery3s=
-12,-44,GCYCaKTyPZwSW14KB+mHTYTARQY=,MFYKGz/BFpFCn14Ff2DiDRery3s=
-11,-48,GCYCaKTyPZwSW14KB+mHTYTARQY=,MFYKGz/BFpFCn14Ff2DiDRery3s=
-9,-44,GCYCaKTyPZwSW14KB+mHTYTARQY=,MFYKGz/BFpFCn14Ff2DiDRery3s=
-9,-43,GCYCaKTyPZwSW14KB+mHTYTARQY=,MFYKGz/BFpFCn14Ff2DiDRery3s=
-8,-44,GCYCaKTyPZwSW14KB+mHTYTARQY=,MFYKGz/BFpFCn14Ff2DiDRery3s=
-11,-44,GCYCaKTyPZwSW14KB+mHTYTARQY=,MFYKGz/BFpFCn14Ff2DiDRery3s=
-11,-43,GCYCaKTyPZwSW14KB+mHTYTARQY=,MFYKGz/BFpFCn14Ff2DiDRery3s=
-10,-43,GCYCaKTyPZwSW14KB+mHTYTARQY=,MFYKGz/BFpFCn14Ff2DiDRery3s=
-9,-42,GCYCaKTyPZwSW14KB+mHTYTARQY=,MFYKGz/BFpFCn14Ff2DiDRery3s=
-10,-44,GCYCaKTyPZwSW14KB+mHTYTARQY=,MFYKGz/BFpFCn14Ff2DiDRery3s=
-1,-49,GCYCaKTyPZwSW14KB+mHTYTARQY=,11YgpcsraomH48mM9ZivOEFOP9M=
-2,-62,GCYCaKTyPZwSW14KB+mHTYTARQY=,11YgpcsraomH48mM9ZivOEFOP9M=
-1,-62,GCYCaKTyPZwSW14KB+mHTYTARQY=,11YgpcsraomH48mM9ZivOEFOP9M=
-16,-61,GCYCaKTyPZwSW14KB+mHTYTARQY=,11YgpcsraomH48mM9ZivOEFOP9M=
-15,-61,GCYCaKTyPZwSW14KB+mHTYTARQY=,11YgpcsraomH48mM9ZivOEFOP9M=
-14,-61,GCYCaKTyPZwSW14KB+mHTYTARQY=,11YgpcsraomH48mM9ZivOEFOP9M=
-16,-62,GCYCaKTyPZwSW14KB+mHTYTARQY=,11YgpcsraomH48mM9ZivOEFOP9M=
-2,-49,GCYCaKTyPZwSW14KB+mHTYTARQY=,11YgpcsraomH48mM9ZivOEFOP9M=
-13,-64,GCYCaKTyPZwSW14KB+mHTYTARQY=,11YgpcsraomH48mM9ZivOEFOP9M=
-4,-49,GCYCaKTyPZwSW14KB+mHTYTARQY=,11YgpcsraomH48mM9ZivOEFOP9M=
-3,-49,GCYCaKTyPZwSW14KB+mHTYTARQY=,11YgpcsraomH48mM9ZivOEFOP9M=
-3,-62,GCYCaKTyPZwSW14KB+mHTYTARQY=,11YgpcsraomH48mM9ZivOEFOP9M=
-12,-49,GCYCaKTyPZwSW14KB+mHTYTARQY=,11YgpcsraomH48mM9ZivOEFOP9M=
-14,-49,GCYCaKTyPZwSW14KB+mHTYTARQY=,11YgpcsraomH48mM9ZivOEFOP9M=
-15,-63,GCYCaKTyPZwSW14KB+mHTYTARQY=,11YgpcsraomH48mM9ZivOEFOP9M=
-13,-49,GCYCaKTyPZwSW14KB+mHTYTARQY=,11YgpcsraomH48mM9ZivOEFOP9M=
-1,-63,GCYCaKTyPZwSW14KB+mHTYTARQY=,11YgpcsraomH48mM9ZivOEFOP9M=
-15,-49,GCYCaKTyPZwSW14KB+mHTYTARQY=,11YgpcsraomH48mM9ZivOEFOP9M=
-2,-63,GCYCaKTyPZwSW14KB+mHTYTARQY=,11YgpcsraomH48mM9ZivOEFOP9M=
-16,-49,GCYCaKTyPZwSW14KB+mHTYTARQY=,11YgpcsraomH48mM9ZivOEFOP9M=
-1,-50,GCYCaKTyPZwSW14KB+mHTYTARQY=,11YgpcsraomH48mM9ZivOEFOP9M=
-3,-63,GCYCaKTyPZwSW14KB+mHTYTARQY=,11YgpcsraomH48mM9ZivOEFOP9M=
-4,-63,GCYCaKTyPZwSW14KB+mHTYTARQY=,11YgpcsraomH48mM9ZivOEFOP9M=
-5,-63,GCYCaKTyPZwSW14KB+mHTYTARQY=,11YgpcsraomH48mM9ZivOEFOP9M=
-6,-63,GCYCaKTyPZwSW14KB+mHTYTARQY=,11YgpcsraomH48mM9ZivOEFOP9M=
-7,-63,GCYCaKTyPZwSW14KB+mHTYTARQY=,11YgpcsraomH48mM9ZivOEFOP9M=
-8,-63,GCYCaKTyPZwSW14KB+mHTYTARQY=,11YgpcsraomH48mM9ZivOEFOP9M=
-10,-63,GCYCaKTyPZwSW14KB+mHTYTARQY=,11YgpcsraomH48mM9ZivOEFOP9M=
-10,-49,GCYCaKTyPZwSW14KB+mHTYTARQY=,11YgpcsraomH48mM9ZivOEFOP9M=
-13,-63,GCYCaKTyPZwSW14KB+mHTYTARQY=,11YgpcsraomH48mM9ZivOEFOP9M=
-14,-63,GCYCaKTyPZwSW14KB+mHTYTARQY=,11YgpcsraomH48mM9ZivOEFOP9M=
-2,-50,GCYCaKTyPZwSW14KB+mHTYTARQY=,11YgpcsraomH48mM9ZivOEFOP9M=
-14,-64,GCYCaKTyPZwSW14KB+mHTYTARQY=,11YgpcsraomH48mM9ZivOEFOP9M=
-4,-62,GCYCaKTyPZwSW14KB+mHTYTARQY=,11YgpcsraomH48mM9ZivOEFOP9M=
-6,-49,GCYCaKTyPZwSW14KB+mHTYTARQY=,11YgpcsraomH48mM9ZivOEFOP9M=
-4,-50,GCYCaKTyPZwSW14KB+mHTYTARQY=,11YgpcsraomH48mM9ZivOEFOP9M=
-9,-49,GCYCaKTyPZwSW14KB+mHTYTARQY=,11YgpcsraomH48mM9ZivOEFOP9M=
-5,-49,GCYCaKTyPZwSW14KB+mHTYTARQY=,11YgpcsraomH48mM9ZivOEFOP9M=
-11,-63,GCYCaKTyPZwSW14KB+mHTYTARQY=,11YgpcsraomH48mM9ZivOEFOP9M=
-13,-61,GCYCaKTyPZwSW14KB+mHTYTARQY=,11YgpcsraomH48mM9ZivOEFOP9M=
-12,-64,GCYCaKTyPZwSW14KB+mHTYTARQY=,11YgpcsraomH48mM9ZivOEFOP9M=
-8,-50,GCYCaKTyPZwSW14KB+mHTYTARQY=,11YgpcsraomH48mM9ZivOEFOP9M=
-5,-50,GCYCaKTyPZwSW14KB+mHTYTARQY=,11YgpcsraomH48mM9ZivOEFOP9M=
-9,-63,GCYCaKTyPZwSW14KB+mHTYTARQY=,11YgpcsraomH48mM9ZivOEFOP9M=
-11,-49,GCYCaKTyPZwSW14KB+mHTYTARQY=,11YgpcsraomH48mM9ZivOEFOP9M=
-12,-61,GCYCaKTyPZwSW14KB+mHTYTARQY=,11YgpcsraomH48mM9ZivOEFOP9M=
-3,-50,GCYCaKTyPZwSW14KB+mHTYTARQY=,11YgpcsraomH48mM9ZivOEFOP9M=
-13,-50,GCYCaKTyPZwSW14KB+mHTYTARQY=,11YgpcsraomH48mM9ZivOEFOP9M=
-10,-50,GCYCaKTyPZwSW14KB+mHTYTARQY=,11YgpcsraomH48mM9ZivOEFOP9M=
-14,-50,GCYCaKTyPZwSW14KB+mHTYTARQY=,11YgpcsraomH48mM9ZivOEFOP9M=
-15,-50,GCYCaKTyPZwSW14KB+mHTYTARQY=,11YgpcsraomH48mM9ZivOEFOP9M=
-16,-50,GCYCaKTyPZwSW14KB+mHTYTARQY=,11YgpcsraomH48mM9ZivOEFOP9M=
-1,-51,GCYCaKTyPZwSW14KB+mHTYTARQY=,11YgpcsraomH48mM9ZivOEFOP9M=
-2,-51,GCYCaKTyPZwSW14KB+mHTYTARQY=,11YgpcsraomH48mM9ZivOEFOP9M=
-16,-63,GCYCaKTyPZwSW14KB+mHTYTARQY=,11YgpcsraomH48mM9ZivOEFOP9M=
-1,-64,GCYCaKTyPZwSW14KB+mHTYTARQY=,11YgpcsraomH48mM9ZivOEFOP9M=
-3,-51,GCYCaKTyPZwSW14KB+mHTYTARQY=,11YgpcsraomH48mM9ZivOEFOP9M=
-5,-62,GCYCaKTyPZwSW14KB+mHTYTARQY=,11YgpcsraomH48mM9ZivOEFOP9M=
-4,-51,GCYCaKTyPZwSW14KB+mHTYTARQY=,11YgpcsraomH48mM9ZivOEFOP9M=
-6,-51,GCYCaKTyPZwSW14KB+mHTYTARQY=,11YgpcsraomH48mM9ZivOEFOP9M=
-8,-49,GCYCaKTyPZwSW14KB+mHTYTARQY=,11YgpcsraomH48mM9ZivOEFOP9M=
-12,-63,GCYCaKTyPZwSW14KB+mHTYTARQY=,11YgpcsraomH48mM9ZivOEFOP9M=
-9,-51,GCYCaKTyPZwSW14KB+mHTYTARQY=,11YgpcsraomH48mM9ZivOEFOP9M=
-7,-50,GCYCaKTyPZwSW14KB+mHTYTARQY=,11YgpcsraomH48mM9ZivOEFOP9M=
-9,-50,GCYCaKTyPZwSW14KB+mHTYTARQY=,11YgpcsraomH48mM9ZivOEFOP9M=
-12,-50,GCYCaKTyPZwSW14KB+mHTYTARQY=,11YgpcsraomH48mM9ZivOEFOP9M=
-13,-51,GCYCaKTyPZwSW14KB+mHTYTARQY=,11YgpcsraomH48mM9ZivOEFOP9M=
-14,-51,GCYCaKTyPZwSW14KB+mHTYTARQY=,11YgpcsraomH48mM9ZivOEFOP9M=
-15,-51,GCYCaKTyPZwSW14KB+mHTYTARQY=,11YgpcsraomH48mM9ZivOEFOP9M=
-15,-64,GCYCaKTyPZwSW14KB+mHTYTARQY=,11YgpcsraomH48mM9ZivOEFOP9M=
-16,-51,GCYCaKTyPZwSW14KB+mHTYTARQY=,11YgpcsraomH48mM9ZivOEFOP9M=
-1,-52,GCYCaKTyPZwSW14KB+mHTYTARQY=,11YgpcsraomH48mM9ZivOEFOP9M=
-2,-52,GCYCaKTyPZwSW14KB+mHTYTARQY=,11YgpcsraomH48mM9ZivOEFOP9M=
-3,-52,GCYCaKTyPZwSW14KB+mHTYTARQY=,11YgpcsraomH48mM9ZivOEFOP9M=
-2,-64,GCYCaKTyPZwSW14KB+mHTYTARQY=,11YgpcsraomH48mM9ZivOEFOP9M=
-4,-52,GCYCaKTyPZwSW14KB+mHTYTARQY=,11YgpcsraomH48mM9ZivOEFOP9M=
-6,-62,GCYCaKTyPZwSW14KB+mHTYTARQY=,11YgpcsraomH48mM9ZivOEFOP9M=
-5,-52,GCYCaKTyPZwSW14KB+mHTYTARQY=,11YgpcsraomH48mM9ZivOEFOP9M=
-11,-50,GCYCaKTyPZwSW14KB+mHTYTARQY=,11YgpcsraomH48mM9ZivOEFOP9M=
-8,-51,GCYCaKTyPZwSW14KB+mHTYTARQY=,11YgpcsraomH48mM9ZivOEFOP9M=
-11,-61,GCYCaKTyPZwSW14KB+mHTYTARQY=,11YgpcsraomH48mM9ZivOEFOP9M=
-7,-49,GCYCaKTyPZwSW14KB+mHTYTARQY=,11YgpcsraomH48mM9ZivOEFOP9M=
-11,-51,GCYCaKTyPZwSW14KB+mHTYTARQY=,11YgpcsraomH48mM9ZivOEFOP9M=
-6,-52,GCYCaKTyPZwSW14KB+mHTYTARQY=,11YgpcsraomH48mM9ZivOEFOP9M=
-7,-52,GCYCaKTyPZwSW14KB+mHTYTARQY=,11YgpcsraomH48mM9ZivOEFOP9M=
-11,-52,GCYCaKTyPZwSW14KB+mHTYTARQY=,11YgpcsraomH48mM9ZivOEFOP9M=
-5,-51,GCYCaKTyPZwSW14KB+mHTYTARQY=,11YgpcsraomH48mM9ZivOEFOP9M=
-14,-52,GCYCaKTyPZwSW14KB+mHTYTARQY=,11YgpcsraomH48mM9ZivOEFOP9M=
-15,-52,GCYCaKTyPZwSW14KB+mHTYTARQY=,11YgpcsraomH48mM9ZivOEFOP9M=
-16,-52,GCYCaKTyPZwSW14KB+mHTYTARQY=,11YgpcsraomH48mM9ZivOEFOP9M=
-1,-53,GCYCaKTyPZwSW14KB+mHTYTARQY=,11YgpcsraomH48mM9ZivOEFOP9M=
-2,-53,GCYCaKTyPZwSW14KB+mHTYTARQY=,11YgpcsraomH48mM9ZivOEFOP9M=
-3,-53,GCYCaKTyPZwSW14KB+mHTYTARQY=,11YgpcsraomH48mM9ZivOEFOP9M=
-4,-53,GCYCaKTyPZwSW14KB+mHTYTARQY=,11YgpcsraomH48mM9ZivOEFOP9M=
-3,-64,GCYCaKTyPZwSW14KB+mHTYTARQY=,11YgpcsraomH48mM9ZivOEFOP9M=
-5,-53,GCYCaKTyPZwSW14KB+mHTYTARQY=,11YgpcsraomH48mM9ZivOEFOP9M=
-7,-62,GCYCaKTyPZwSW14KB+mHTYTARQY=,11YgpcsraomH48mM9ZivOEFOP9M=
-6,-53,GCYCaKTyPZwSW14KB+mHTYTARQY=,11YgpcsraomH48mM9ZivOEFOP9M=
-7,-53,GCYCaKTyPZwSW14KB+mHTYTARQY=,11YgpcsraomH48mM9ZivOEFOP9M=
-6,-50,GCYCaKTyPZwSW14KB+mHTYTARQY=,11YgpcsraomH48mM9ZivOEFOP9M=
-8,-52,GCYCaKTyPZwSW14KB+mHTYTARQY=,11YgpcsraomH48mM9ZivOEFOP9M=
-9,-52,GCYCaKTyPZwSW14KB+mHTYTARQY=,11YgpcsraomH48mM9ZivOEFOP9M=
-10,-51,GCYCaKTyPZwSW14KB+mHTYTARQY=,11YgpcsraomH48mM9ZivOEFOP9M=
-12,-53,GCYCaKTyPZwSW14KB+mHTYTARQY=,11YgpcsraomH48mM9ZivOEFOP9M=
-13,-53,GCYCaKTyPZwSW14KB+mHTYTARQY=,11YgpcsraomH48mM9ZivOEFOP9M=
-14,-53,GCYCaKTyPZwSW14KB+mHTYTARQY=,11YgpcsraomH48mM9ZivOEFOP9M=
-15,-53,GCYCaKTyPZwSW14KB+mHTYTARQY=,11YgpcsraomH48mM9ZivOEFOP9M=
-16,-53,GCYCaKTyPZwSW14KB+mHTYTARQY=,11YgpcsraomH48mM9ZivOEFOP9M=
-1,-54,GCYCaKTyPZwSW14KB+mHTYTARQY=,11YgpcsraomH48mM9ZivOEFOP9M=
-2,-54,GCYCaKTyPZwSW14KB+mHTYTARQY=,11YgpcsraomH48mM9ZivOEFOP9M=
-3,-54,GCYCaKTyPZwSW14KB+mHTYTARQY=,11YgpcsraomH48mM9ZivOEFOP9M=
-4,-54,GCYCaKTyPZwSW14KB+mHTYTARQY=,11YgpcsraomH48mM9ZivOEFOP9M=
-5,-54,GCYCaKTyPZwSW14KB+mHTYTARQY=,11YgpcsraomH48mM9ZivOEFOP9M=
-4,-64,GCYCaKTyPZwSW14KB+mHTYTARQY=,11YgpcsraomH48mM9ZivOEFOP9M=
-6,-54,GCYCaKTyPZwSW14KB+mHTYTARQY=,11YgpcsraomH48mM9ZivOEFOP9M=
-8,-62,GCYCaKTyPZwSW14KB+mHTYTARQY=,11YgpcsraomH48mM9ZivOEFOP9M=
-7,-54,GCYCaKTyPZwSW14KB+mHTYTARQY=,11YgpcsraomH48mM9ZivOEFOP9M=
-12,-51,GCYCaKTyPZwSW14KB+mHTYTARQY=,11YgpcsraomH48mM9ZivOEFOP9M=
-10,-52,GCYCaKTyPZwSW14KB+mHTYTARQY=,11YgpcsraomH48mM9ZivOEFOP9M=
-7,-51,GCYCaKTyPZwSW14KB+mHTYTARQY=,11YgpcsraomH48mM9ZivOEFOP9M=
-11,-54,GCYCaKTyPZwSW14KB+mHTYTARQY=,11YgpcsraomH48mM9ZivOEFOP9M=
-12,-54,GCYCaKTyPZwSW14KB+mHTYTARQY=,11YgpcsraomH48mM9ZivOEFOP9M=
-13,-54,GCYCaKTyPZwSW14KB+mHTYTARQY=,11YgpcsraomH48mM9ZivOEFOP9M=
-14,-54,GCYCaKTyPZwSW14KB+mHTYTARQY=,11YgpcsraomH48mM9ZivOEFOP9M=
-15,-54,GCYCaKTyPZwSW14KB+mHTYTARQY=,11YgpcsraomH48mM9ZivOEFOP9M=
-16,-54,GCYCaKTyPZwSW14KB+mHTYTARQY=,11YgpcsraomH48mM9ZivOEFOP9M=
-9,-53,GCYCaKTyPZwSW14KB+mHTYTARQY=,11YgpcsraomH48mM9ZivOEFOP9M=
-1,-55,GCYCaKTyPZwSW14KB+mHTYTARQY=,11YgpcsraomH48mM9ZivOEFOP9M=
-8,-53,GCYCaKTyPZwSW14KB+mHTYTARQY=,11YgpcsraomH48mM9ZivOEFOP9M=
-3,-55,GCYCaKTyPZwSW14KB+mHTYTARQY=,11YgpcsraomH48mM9ZivOEFOP9M=
-2,-55,GCYCaKTyPZwSW14KB+mHTYTARQY=,11YgpcsraomH48mM9ZivOEFOP9M=
-4,-55,GCYCaKTyPZwSW14KB+mHTYTARQY=,11YgpcsraomH48mM9ZivOEFOP9M=
-5,-55,GCYCaKTyPZwSW14KB+mHTYTARQY=,11YgpcsraomH48mM9ZivOEFOP9M=
-6,-55,GCYCaKTyPZwSW14KB+mHTYTARQY=,11YgpcsraomH48mM9ZivOEFOP9M=
-5,-64,GCYCaKTyPZwSW14KB+mHTYTARQY=,11YgpcsraomH48mM9ZivOEFOP9M=
-7,-55,GCYCaKTyPZwSW14KB+mHTYTARQY=,11YgpcsraomH48mM9ZivOEFOP9M=
-9,-62,GCYCaKTyPZwSW14KB+mHTYTARQY=,11YgpcsraomH48mM9ZivOEFOP9M=
-8,-55,GCYCaKTyPZwSW14KB+mHTYTARQY=,11YgpcsraomH48mM9ZivOEFOP9M=
-11,-53,GCYCaKTyPZwSW14KB+mHTYTARQY=,11YgpcsraomH48mM9ZivOEFOP9M=
-13,-52,GCYCaKTyPZwSW14KB+mHTYTARQY=,11YgpcsraomH48mM9ZivOEFOP9M=
-12,-52,GCYCaKTyPZwSW14KB+mHTYTARQY=,11YgpcsraomH48mM9ZivOEFOP9M=
-13,-55,GCYCaKTyPZwSW14KB+mHTYTARQY=,11YgpcsraomH48mM9ZivOEFOP9M=
-14,-55,GCYCaKTyPZwSW14KB+mHTYTARQY=,11YgpcsraomH48mM9ZivOEFOP9M=
-16,-55,GCYCaKTyPZwSW14KB+mHTYTARQY=,11YgpcsraomH48mM9ZivOEFOP9M=
-15,-55,GCYCaKTyPZwSW14KB+mHTYTARQY=,11YgpcsraomH48mM9ZivOEFOP9M=
-1,-56,GCYCaKTyPZwSW14KB+mHTYTARQY=,11YgpcsraomH48mM9ZivOEFOP9M=
-10,-61,GCYCaKTyPZwSW14KB+mHTYTARQY=,11YgpcsraomH48mM9ZivOEFOP9M=
-2,-56,GCYCaKTyPZwSW14KB+mHTYTARQY=,11YgpcsraomH48mM9ZivOEFOP9M=
-3,-56,GCYCaKTyPZwSW14KB+mHTYTARQY=,11YgpcsraomH48mM9ZivOEFOP9M=
-4,-56,GCYCaKTyPZwSW14KB+mHTYTARQY=,11YgpcsraomH48mM9ZivOEFOP9M=
-5,-56,GCYCaKTyPZwSW14KB+mHTYTARQY=,11YgpcsraomH48mM9ZivOEFOP9M=
-6,-56,GCYCaKTyPZwSW14KB+mHTYTARQY=,11YgpcsraomH48mM9ZivOEFOP9M=
-7,-56,GCYCaKTyPZwSW14KB+mHTYTARQY=,11YgpcsraomH48mM9ZivOEFOP9M=
-6,-64,GCYCaKTyPZwSW14KB+mHTYTARQY=,11YgpcsraomH48mM9ZivOEFOP9M=
-8,-56,GCYCaKTyPZwSW14KB+mHTYTARQY=,11YgpcsraomH48mM9ZivOEFOP9M=
-10,-53,GCYCaKTyPZwSW14KB+mHTYTARQY=,11YgpcsraomH48mM9ZivOEFOP9M=
-12,-55,GCYCaKTyPZwSW14KB+mHTYTARQY=,11YgpcsraomH48mM9ZivOEFOP9M=
-9,-55,GCYCaKTyPZwSW14KB+mHTYTARQY=,11YgpcsraomH48mM9ZivOEFOP9M=
-9,-56,GCYCaKTyPZwSW14KB+mHTYTARQY=,11YgpcsraomH48mM9ZivOEFOP9M=
-10,-55,GCYCaKTyPZwSW14KB+mHTYTARQY=,11YgpcsraomH48mM9ZivOEFOP9M=
-9,-54,GCYCaKTyPZwSW14KB+mHTYTARQY=,11YgpcsraomH48mM9ZivOEFOP9M=
-9,-61,GCYCaKTyPZwSW14KB+mHTYTARQY=,11YgpcsraomH48mM9ZivOEFOP9M=
-14,-56,GCYCaKTyPZwSW14KB+mHTYTARQY=,11YgpcsraomH48mM9ZivOEFOP9M=
-13,-56,GCYCaKTyPZwSW14KB+mHTYTARQY=,11YgpcsraomH48mM9ZivOEFOP9M=
-8,-61,GCYCaKTyPZwSW14KB+mHTYTARQY=,11YgpcsraomH48mM9ZivOEFOP9M=
-15,-56,GCYCaKTyPZwSW14KB+mHTYTARQY=,11YgpcsraomH48mM9ZivOEFOP9M=
-16,-56,GCYCaKTyPZwSW14KB+mHTYTARQY=,11YgpcsraomH48mM9ZivOEFOP9M=
-1,-57,GCYCaKTyPZwSW14KB+mHTYTARQY=,11YgpcsraomH48mM9ZivOEFOP9M=
-7,-61,GCYCaKTyPZwSW14KB+mHTYTARQY=,11YgpcsraomH48mM9ZivOEFOP9M=
-2,-57,GCYCaKTyPZwSW14KB+mHTYTARQY=,11YgpcsraomH48mM9ZivOEFOP9M=
-16,-64,GCYCaKTyPZwSW14KB+mHTYTARQY=,11YgpcsraomH48mM9ZivOEFOP9M=
-3,-57,GCYCaKTyPZwSW14KB+mHTYTARQY=,11YgpcsraomH48mM9ZivOEFOP9M=
-4,-57,GCYCaKTyPZwSW14KB+mHTYTARQY=,11YgpcsraomH48mM9ZivOEFOP9M=
-5,-57,GCYCaKTyPZwSW14KB+mHTYTARQY=,11YgpcsraomH48mM9ZivOEFOP9M=
-6,-61,GCYCaKTyPZwSW14KB+mHTYTARQY=,11YgpcsraomH48mM9ZivOEFOP9M=
-6,-57,GCYCaKTyPZwSW14KB+mHTYTARQY=,11YgpcsraomH48mM9ZivOEFOP9M=
-7,-57,GCYCaKTyPZwSW14KB+mHTYTARQY=,11YgpcsraomH48mM9ZivOEFOP9M=
-5,-61,GCYCaKTyPZwSW14KB+mHTYTARQY=,11YgpcsraomH48mM9ZivOEFOP9M=
-7,-64,GCYCaKTyPZwSW14KB+mHTYTARQY=,11YgpcsraomH48mM9ZivOEFOP9M=
-4,-61,GCYCaKTyPZwSW14KB+mHTYTARQY=,11YgpcsraomH48mM9ZivOEFOP9M=
-3,-61,GCYCaKTyPZwSW14KB+mHTYTARQY=,11YgpcsraomH48mM9ZivOEFOP9M=
-2,-61,GCYCaKTyPZwSW14KB+mHTYTARQY=,11YgpcsraomH48mM9ZivOEFOP9M=
-15,-62,GCYCaKTyPZwSW14KB+mHTYTARQY=,11YgpcsraomH48mM9ZivOEFOP9M=
-1,-61,GCYCaKTyPZwSW14KB+mHTYTARQY=,11YgpcsraomH48mM9ZivOEFOP9M=
-16,-60,GCYCaKTyPZwSW14KB+mHTYTARQY=,11YgpcsraomH48mM9ZivOEFOP9M=
-15,-60,GCYCaKTyPZwSW14KB+mHTYTARQY=,11YgpcsraomH48mM9ZivOEFOP9M=
-12,-56,GCYCaKTyPZwSW14KB+mHTYTARQY=,11YgpcsraomH48mM9ZivOEFOP9M=
-14,-60,GCYCaKTyPZwSW14KB+mHTYTARQY=,11YgpcsraomH48mM9ZivOEFOP9M=
-10,-54,GCYCaKTyPZwSW14KB+mHTYTARQY=,11YgpcsraomH48mM9ZivOEFOP9M=
-13,-60,GCYCaKTyPZwSW14KB+mHTYTARQY=,11YgpcsraomH48mM9ZivOEFOP9M=
-14,-62,GCYCaKTyPZwSW14KB+mHTYTARQY=,11YgpcsraomH48mM9ZivOEFOP9M=
-8,-54,GCYCaKTyPZwSW14KB+mHTYTARQY=,11YgpcsraomH48mM9ZivOEFOP9M=
-10,-62,GCYCaKTyPZwSW14KB+mHTYTARQY=,11YgpcsraomH48mM9ZivOEFOP9M=
-8,-57,GCYCaKTyPZwSW14KB+mHTYTARQY=,11YgpcsraomH48mM9ZivOEFOP9M=
-13,-57,GCYCaKTyPZwSW14KB+mHTYTARQY=,11YgpcsraomH48mM9ZivOEFOP9M=
-14,-57,GCYCaKTyPZwSW14KB+mHTYTARQY=,11YgpcsraomH48mM9ZivOEFOP9M=
-15,-57,GCYCaKTyPZwSW14KB+mHTYTARQY=,11YgpcsraomH48mM9ZivOEFOP9M=
-16,-57,GCYCaKTyPZwSW14KB+mHTYTARQY=,11YgpcsraomH48mM9ZivOEFOP9M=
-1,-58,GCYCaKTyPZwSW14KB+mHTYTARQY=,11YgpcsraomH48mM9ZivOEFOP9M=
-2,-58,GCYCaKTyPZwSW14KB+mHTYTARQY=,11YgpcsraomH48mM9ZivOEFOP9M=
-3,-58,GCYCaKTyPZwSW14KB+mHTYTARQY=,11YgpcsraomH48mM9ZivOEFOP9M=
-4,-58,GCYCaKTyPZwSW14KB+mHTYTARQY=,11YgpcsraomH48mM9ZivOEFOP9M=
-5,-58,GCYCaKTyPZwSW14KB+mHTYTARQY=,11YgpcsraomH48mM9ZivOEFOP9M=
-6,-58,GCYCaKTyPZwSW14KB+mHTYTARQY=,11YgpcsraomH48mM9ZivOEFOP9M=
-7,-58,GCYCaKTyPZwSW14KB+mHTYTARQY=,11YgpcsraomH48mM9ZivOEFOP9M=
-11,-55,GCYCaKTyPZwSW14KB+mHTYTARQY=,11YgpcsraomH48mM9ZivOEFOP9M=
-10,-56,GCYCaKTyPZwSW14KB+mHTYTARQY=,11YgpcsraomH48mM9ZivOEFOP9M=
-8,-64,GCYCaKTyPZwSW14KB+mHTYTARQY=,11YgpcsraomH48mM9ZivOEFOP9M=
-11,-62,GCYCaKTyPZwSW14KB+mHTYTARQY=,11YgpcsraomH48mM9ZivOEFOP9M=
-11,-56,GCYCaKTyPZwSW14KB+mHTYTARQY=,11YgpcsraomH48mM9ZivOEFOP9M=
-10,-57,GCYCaKTyPZwSW14KB+mHTYTARQY=,11YgpcsraomH48mM9ZivOEFOP9M=
-11,-58,GCYCaKTyPZwSW14KB+mHTYTARQY=,11YgpcsraomH48mM9ZivOEFOP9M=
-13,-58,GCYCaKTyPZwSW14KB+mHTYTARQY=,11YgpcsraomH48mM9ZivOEFOP9M=
-14,-58,GCYCaKTyPZwSW14KB+mHTYTARQY=,11YgpcsraomH48mM9ZivOEFOP9M=
-15,-58,GCYCaKTyPZwSW14KB+mHTYTARQY=,11YgpcsraomH48mM9ZivOEFOP9M=
-16,-58,GCYCaKTyPZwSW14KB+mHTYTARQY=,11YgpcsraomH48mM9ZivOEFOP9M=
-1,-59,GCYCaKTyPZwSW14KB+mHTYTARQY=,11YgpcsraomH48mM9ZivOEFOP9M=
-2,-59,GCYCaKTyPZwSW14KB+mHTYTARQY=,11YgpcsraomH48mM9ZivOEFOP9M=
-3,-59,GCYCaKTyPZwSW14KB+mHTYTARQY=,11YgpcsraomH48mM9ZivOEFOP9M=
-4,-59,GCYCaKTyPZwSW14KB+mHTYTARQY=,11YgpcsraomH48mM9ZivOEFOP9M=
-5,-59,GCYCaKTyPZwSW14KB+mHTYTARQY=,11YgpcsraomH48mM9ZivOEFOP9M=
-6,-59,GCYCaKTyPZwSW14KB+mHTYTARQY=,11YgpcsraomH48mM9ZivOEFOP9M=
-7,-59,GCYCaKTyPZwSW14KB+mHTYTARQY=,11YgpcsraomH48mM9ZivOEFOP9M=
-8,-59,GCYCaKTyPZwSW14KB+mHTYTARQY=,11YgpcsraomH48mM9ZivOEFOP9M=
-10,-58,GCYCaKTyPZwSW14KB+mHTYTARQY=,11YgpcsraomH48mM9ZivOEFOP9M=
-9,-59,GCYCaKTyPZwSW14KB+mHTYTARQY=,11YgpcsraomH48mM9ZivOEFOP9M=
-12,-57,GCYCaKTyPZwSW14KB+mHTYTARQY=,11YgpcsraomH48mM9ZivOEFOP9M=
-9,-57,GCYCaKTyPZwSW14KB+mHTYTARQY=,11YgpcsraomH48mM9ZivOEFOP9M=
-12,-59,GCYCaKTyPZwSW14KB+mHTYTARQY=,11YgpcsraomH48mM9ZivOEFOP9M=
-13,-59,GCYCaKTyPZwSW14KB+mHTYTARQY=,11YgpcsraomH48mM9ZivOEFOP9M=
-14,-59,GCYCaKTyPZwSW14KB+mHTYTARQY=,11YgpcsraomH48mM9ZivOEFOP9M=
-15,-59,GCYCaKTyPZwSW14KB+mHTYTARQY=,11YgpcsraomH48mM9ZivOEFOP9M=
-1,-60,GCYCaKTyPZwSW14KB+mHTYTARQY=,11YgpcsraomH48mM9ZivOEFOP9M=
-16,-59,GCYCaKTyPZwSW14KB+mHTYTARQY=,11YgpcsraomH48mM9ZivOEFOP9M=
-9,-58,GCYCaKTyPZwSW14KB+mHTYTARQY=,11YgpcsraomH48mM9ZivOEFOP9M=
-2,-60,GCYCaKTyPZwSW14KB+mHTYTARQY=,11YgpcsraomH48mM9ZivOEFOP9M=
-11,-59,GCYCaKTyPZwSW14KB+mHTYTARQY=,11YgpcsraomH48mM9ZivOEFOP9M=
-3,-60,GCYCaKTyPZwSW14KB+mHTYTARQY=,11YgpcsraomH48mM9ZivOEFOP9M=
-5,-60,GCYCaKTyPZwSW14KB+mHTYTARQY=,11YgpcsraomH48mM9ZivOEFOP9M=
-12,-62,GCYCaKTyPZwSW14KB+mHTYTARQY=,11YgpcsraomH48mM9ZivOEFOP9M=
-4,-60,GCYCaKTyPZwSW14KB+mHTYTARQY=,11YgpcsraomH48mM9ZivOEFOP9M=
-6,-60,GCYCaKTyPZwSW14KB+mHTYTARQY=,11YgpcsraomH48mM9ZivOEFOP9M=
-8,-60,GCYCaKTyPZwSW14KB+mHTYTARQY=,11YgpcsraomH48mM9ZivOEFOP9M=
-7,-60,GCYCaKTyPZwSW14KB+mHTYTARQY=,11YgpcsraomH48mM9ZivOEFOP9M=
-8,-58,GCYCaKTyPZwSW14KB+mHTYTARQY=,11YgpcsraomH48mM9ZivOEFOP9M=
-12,-60,GCYCaKTyPZwSW14KB+mHTYTARQY=,11YgpcsraomH48mM9ZivOEFOP9M=
-9,-64,GCYCaKTyPZwSW14KB+mHTYTARQY=,11YgpcsraomH48mM9ZivOEFOP9M=
-10,-60,GCYCaKTyPZwSW14KB+mHTYTARQY=,11YgpcsraomH48mM9ZivOEFOP9M=
-9,-60,GCYCaKTyPZwSW14KB+mHTYTARQY=,11YgpcsraomH48mM9ZivOEFOP9M=
-10,-59,GCYCaKTyPZwSW14KB+mHTYTARQY=,11YgpcsraomH48mM9ZivOEFOP9M=
-11,-60,GCYCaKTyPZwSW14KB+mHTYTARQY=,11YgpcsraomH48mM9ZivOEFOP9M=
-11,-64,GCYCaKTyPZwSW14KB+mHTYTARQY=,11YgpcsraomH48mM9ZivOEFOP9M=
-12,-58,GCYCaKTyPZwSW14KB+mHTYTARQY=,11YgpcsraomH48mM9ZivOEFOP9M=
-10,-64,GCYCaKTyPZwSW14KB+mHTYTARQY=,11YgpcsraomH48mM9ZivOEFOP9M=
-11,-57,GCYCaKTyPZwSW14KB+mHTYTARQY=,11YgpcsraomH48mM9ZivOEFOP9M=
-13,-62,GCYCaKTyPZwSW14KB+mHTYTARQY=,11YgpcsraomH48mM9ZivOEFOP9M=
