-93,112,wyHUDcHzbcpHDy0YZQWO3o2D4nc=,Z9rTS/579JUZsGi7OGFqEM/h6V8=
-84,115,wyHUDcHzbcpHDy0YZQWO3o2D4nc=,Z9rTS/579JUZsGi7OGFqEM/h6V8=
-82,114,wyHUDcHzbcpHDy0YZQWO3o2D4nc=,Z9rTS/579JUZsGi7OGFqEM/h6V8=
-81,113,wyHUDcHzbcpHDy0YZQWO3o2D4nc=,Z9rTS/579JUZsGi7OGFqEM/h6V8=
-92,112,wyHUDcHzbcpHDy0YZQWO3o2D4nc=,Z9rTS/579JUZsGi7OGFqEM/h6V8=
-81,127,wyHUDcHzbcpHDy0YZQWO3o2D4nc=,Z9rTS/579JUZsGi7OGFqEM/h6V8=
-83,115,wyHUDcHzbcpHDy0YZQWO3o2D4nc=,Z9rTS/579JUZsGi7OGFqEM/h6V8=
-84,114,wyHUDcHzbcpHDy0YZQWO3o2D4nc=,Z9rTS/579JUZsGi7OGFqEM/h6V8=
-83,114,wyHUDcHzbcpHDy0YZQWO3o2D4nc=,Z9rTS/579JUZsGi7OGFqEM/h6V8=
-87,114,wyHUDcHzbcpHDy0YZQWO3o2D4nc=,Z9rTS/579JUZsGi7OGFqEM/h6V8=
-82,115,wyHUDcHzbcpHDy0YZQWO3o2D4nc=,Z9rTS/579JUZsGi7OGFqEM/h6V8=
-85,114,wyHUDcHzbcpHDy0YZQWO3o2D4nc=,Z9rTS/579JUZsGi7OGFqEM/h6V8=
-86,114,wyHUDcHzbcpHDy0YZQWO3o2D4nc=,Z9rTS/579JUZsGi7OGFqEM/h6V8=
-88,114,wyHUDcHzbcpHDy0YZQWO3o2D4nc=,Z9rTS/579JUZsGi7OGFqEM/h6V8=
-91,112,wyHUDcHzbcpHDy0YZQWO3o2D4nc=,Z9rTS/579JUZsGi7OGFqEM/h6V8=
-89,114,wyHUDcHzbcpHDy0YZQWO3o2D4nc=,Z9rTS/579JUZsGi7OGFqEM/h6V8=
-90,114,wyHUDcHzbcpHDy0YZQWO3o2D4nc=,Z9rTS/579JUZsGi7OGFqEM/h6V8=
-91,114,wyHUDcHzbcpHDy0YZQWO3o2D4nc=,Z9rTS/579JUZsGi7OGFqEM/h6V8=
-81,115,wyHUDcHzbcpHDy0YZQWO3o2D4nc=,Z9rTS/579JUZsGi7OGFqEM/h6V8=
-92,114,wyHUDcHzbcpHDy0YZQWO3o2D4nc=,Z9rTS/579JUZsGi7OGFqEM/h6V8=
-93,114,wyHUDcHzbcpHDy0YZQWO3o2D4nc=,Z9rTS/579JUZsGi7OGFqEM/h6V8=
-94,114,wyHUDcHzbcpHDy0YZQWO3o2D4nc=,Z9rTS/579JUZsGi7OGFqEM/h6V8=
-96,116,wyHUDcHzbcpHDy0YZQWO3o2D4nc=,Z9rTS/579JUZsGi7OGFqEM/h6V8=
-85,115,wyHUDcHzbcpHDy0YZQWO3o2D4nc=,Z9rTS/579JUZsGi7OGFqEM/h6V8=
-95,114,wyHUDcHzbcpHDy0YZQWO3o2D4nc=,Z9rTS/579JUZsGi7OGFqEM/h6V8=
-94,113,wyHUDcHzbcpHDy0YZQWO3o2D4nc=,Z9rTS/579JUZsGi7OGFqEM/h6V8=
-82,127,wyHUDcHzbcpHDy0YZQWO3o2D4nc=,Z9rTS/579JUZsGi7OGFqEM/h6V8=
-83,127,wyHUDcHzbcpHDy0YZQWO3o2D4nc=,Z9rTS/579JUZsGi7OGFqEM/h6V8=
-85,127,wyHUDcHzbcpHDy0YZQWO3o2D4nc=,Z9rTS/579JUZsGi7OGFqEM/h6V8=
-95,116,wyHUDcHzbcpHDy0YZQWO3o2D4nc=,Z9rTS/579JUZsGi7OGFqEM/h6V8=
-94,112,wyHUDcHzbcpHDy0YZQWO3o2D4nc=,Z9rTS/579JUZsGi7OGFqEM/h6V8=
-94,116,wyHUDcHzbcpHDy0YZQWO3o2D4nc=,Z9rTS/579JUZsGi7OGFqEM/h6V8=
-84,127,wyHUDcHzbcpHDy0YZQWO3o2D4nc=,Z9rTS/579JUZsGi7OGFqEM/h6V8=
-96,114,wyHUDcHzbcpHDy0YZQWO3o2D4nc=,Z9rTS/579JUZsGi7OGFqEM/h6V8=
-86,115,wyHUDcHzbcpHDy0YZQWO3o2D4nc=,Z9rTS/579JUZsGi7OGFqEM/h6V8=
-93,116,wyHUDcHzbcpHDy0YZQWO3o2D4nc=,Z9rTS/579JUZsGi7OGFqEM/h6V8=
-92,116,wyHUDcHzbcpHDy0YZQWO3o2D4nc=,Z9rTS/579JUZsGi7OGFqEM/h6V8=
-91,116,wyHUDcHzbcpHDy0YZQWO3o2D4nc=,Z9rTS/579JUZsGi7OGFqEM/h6V8=
-90,116,wyHUDcHzbcpHDy0YZQWO3o2D4nc=,Z9rTS/579JUZsGi7OGFqEM/h6V8=
-91,127,wyHUDcHzbcpHDy0YZQWO3o2D4nc=,Z9rTS/579JUZsGi7OGFqEM/h6V8=
-89,116,wyHUDcHzbcpHDy0YZQWO3o2D4nc=,Z9rTS/579JUZsGi7OGFqEM/h6V8=
-92,127,wyHUDcHzbcpHDy0YZQWO3o2D4nc=,Z9rTS/579JUZsGi7OGFqEM/h6V8=
-88,116,wyHUDcHzbcpHDy0YZQWO3o2D4nc=,Z9rTS/579JUZsGi7OGFqEM/h6V8=
-93,127,wyHUDcHzbcpHDy0YZQWO3o2D4nc=,Z9rTS/579JUZsGi7OGFqEM/h6V8=
-86,116,wyHUDcHzbcpHDy0YZQWO3o2D4nc=,Z9rTS/579JUZsGi7OGFqEM/h6V8=
-87,116,wyHUDcHzbcpHDy0YZQWO3o2D4nc=,Z9rTS/579JUZsGi7OGFqEM/h6V8=
-90,127,wyHUDcHzbcpHDy0YZQWO3o2D4nc=,Z9rTS/579JUZsGi7OGFqEM/h6V8=
-94,127,wyHUDcHzbcpHDy0YZQWO3o2D4nc=,Z9rTS/579JUZsGi7OGFqEM/h6V8=
-82,113,wyHUDcHzbcpHDy0YZQWO3o2D4nc=,Z9rTS/579JUZsGi7OGFqEM/h6V8=
-96,127,wyHUDcHzbcpHDy0YZQWO3o2D4nc=,Z9rTS/579JUZsGi7OGFqEM/h6V8=
-81,114,wyHUDcHzbcpHDy0YZQWO3o2D4nc=,Z9rTS/579JUZsGi7OGFqEM/h6V8=
-95,127,wyHUDcHzbcpHDy0YZQWO3o2D4nc=,Z9rTS/579JUZsGi7OGFqEM/h6V8=
-81,126,wyHUDcHzbcpHDy0YZQWO3o2D4nc=,Z9rTS/579JUZsGi7OGFqEM/h6V8=
-85,116,wyHUDcHzbcpHDy0YZQWO3o2D4nc=,Z9rTS/579JUZsGi7OGFqEM/h6V8=
-90,112,wyHUDcHzbcpHDy0YZQWO3o2D4nc=,Z9rTS/579JUZsGi7OGFqEM/h6V8=
-82,126,wyHUDcHzbcpHDy0YZQWO3o2D4nc=,Z9rTS/579JUZsGi7OGFqEM/h6V8=
-83,126,wyHUDcHzbcpHDy0YZQWO3o2D4nc=,Z9rTS/579JUZsGi7OGFqEM/h6V8=
-84,126,wyHUDcHzbcpHDy0YZQWO3o2D4nc=,Z9rTS/579JUZsGi7OGFqEM/h6V8=
-84,116,wyHUDcHzbcpHDy0YZQWO3o2D4nc=,Z9rTS/579JUZsGi7OGFqEM/h6V8=
-85,126,wyHUDcHzbcpHDy0YZQWO3o2D4nc=,Z9rTS/579JUZsGi7OGFqEM/h6V8=
-86,126,wyHUDcHzbcpHDy0YZQWO3o2D4nc=,Z9rTS/579JUZsGi7OGFqEM/h6V8=
-83,116,wyHUDcHzbcpHDy0YZQWO3o2D4nc=,Z9rTS/579JUZsGi7OGFqEM/h6V8=
-82,116,wyHUDcHzbcpHDy0YZQWO3o2D4nc=,Z9rTS/579JUZsGi7OGFqEM/h6V8=
-81,116,wyHUDcHzbcpHDy0YZQWO3o2D4nc=,Z9rTS/579JUZsGi7OGFqEM/h6V8=
-96,117,wyHUDcHzbcpHDy0YZQWO3o2D4nc=,Z9rTS/579JUZsGi7OGFqEM/h6V8=
-93,113,wyHUDcHzbcpHDy0YZQWO3o2D4nc=,Z9rTS/579JUZsGi7OGFqEM/h6V8=
-95,117,wyHUDcHzbcpHDy0YZQWO3o2D4nc=,Z9rTS/579JUZsGi7OGFqEM/h6V8=
-94,117,wyHUDcHzbcpHDy0YZQWO3o2D4nc=,Z9rTS/579JUZsGi7OGFqEM/h6V8=
-90,126,wyHUDcHzbcpHDy0YZQWO3o2D4nc=,Z9rTS/579JUZsGi7OGFqEM/h6V8=
-93,117,wyHUDcHzbcpHDy0YZQWO3o2D4nc=,Z9rTS/579JUZsGi7OGFqEM/h6V8=
-91,126,wyHUDcHzbcpHDy0YZQWO3o2D4nc=,Z9rTS/579JUZsGi7OGFqEM/h6V8=
-92,117,wyHUDcHzbcpHDy0YZQWO3o2D4nc=,Z9rTS/579JUZsGi7OGFqEM/h6V8=
-91,117,wyHUDcHzbcpHDy0YZQWO3o2D4nc=,Z9rTS/579JUZsGi7OGFqEM/h6V8=
-92,126,wyHUDcHzbcpHDy0YZQWO3o2D4nc=,Z9rTS/579JUZsGi7OGFqEM/h6V8=
-90,117,wyHUDcHzbcpHDy0YZQWO3o2D4nc=,Z9rTS/579JUZsGi7OGFqEM/h6V8=
-93,126,wyHUDcHzbcpHDy0YZQWO3o2D4nc=,Z9rTS/579JUZsGi7OGFqEM/h6V8=
-89,117,wyHUDcHzbcpHDy0YZQWO3o2D4nc=,Z9rTS/579JUZsGi7OGFqEM/h6V8=
-94,126,wyHUDcHzbcpHDy0YZQWO3o2D4nc=,Z9rTS/579JUZsGi7OGFqEM/h6V8=
-88,117,wyHUDcHzbcpHDy0YZQWO3o2D4nc=,Z9rTS/579JUZsGi7OGFqEM/h6V8=
-95,113,wyHUDcHzbcpHDy0YZQWO3o2D4nc=,Z9rTS/579JUZsGi7OGFqEM/h6V8=
-87,117,wyHUDcHzbcpHDy0YZQWO3o2D4nc=,Z9rTS/579JUZsGi7OGFqEM/h6V8=
-86,117,wyHUDcHzbcpHDy0YZQWO3o2D4nc=,Z9rTS/579JUZsGi7OGFqEM/h6V8=
-96,113,wyHUDcHzbcpHDy0YZQWO3o2D4nc=,Z9rTS/579JUZsGi7OGFqEM/h6V8=
-96,115,wyHUDcHzbcpHDy0YZQWO3o2D4nc=,Z9rTS/579JUZsGi7OGFqEM/h6V8=
-87,115,wyHUDcHzbcpHDy0YZQWO3o2D4nc=,Z9rTS/579JUZsGi7OGFqEM/h6V8=
-89,112,wyHUDcHzbcpHDy0YZQWO3o2D4nc=,Z9rTS/579JUZsGi7OGFqEM/h6V8=
-92,113,wyHUDcHzbcpHDy0YZQWO3o2D4nc=,Z9rTS/579JUZsGi7OGFqEM/h6V8=
-95,112,wyHUDcHzbcpHDy0YZQWO3o2D4nc=,Z9rTS/579JUZsGi7OGFqEM/h6V8=
-85,117,wyHUDcHzbcpHDy0YZQWO3o2D4nc=,Z9rTS/579JUZsGi7OGFqEM/h6V8=
-95,126,wyHUDcHzbcpHDy0YZQWO3o2D4nc=,Z9rTS/579JUZsGi7OGFqEM/h6V8=
-96,126,wyHUDcHzbcpHDy0YZQWO3o2D4nc=,Z9rTS/579JUZsGi7OGFqEM/h6V8=
-84,117,wyHUDcHzbcpHDy0YZQWO3o2D4nc=,Z9rTS/579JUZsGi7OGFqEM/h6V8=
-81,125,wyHUDcHzbcpHDy0YZQWO3o2D4nc=,Z9rTS/579JUZsGi7OGFqEM/h6V8=
-83,117,wyHUDcHzbcpHDy0YZQWO3o2D4nc=,Z9rTS/579JUZsGi7OGFqEM/h6V8=
-82,125,wyHUDcHzbcpHDy0YZQWO3o2D4nc=,Z9rTS/579JUZsGi7OGFqEM/h6V8=
-82,117,wyHUDcHzbcpHDy0YZQWO3o2D4nc=,Z9rTS/579JUZsGi7OGFqEM/h6V8=
-83,125,wyHUDcHzbcpHDy0YZQWO3o2D4nc=,Z9rTS/579JUZsGi7OGFqEM/h6V8=
-84,125,wyHUDcHzbcpHDy0YZQWO3o2D4nc=,Z9rTS/579JUZsGi7OGFqEM/h6V8=
-81,117,wyHUDcHzbcpHDy0YZQWO3o2D4nc=,Z9rTS/579JUZsGi7OGFqEM/h6V8=
-85,125,wyHUDcHzbcpHDy0YZQWO3o2D4nc=,Z9rTS/579JUZsGi7OGFqEM/h6V8=
-86,125,wyHUDcHzbcpHDy0YZQWO3o2D4nc=,Z9rTS/579JUZsGi7OGFqEM/h6V8=
-96,118,wyHUDcHzbcpHDy0YZQWO3o2D4nc=,Z9rTS/579JUZsGi7OGFqEM/h6V8=
-87,125,wyHUDcHzbcpHDy0YZQWO3o2D4nc=,Z9rTS/579JUZsGi7OGFqEM/h6V8=
-91,113,wyHUDcHzbcpHDy0YZQWO3o2D4nc=,Z9rTS/579JUZsGi7OGFqEM/h6V8=
-88,125,wyHUDcHzbcpHDy0YZQWO3o2D4nc=,Z9rTS/579JUZsGi7OGFqEM/h6V8=
-95,118,wyHUDcHzbcpHDy0YZQWO3o2D4nc=,Z9rTS/579JUZsGi7OGFqEM/h6V8=
-90,125,wyHUDcHzbcpHDy0YZQWO3o2D4nc=,Z9rTS/579JUZsGi7OGFqEM/h6V8=
-89,125,wyHUDcHzbcpHDy0YZQWO3o2D4nc=,Z9rTS/579JUZsGi7OGFqEM/h6V8=
-94,118,wyHUDcHzbcpHDy0YZQWO3o2D4nc=,Z9rTS/579JUZsGi7OGFqEM/h6V8=
-92,125,wyHUDcHzbcpHDy0YZQWO3o2D4nc=,Z9rTS/579JUZsGi7OGFqEM/h6V8=
-91,125,wyHUDcHzbcpHDy0YZQWO3o2D4nc=,Z9rTS/579JUZsGi7OGFqEM/h6V8=
-93,118,wyHUDcHzbcpHDy0YZQWO3o2D4nc=,Z9rTS/579JUZsGi7OGFqEM/h6V8=
-83,113,wyHUDcHzbcpHDy0YZQWO3o2D4nc=,Z9rTS/579JUZsGi7OGFqEM/h6V8=
-92,118,wyHUDcHzbcpHDy0YZQWO3o2D4nc=,Z9rTS/579JUZsGi7OGFqEM/h6V8=
-93,125,wyHUDcHzbcpHDy0YZQWO3o2D4nc=,Z9rTS/579JUZsGi7OGFqEM/h6V8=
-81,112,wyHUDcHzbcpHDy0YZQWO3o2D4nc=,Z9rTS/579JUZsGi7OGFqEM/h6V8=
-91,118,wyHUDcHzbcpHDy0YZQWO3o2D4nc=,Z9rTS/579JUZsGi7OGFqEM/h6V8=
-88,115,wyHUDcHzbcpHDy0YZQWO3o2D4nc=,Z9rTS/579JUZsGi7OGFqEM/h6V8=
-90,118,wyHUDcHzbcpHDy0YZQWO3o2D4nc=,Z9rTS/579JUZsGi7OGFqEM/h6V8=
-94,125,wyHUDcHzbcpHDy0YZQWO3o2D4nc=,Z9rTS/579JUZsGi7OGFqEM/h6V8=
-95,125,wyHUDcHzbcpHDy0YZQWO3o2D4nc=,Z9rTS/579JUZsGi7OGFqEM/h6V8=
-84,113,wyHUDcHzbcpHDy0YZQWO3o2D4nc=,Z9rTS/579JUZsGi7OGFqEM/h6V8=
-96,125,wyHUDcHzbcpHDy0YZQWO3o2D4nc=,Z9rTS/579JUZsGi7OGFqEM/h6V8=
-89,118,wyHUDcHzbcpHDy0YZQWO3o2D4nc=,Z9rTS/579JUZsGi7OGFqEM/h6V8=
-82,124,wyHUDcHzbcpHDy0YZQWO3o2D4nc=,Z9rTS/579JUZsGi7OGFqEM/h6V8=
-81,124,wyHUDcHzbcpHDy0YZQWO3o2D4nc=,Z9rTS/579JUZsGi7OGFqEM/h6V8=
-88,118,wyHUDcHzbcpHDy0YZQWO3o2D4nc=,Z9rTS/579JUZsGi7OGFqEM/h6V8=
-83,124,wyHUDcHzbcpHDy0YZQWO3o2D4nc=,Z9rTS/579JUZsGi7OGFqEM/h6V8=
-84,124,wyHUDcHzbcpHDy0YZQWO3o2D4nc=,Z9rTS/579JUZsGi7OGFqEM/h6V8=
-87,118,wyHUDcHzbcpHDy0YZQWO3o2D4nc=,Z9rTS/579JUZsGi7OGFqEM/h6V8=
-85,124,wyHUDcHzbcpHDy0YZQWO3o2D4nc=,Z9rTS/579JUZsGi7OGFqEM/h6V8=
-86,124,wyHUDcHzbcpHDy0YZQWO3o2D4nc=,Z9rTS/579JUZsGi7OGFqEM/h6V8=
-87,124,wyHUDcHzbcpHDy0YZQWO3o2D4nc=,Z9rTS/579JUZsGi7OGFqEM/h6V8=
-95,115,wyHUDcHzbcpHDy0YZQWO3o2D4nc=,Z9rTS/579JUZsGi7OGFqEM/h6V8=
-88,124,wyHUDcHzbcpHDy0YZQWO3o2D4nc=,Z9rTS/579JUZsGi7OGFqEM/h6V8=
-90,124,wyHUDcHzbcpHDy0YZQWO3o2D4nc=,Z9rTS/579JUZsGi7OGFqEM/h6V8=
-89,124,wyHUDcHzbcpHDy0YZQWO3o2D4nc=,Z9rTS/579JUZsGi7OGFqEM/h6V8=
-88,112,wyHUDcHzbcpHDy0YZQWO3o2D4nc=,Z9rTS/579JUZsGi7OGFqEM/h6V8=
-91,124,wyHUDcHzbcpHDy0YZQWO3o2D4nc=,Z9rTS/579JUZsGi7OGFqEM/h6V8=
-92,124,wyHUDcHzbcpHDy0YZQWO3o2D4nc=,Z9rTS/579JUZsGi7OGFqEM/h6V8=
-86,118,wyHUDcHzbcpHDy0YZQWO3o2D4nc=,Z9rTS/579JUZsGi7OGFqEM/h6V8=
-89,115,wyHUDcHzbcpHDy0YZQWO3o2D4nc=,Z9rTS/579JUZsGi7OGFqEM/h6V8=
-82,112,wyHUDcHzbcpHDy0YZQWO3o2D4nc=,Z9rTS/579JUZsGi7OGFqEM/h6V8=
-93,124,wyHUDcHzbcpHDy0YZQWO3o2D4nc=,Z9rTS/579JUZsGi7OGFqEM/h6V8=
-85,118,wyHUDcHzbcpHDy0YZQWO3o2D4nc=,Z9rTS/579JUZsGi7OGFqEM/h6V8=
-94,124,wyHUDcHzbcpHDy0YZQWO3o2D4nc=,Z9rTS/579JUZsGi7OGFqEM/h6V8=
-95,124,wyHUDcHzbcpHDy0YZQWO3o2D4nc=,Z9rTS/579JUZsGi7OGFqEM/h6V8=
-84,118,wyHUDcHzbcpHDy0YZQWO3o2D4nc=,Z9rTS/579JUZsGi7OGFqEM/h6V8=
-85,113,wyHUDcHzbcpHDy0YZQWO3o2D4nc=,Z9rTS/579JUZsGi7OGFqEM/h6V8=
-96,124,wyHUDcHzbcpHDy0YZQWO3o2D4nc=,Z9rTS/579JUZsGi7OGFqEM/h6V8=
-81,123,wyHUDcHzbcpHDy0YZQWO3o2D4nc=,Z9rTS/579JUZsGi7OGFqEM/h6V8=
-83,118,wyHUDcHzbcpHDy0YZQWO3o2D4nc=,Z9rTS/579JUZsGi7OGFqEM/h6V8=
-83,123,wyHUDcHzbcpHDy0YZQWO3o2D4nc=,Z9rTS/579JUZsGi7OGFqEM/h6V8=
-82,123,wyHUDcHzbcpHDy0YZQWO3o2D4nc=,Z9rTS/579JUZsGi7OGFqEM/h6V8=
-82,118,wyHUDcHzbcpHDy0YZQWO3o2D4nc=,Z9rTS/579JUZsGi7OGFqEM/h6V8=
-84,123,wyHUDcHzbcpHDy0YZQWO3o2D4nc=,Z9rTS/579JUZsGi7OGFqEM/h6V8=
-85,123,wyHUDcHzbcpHDy0YZQWO3o2D4nc=,Z9rTS/579JUZsGi7OGFqEM/h6V8=
-86,123,wyHUDcHzbcpHDy0YZQWO3o2D4nc=,Z9rTS/579JUZsGi7OGFqEM/h6V8=
-87,123,wyHUDcHzbcpHDy0YZQWO3o2D4nc=,Z9rTS/579JUZsGi7OGFqEM/h6V8=
-81,118,wyHUDcHzbcpHDy0YZQWO3o2D4nc=,Z9rTS/579JUZsGi7OGFqEM/h6V8=
-89,123,wyHUDcHzbcpHDy0YZQWO3o2D4nc=,Z9rTS/579JUZsGi7OGFqEM/h6V8=
-88,123,wyHUDcHzbcpHDy0YZQWO3o2D4nc=,Z9rTS/579JUZsGi7OGFqEM/h6V8=
-90,113,wyHUDcHzbcpHDy0YZQWO3o2D4nc=,Z9rTS/579JUZsGi7OGFqEM/h6V8=
-90,123,wyHUDcHzbcpHDy0YZQWO3o2D4nc=,Z9rTS/579JUZsGi7OGFqEM/h6V8=
-91,123,wyHUDcHzbcpHDy0YZQWO3o2D4nc=,Z9rTS/579JUZsGi7OGFqEM/h6V8=
-96,112,wyHUDcHzbcpHDy0YZQWO3o2D4nc=,Z9rTS/579JUZsGi7OGFqEM/h6V8=
-83,112,wyHUDcHzbcpHDy0YZQWO3o2D4nc=,Z9rTS/579JUZsGi7OGFqEM/h6V8=
-90,115,wyHUDcHzbcpHDy0YZQWO3o2D4nc=,Z9rTS/579JUZsGi7OGFqEM/h6V8=
-92,123,wyHUDcHzbcpHDy0YZQWO3o2D4nc=,Z9rTS/579JUZsGi7OGFqEM/h6V8=
-96,119,wyHUDcHzbcpHDy0YZQWO3o2D4nc=,Z9rTS/579JUZsGi7OGFqEM/h6V8=
-93,123,wyHUDcHzbcpHDy0YZQWO3o2D4nc=,Z9rTS/579JUZsGi7OGFqEM/h6V8=
-94,123,wyHUDcHzbcpHDy0YZQWO3o2D4nc=,Z9rTS/579JUZsGi7OGFqEM/h6V8=
-95,119,wyHUDcHzbcpHDy0YZQWO3o2D4nc=,Z9rTS/579JUZsGi7OGFqEM/h6V8=
-95,123,wyHUDcHzbcpHDy0YZQWO3o2D4nc=,Z9rTS/579JUZsGi7OGFqEM/h6V8=
-86,113,wyHUDcHzbcpHDy0YZQWO3o2D4nc=,Z9rTS/579JUZsGi7OGFqEM/h6V8=
-96,123,wyHUDcHzbcpHDy0YZQWO3o2D4nc=,Z9rTS/579JUZsGi7OGFqEM/h6V8=
-94,119,wyHUDcHzbcpHDy0YZQWO3o2D4nc=,Z9rTS/579JUZsGi7OGFqEM/h6V8=
-81,122,wyHUDcHzbcpHDy0YZQWO3o2D4nc=,Z9rTS/579JUZsGi7OGFqEM/h6V8=
-84,122,wyHUDcHzbcpHDy0YZQWO3o2D4nc=,Z9rTS/579JUZsGi7OGFqEM/h6V8=
-93,119,wyHUDcHzbcpHDy0YZQWO3o2D4nc=,Z9rTS/579JUZsGi7OGFqEM/h6V8=
-85,122,wyHUDcHzbcpHDy0YZQWO3o2D4nc=,Z9rTS/579JUZsGi7OGFqEM/h6V8=
-82,122,wyHUDcHzbcpHDy0YZQWO3o2D4nc=,Z9rTS/579JUZsGi7OGFqEM/h6V8=
-86,122,wyHUDcHzbcpHDy0YZQWO3o2D4nc=,Z9rTS/579JUZsGi7OGFqEM/h6V8=
-83,122,wyHUDcHzbcpHDy0YZQWO3o2D4nc=,Z9rTS/579JUZsGi7OGFqEM/h6V8=
-92,119,wyHUDcHzbcpHDy0YZQWO3o2D4nc=,Z9rTS/579JUZsGi7OGFqEM/h6V8=
-87,122,wyHUDcHzbcpHDy0YZQWO3o2D4nc=,Z9rTS/579JUZsGi7OGFqEM/h6V8=
-88,122,wyHUDcHzbcpHDy0YZQWO3o2D4nc=,Z9rTS/579JUZsGi7OGFqEM/h6V8=
-89,122,wyHUDcHzbcpHDy0YZQWO3o2D4nc=,Z9rTS/579JUZsGi7OGFqEM/h6V8=
-91,119,wyHUDcHzbcpHDy0YZQWO3o2D4nc=,Z9rTS/579JUZsGi7OGFqEM/h6V8=
-84,112,wyHUDcHzbcpHDy0YZQWO3o2D4nc=,Z9rTS/579JUZsGi7OGFqEM/h6V8=
-90,119,wyHUDcHzbcpHDy0YZQWO3o2D4nc=,Z9rTS/579JUZsGi7OGFqEM/h6V8=
-90,122,wyHUDcHzbcpHDy0YZQWO3o2D4nc=,Z9rTS/579JUZsGi7OGFqEM/h6V8=
-91,115,wyHUDcHzbcpHDy0YZQWO3o2D4nc=,Z9rTS/579JUZsGi7OGFqEM/h6V8=
-91,122,wyHUDcHzbcpHDy0YZQWO3o2D4nc=,Z9rTS/579JUZsGi7OGFqEM/h6V8=
-89,119,wyHUDcHzbcpHDy0YZQWO3o2D4nc=,Z9rTS/579JUZsGi7OGFqEM/h6V8=
-92,122,wyHUDcHzbcpHDy0YZQWO3o2D4nc=,Z9rTS/579JUZsGi7OGFqEM/h6V8=
-93,122,wyHUDcHzbcpHDy0YZQWO3o2D4nc=,Z9rTS/579JUZsGi7OGFqEM/h6V8=
-94,122,wyHUDcHzbcpHDy0YZQWO3o2D4nc=,Z9rTS/579JUZsGi7OGFqEM/h6V8=
-88,119,wyHUDcHzbcpHDy0YZQWO3o2D4nc=,Z9rTS/579JUZsGi7OGFqEM/h6V8=
-87,113,wyHUDcHzbcpHDy0YZQWO3o2D4nc=,Z9rTS/579JUZsGi7OGFqEM/h6V8=
-95,122,wyHUDcHzbcpHDy0YZQWO3o2D4nc=,Z9rTS/579JUZsGi7OGFqEM/h6V8=
-96,122,wyHUDcHzbcpHDy0YZQWO3o2D4nc=,Z9rTS/579JUZsGi7OGFqEM/h6V8=
-94,115,wyHUDcHzbcpHDy0YZQWO3o2D4nc=,Z9rTS/579JUZsGi7OGFqEM/h6V8=
-81,121,wyHUDcHzbcpHDy0YZQWO3o2D4nc=,Z9rTS/579JUZsGi7OGFqEM/h6V8=
-87,112,wyHUDcHzbcpHDy0YZQWO3o2D4nc=,Z9rTS/579JUZsGi7OGFqEM/h6V8=
-82,121,wyHUDcHzbcpHDy0YZQWO3o2D4nc=,Z9rTS/579JUZsGi7OGFqEM/h6V8=
-83,121,wyHUDcHzbcpHDy0YZQWO3o2D4nc=,Z9rTS/579JUZsGi7OGFqEM/h6V8=
-84,121,wyHUDcHzbcpHDy0YZQWO3o2D4nc=,Z9rTS/579JUZsGi7OGFqEM/h6V8=
-85,121,wyHUDcHzbcpHDy0YZQWO3o2D4nc=,Z9rTS/579JUZsGi7OGFqEM/h6V8=
-87,121,wyHUDcHzbcpHDy0YZQWO3o2D4nc=,Z9rTS/579JUZsGi7OGFqEM/h6V8=
-87,119,wyHUDcHzbcpHDy0YZQWO3o2D4nc=,Z9rTS/579JUZsGi7OGFqEM/h6V8=
-86,119,wyHUDcHzbcpHDy0YZQWO3o2D4nc=,Z9rTS/579JUZsGi7OGFqEM/h6V8=
-86,121,wyHUDcHzbcpHDy0YZQWO3o2D4nc=,Z9rTS/579JUZsGi7OGFqEM/h6V8=
-88,121,wyHUDcHzbcpHDy0YZQWO3o2D4nc=,Z9rTS/579JUZsGi7OGFqEM/h6V8=
-89,121,wyHUDcHzbcpHDy0YZQWO3o2D4nc=,Z9rTS/579JUZsGi7OGFqEM/h6V8=
-85,112,wyHUDcHzbcpHDy0YZQWO3o2D4nc=,Z9rTS/579JUZsGi7OGFqEM/h6V8=
-85,119,wyHUDcHzbcpHDy0YZQWO3o2D4nc=,Z9rTS/579JUZsGi7OGFqEM/h6V8=
-92,115,wyHUDcHzbcpHDy0YZQWO3o2D4nc=,Z9rTS/579JUZsGi7OGFqEM/h6V8=
-90,121,wyHUDcHzbcpHDy0YZQWO3o2D4nc=,Z9rTS/579JUZsGi7OGFqEM/h6V8=
-91,121,wyHUDcHzbcpHDy0YZQWO3o2D4nc=,Z9rTS/579JUZsGi7OGFqEM/h6V8=
-84,119,wyHUDcHzbcpHDy0YZQWO3o2D4nc=,Z9rTS/579JUZsGi7OGFqEM/h6V8=
-92,121,wyHUDcHzbcpHDy0YZQWO3o2D4nc=,Z9rTS/579JUZsGi7OGFqEM/h6V8=
-93,121,wyHUDcHzbcpHDy0YZQWO3o2D4nc=,Z9rTS/579JUZsGi7OGFqEM/h6V8=
-83,119,wyHUDcHzbcpHDy0YZQWO3o2D4nc=,Z9rTS/579JUZsGi7OGFqEM/h6V8=
-94,121,wyHUDcHzbcpHDy0YZQWO3o2D4nc=,Z9rTS/579JUZsGi7OGFqEM/h6V8=
-95,121,wyHUDcHzbcpHDy0YZQWO3o2D4nc=,Z9rTS/579JUZsGi7OGFqEM/h6V8=
-82,119,wyHUDcHzbcpHDy0YZQWO3o2D4nc=,Z9rTS/579JUZsGi7OGFqEM/h6V8=
-88,113,wyHUDcHzbcpHDy0YZQWO3o2D4nc=,Z9rTS/579JUZsGi7OGFqEM/h6V8=
-96,121,wyHUDcHzbcpHDy0YZQWO3o2D4nc=,Z9rTS/579JUZsGi7OGFqEM/h6V8=
-81,119,wyHUDcHzbcpHDy0YZQWO3o2D4nc=,Z9rTS/579JUZsGi7OGFqEM/h6V8=
-81,120,wyHUDcHzbcpHDy0YZQWO3o2D4nc=,Z9rTS/579JUZsGi7OGFqEM/h6V8=
-82,120,wyHUDcHzbcpHDy0YZQWO3o2D4nc=,Z9rTS/579JUZsGi7OGFqEM/h6V8=
-83,120,wyHUDcHzbcpHDy0YZQWO3o2D4nc=,Z9rTS/579JUZsGi7OGFqEM/h6V8=
-96,120,wyHUDcHzbcpHDy0YZQWO3o2D4nc=,Z9rTS/579JUZsGi7OGFqEM/h6V8=
-84,120,wyHUDcHzbcpHDy0YZQWO3o2D4nc=,Z9rTS/579JUZsGi7OGFqEM/h6V8=
-85,120,wyHUDcHzbcpHDy0YZQWO3o2D4nc=,Z9rTS/579JUZsGi7OGFqEM/h6V8=
-86,120,wyHUDcHzbcpHDy0YZQWO3o2D4nc=,Z9rTS/579JUZsGi7OGFqEM/h6V8=
-89,113,wyHUDcHzbcpHDy0YZQWO3o2D4nc=,Z9rTS/579JUZsGi7OGFqEM/h6V8=
-88,120,wyHUDcHzbcpHDy0YZQWO3o2D4nc=,Z9rTS/579JUZsGi7OGFqEM/h6V8=
-95,120,wyHUDcHzbcpHDy0YZQWO3o2D4nc=,Z9rTS/579JUZsGi7OGFqEM/h6V8=
-87,120,wyHUDcHzbcpHDy0YZQWO3o2D4nc=,Z9rTS/579JUZsGi7OGFqEM/h6V8=
-86,112,wyHUDcHzbcpHDy0YZQWO3o2D4nc=,Z9rTS/579JUZsGi7OGFqEM/h6V8=
-93,115,wyHUDcHzbcpHDy0YZQWO3o2D4nc=,Z9rTS/579JUZsGi7OGFqEM/h6V8=
-89,120,wyHUDcHzbcpHDy0YZQWO3o2D4nc=,Z9rTS/579JUZsGi7OGFqEM/h6V8=
-94,120,wyHUDcHzbcpHDy0YZQWO3o2D4nc=,Z9rTS/579JUZsGi7OGFqEM/h6V8=
-90,120,wyHUDcHzbcpHDy0YZQWO3o2D4nc=,Z9rTS/579JUZsGi7OGFqEM/h6V8=
-91,120,wyHUDcHzbcpHDy0YZQWO3o2D4nc=,Z9rTS/579JUZsGi7OGFqEM/h6V8=
-93,120,wyHUDcHzbcpHDy0YZQWO3o2D4nc=,Z9rTS/579JUZsGi7OGFqEM/h6V8=
-92,120,wyHUDcHzbcpHDy0YZQWO3o2D4nc=,Z9rTS/579JUZsGi7OGFqEM/h6V8=
-87,126,wyHUDcHzbcpHDy0YZQWO3o2D4nc=,Z9rTS/579JUZsGi7OGFqEM/h6V8=
-86,127,wyHUDcHzbcpHDy0YZQWO3o2D4nc=,Z9rTS/579JUZsGi7OGFqEM/h6V8=
-87,127,wyHUDcHzbcpHDy0YZQWO3o2D4nc=,Z9rTS/579JUZsGi7OGFqEM/h6V8=
-88,127,wyHUDcHzbcpHDy0YZQWO3o2D4nc=,Z9rTS/579JUZsGi7OGFqEM/h6V8=
-89,127,wyHUDcHzbcpHDy0YZQWO3o2D4nc=,Z9rTS/579JUZsGi7OGFqEM/h6V8=
-88,126,wyHUDcHzbcpHDy0YZQWO3o2D4nc=,Z9rTS/579JUZsGi7OGFqEM/h6V8=
-89,126,wyHUDcHzbcpHDy0YZQWO3o2D4nc=,Z9rTS/579JUZsGi7OGFqEM/h6V8=
