44,3,PHqVlS/i88qQm8UqN18k5yPCgwg=,81FoN84RUzMsRc79RJ4JqfMRh1A=
43,3,nE08TEtvXTRNeyaSRX3x93MHKW0=,81FoN84RUzMsRc79RJ4JqfMRh1A=
42,3,nE08TEtvXTRNeyaSRX3x93MHKW0=,81FoN84RUzMsRc79RJ4JqfMRh1A=
41,3,nE08TEtvXTRNeyaSRX3x93MHKW0=,81FoN84RUzMsRc79RJ4JqfMRh1A=
46,2,nE08TEtvXTRNeyaSRX3x93MHKW0=,81FoN84RUzMsRc79RJ4JqfMRh1A=
45,2,nE08TEtvXTRNeyaSRX3x93MHKW0=,81FoN84RUzMsRc79RJ4JqfMRh1A=
44,2,nE08TEtvXTRNeyaSRX3x93MHKW0=,81FoN84RUzMsRc79RJ4JqfMRh1A=
43,2,nE08TEtvXTRNeyaSRX3x93MHKW0=,81FoN84RUzMsRc79RJ4JqfMRh1A=
42,2,nE08TEtvXTRNeyaSRX3x93MHKW0=,81FoN84RUzMsRc79RJ4JqfMRh1A=
46,1,nE08TEtvXTRNeyaSRX3x93MHKW0=,81FoN84RUzMsRc79RJ4JqfMRh1A=
41,2,nE08TEtvXTRNeyaSRX3x93MHKW0=,81FoN84RUzMsRc79RJ4JqfMRh1A=
46,6,nE08TEtvXTRNeyaSRX3x93MHKW0=,81FoN84RUzMsRc79RJ4JqfMRh1A=
45,6,nE08TEtvXTRNeyaSRX3x93MHKW0=,81FoN84RUzMsRc79RJ4JqfMRh1A=
44,6,nE08TEtvXTRNeyaSRX3x93MHKW0=,81FoN84RUzMsRc79RJ4JqfMRh1A=
45,1,nE08TEtvXTRNeyaSRX3x93MHKW0=,81FoN84RUzMsRc79RJ4JqfMRh1A=
43,6,nE08TEtvXTRNeyaSRX3x93MHKW0=,81FoN84RUzMsRc79RJ4JqfMRh1A=
43,1,nE08TEtvXTRNeyaSRX3x93MHKW0=,81FoN84RUzMsRc79RJ4JqfMRh1A=
44,1,nE08TEtvXTRNeyaSRX3x93MHKW0=,81FoN84RUzMsRc79RJ4JqfMRh1A=
42,1,nE08TEtvXTRNeyaSRX3x93MHKW0=,81FoN84RUzMsRc79RJ4JqfMRh1A=
46,5,nE08TEtvXTRNeyaSRX3x93MHKW0=,81FoN84RUzMsRc79RJ4JqfMRh1A=
41,1,nE08TEtvXTRNeyaSRX3x93MHKW0=,81FoN84RUzMsRc79RJ4JqfMRh1A=
45,5,nE08TEtvXTRNeyaSRX3x93MHKW0=,81FoN84RUzMsRc79RJ4JqfMRh1A=
44,5,nE08TEtvXTRNeyaSRX3x93MHKW0=,81FoN84RUzMsRc79RJ4JqfMRh1A=
43,5,nE08TEtvXTRNeyaSRX3x93MHKW0=,81FoN84RUzMsRc79RJ4JqfMRh1A=
46,4,nE08TEtvXTRNeyaSRX3x93MHKW0=,81FoN84RUzMsRc79RJ4JqfMRh1A=
45,4,nE08TEtvXTRNeyaSRX3x93MHKW0=,81FoN84RUzMsRc79RJ4JqfMRh1A=
44,4,nE08TEtvXTRNeyaSRX3x93MHKW0=,81FoN84RUzMsRc79RJ4JqfMRh1A=
43,4,nE08TEtvXTRNeyaSRX3x93MHKW0=,81FoN84RUzMsRc79RJ4JqfMRh1A=
42,4,nE08TEtvXTRNeyaSRX3x93MHKW0=,81FoN84RUzMsRc79RJ4JqfMRh1A=
41,4,nE08TEtvXTRNeyaSRX3x93MHKW0=,81FoN84RUzMsRc79RJ4JqfMRh1A=
46,3,nE08TEtvXTRNeyaSRX3x93MHKW0=,81FoN84RUzMsRc79RJ4JqfMRh1A=
42,5,nE08TEtvXTRNeyaSRX3x93MHKW0=,81FoN84RUzMsRc79RJ4JqfMRh1A=
45,3,nE08TEtvXTRNeyaSRX3x93MHKW0=,81FoN84RUzMsRc79RJ4JqfMRh1A=
41,5,nE08TEtvXTRNeyaSRX3x93MHKW0=,81FoN84RUzMsRc79RJ4JqfMRh1A=
42,6,nE08TEtvXTRNeyaSRX3x93MHKW0=,81FoN84RUzMsRc79RJ4JqfMRh1A=
41,6,nE08TEtvXTRNeyaSRX3x93MHKW0=,81FoN84RUzMsRc79RJ4JqfMRh1A=
44,13,9mFFjTk52v4DgXn2Od9nt6OwhhQ=,V+uVjsCE8mGorqJE2998ulUxWaM=
45,13,9mFFjTk52v4DgXn2Od9nt6OwhhQ=,V+uVjsCE8mGorqJE2998ulUxWaM=
46,13,9mFFjTk52v4DgXn2Od9nt6OwhhQ=,V+uVjsCE8mGorqJE2998ulUxWaM=
47,13,9mFFjTk52v4DgXn2Od9nt6OwhhQ=,V+uVjsCE8mGorqJE2998ulUxWaM=
41,14,9mFFjTk52v4DgXn2Od9nt6OwhhQ=,V+uVjsCE8mGorqJE2998ulUxWaM=
42,14,9mFFjTk52v4DgXn2Od9nt6OwhhQ=,V+uVjsCE8mGorqJE2998ulUxWaM=
43,14,9mFFjTk52v4DgXn2Od9nt6OwhhQ=,V+uVjsCE8mGorqJE2998ulUxWaM=
45,14,9mFFjTk52v4DgXn2Od9nt6OwhhQ=,V+uVjsCE8mGorqJE2998ulUxWaM=
44,14,9mFFjTk52v4DgXn2Od9nt6OwhhQ=,V+uVjsCE8mGorqJE2998ulUxWaM=
47,14,9mFFjTk52v4DgXn2Od9nt6OwhhQ=,V+uVjsCE8mGorqJE2998ulUxWaM=
43,13,9mFFjTk52v4DgXn2Od9nt6OwhhQ=,V+uVjsCE8mGorqJE2998ulUxWaM=
42,13,9mFFjTk52v4DgXn2Od9nt6OwhhQ=,V+uVjsCE8mGorqJE2998ulUxWaM=
41,13,9mFFjTk52v4DgXn2Od9nt6OwhhQ=,V+uVjsCE8mGorqJE2998ulUxWaM=
47,12,9mFFjTk52v4DgXn2Od9nt6OwhhQ=,V+uVjsCE8mGorqJE2998ulUxWaM=
46,14,9mFFjTk52v4DgXn2Od9nt6OwhhQ=,V+uVjsCE8mGorqJE2998ulUxWaM=
46,12,9mFFjTk52v4DgXn2Od9nt6OwhhQ=,V+uVjsCE8mGorqJE2998ulUxWaM=
45,12,9mFFjTk52v4DgXn2Od9nt6OwhhQ=,V+uVjsCE8mGorqJE2998ulUxWaM=
46,7,nE08TEtvXTRNeyaSRX3x93MHKW0=,81FoN84RUzMsRc79RJ4JqfMRh1A=
45,7,nE08TEtvXTRNeyaSRX3x93MHKW0=,81FoN84RUzMsRc79RJ4JqfMRh1A=
44,12,9mFFjTk52v4DgXn2Od9nt6OwhhQ=,V+uVjsCE8mGorqJE2998ulUxWaM=
44,7,nE08TEtvXTRNeyaSRX3x93MHKW0=,81FoN84RUzMsRc79RJ4JqfMRh1A=
43,12,9mFFjTk52v4DgXn2Od9nt6OwhhQ=,V+uVjsCE8mGorqJE2998ulUxWaM=
42,12,9mFFjTk52v4DgXn2Od9nt6OwhhQ=,V+uVjsCE8mGorqJE2998ulUxWaM=
41,12,9mFFjTk52v4DgXn2Od9nt6OwhhQ=,V+uVjsCE8mGorqJE2998ulUxWaM=
43,7,nE08TEtvXTRNeyaSRX3x93MHKW0=,81FoN84RUzMsRc79RJ4JqfMRh1A=
41,8,9mFFjTk52v4DgXn2Od9nt6OwhhQ=,V+uVjsCE8mGorqJE2998ulUxWaM=
47,11,9mFFjTk52v4DgXn2Od9nt6OwhhQ=,V+uVjsCE8mGorqJE2998ulUxWaM=
46,11,9mFFjTk52v4DgXn2Od9nt6OwhhQ=,V+uVjsCE8mGorqJE2998ulUxWaM=
45,11,9mFFjTk52v4DgXn2Od9nt6OwhhQ=,V+uVjsCE8mGorqJE2998ulUxWaM=
44,11,9mFFjTk52v4DgXn2Od9nt6OwhhQ=,V+uVjsCE8mGorqJE2998ulUxWaM=
43,11,9mFFjTk52v4DgXn2Od9nt6OwhhQ=,V+uVjsCE8mGorqJE2998ulUxWaM=
42,11,9mFFjTk52v4DgXn2Od9nt6OwhhQ=,V+uVjsCE8mGorqJE2998ulUxWaM=
41,11,9mFFjTk52v4DgXn2Od9nt6OwhhQ=,V+uVjsCE8mGorqJE2998ulUxWaM=
47,10,9mFFjTk52v4DgXn2Od9nt6OwhhQ=,V+uVjsCE8mGorqJE2998ulUxWaM=
46,10,9mFFjTk52v4DgXn2Od9nt6OwhhQ=,V+uVjsCE8mGorqJE2998ulUxWaM=
45,10,9mFFjTk52v4DgXn2Od9nt6OwhhQ=,V+uVjsCE8mGorqJE2998ulUxWaM=
44,10,9mFFjTk52v4DgXn2Od9nt6OwhhQ=,V+uVjsCE8mGorqJE2998ulUxWaM=
43,10,9mFFjTk52v4DgXn2Od9nt6OwhhQ=,V+uVjsCE8mGorqJE2998ulUxWaM=
42,10,9mFFjTk52v4DgXn2Od9nt6OwhhQ=,V+uVjsCE8mGorqJE2998ulUxWaM=
47,9,9mFFjTk52v4DgXn2Od9nt6OwhhQ=,V+uVjsCE8mGorqJE2998ulUxWaM=
46,9,9mFFjTk52v4DgXn2Od9nt6OwhhQ=,V+uVjsCE8mGorqJE2998ulUxWaM=
45,9,9mFFjTk52v4DgXn2Od9nt6OwhhQ=,V+uVjsCE8mGorqJE2998ulUxWaM=
44,9,9mFFjTk52v4DgXn2Od9nt6OwhhQ=,V+uVjsCE8mGorqJE2998ulUxWaM=
43,9,9mFFjTk52v4DgXn2Od9nt6OwhhQ=,V+uVjsCE8mGorqJE2998ulUxWaM=
41,10,9mFFjTk52v4DgXn2Od9nt6OwhhQ=,V+uVjsCE8mGorqJE2998ulUxWaM=
42,7,nE08TEtvXTRNeyaSRX3x93MHKW0=,81FoN84RUzMsRc79RJ4JqfMRh1A=
46,8,9mFFjTk52v4DgXn2Od9nt6OwhhQ=,V+uVjsCE8mGorqJE2998ulUxWaM=
45,8,9mFFjTk52v4DgXn2Od9nt6OwhhQ=,V+uVjsCE8mGorqJE2998ulUxWaM=
44,8,9mFFjTk52v4DgXn2Od9nt6OwhhQ=,V+uVjsCE8mGorqJE2998ulUxWaM=
41,7,nE08TEtvXTRNeyaSRX3x93MHKW0=,81FoN84RUzMsRc79RJ4JqfMRh1A=
41,0,nE08TEtvXTRNeyaSRX3x93MHKW0=,81FoN84RUzMsRc79RJ4JqfMRh1A=
42,0,nE08TEtvXTRNeyaSRX3x93MHKW0=,81FoN84RUzMsRc79RJ4JqfMRh1A=
43,0,nE08TEtvXTRNeyaSRX3x93MHKW0=,81FoN84RUzMsRc79RJ4JqfMRh1A=
44,0,nE08TEtvXTRNeyaSRX3x93MHKW0=,81FoN84RUzMsRc79RJ4JqfMRh1A=
45,0,nE08TEtvXTRNeyaSRX3x93MHKW0=,81FoN84RUzMsRc79RJ4JqfMRh1A=
46,0,nE08TEtvXTRNeyaSRX3x93MHKW0=,81FoN84RUzMsRc79RJ4JqfMRh1A=
41,15,9mFFjTk52v4DgXn2Od9nt6OwhhQ=,V+uVjsCE8mGorqJE2998ulUxWaM=
42,15,9mFFjTk52v4DgXn2Od9nt6OwhhQ=,V+uVjsCE8mGorqJE2998ulUxWaM=
43,15,9mFFjTk52v4DgXn2Od9nt6OwhhQ=,V+uVjsCE8mGorqJE2998ulUxWaM=
44,15,9mFFjTk52v4DgXn2Od9nt6OwhhQ=,V+uVjsCE8mGorqJE2998ulUxWaM=
45,15,9mFFjTk52v4DgXn2Od9nt6OwhhQ=,V+uVjsCE8mGorqJE2998ulUxWaM=
46,15,9mFFjTk52v4DgXn2Od9nt6OwhhQ=,V+uVjsCE8mGorqJE2998ulUxWaM=
47,3,nE08TEtvXTRNeyaSRX3x93MHKW0=,81FoN84RUzMsRc79RJ4JqfMRh1A=
47,4,nE08TEtvXTRNeyaSRX3x93MHKW0=,81FoN84RUzMsRc79RJ4JqfMRh1A=
47,8,9mFFjTk52v4DgXn2Od9nt6OwhhQ=,V+uVjsCE8mGorqJE2998ulUxWaM=
47,5,nE08TEtvXTRNeyaSRX3x93MHKW0=,81FoN84RUzMsRc79RJ4JqfMRh1A=
47,1,nE08TEtvXTRNeyaSRX3x93MHKW0=,81FoN84RUzMsRc79RJ4JqfMRh1A=
47,6,nE08TEtvXTRNeyaSRX3x93MHKW0=,81FoN84RUzMsRc79RJ4JqfMRh1A=
47,2,nE08TEtvXTRNeyaSRX3x93MHKW0=,81FoN84RUzMsRc79RJ4JqfMRh1A=
47,7,nE08TEtvXTRNeyaSRX3x93MHKW0=,81FoN84RUzMsRc79RJ4JqfMRh1A=
47,0,nE08TEtvXTRNeyaSRX3x93MHKW0=,81FoN84RUzMsRc79RJ4JqfMRh1A=
47,15,9mFFjTk52v4DgXn2Od9nt6OwhhQ=,V+uVjsCE8mGorqJE2998ulUxWaM=
42,9,9mFFjTk52v4DgXn2Od9nt6OwhhQ=,V+uVjsCE8mGorqJE2998ulUxWaM=
43,8,9mFFjTk52v4DgXn2Od9nt6OwhhQ=,V+uVjsCE8mGorqJE2998ulUxWaM=
42,8,9mFFjTk52v4DgXn2Od9nt6OwhhQ=,V+uVjsCE8mGorqJE2998ulUxWaM=
36,15,9mFFjTk52v4DgXn2Od9nt6OwhhQ=,6oQkq+MUVWfNAuLQm1nPU7tvEqo=
40,14,9mFFjTk52v4DgXn2Od9nt6OwhhQ=,V+uVjsCE8mGorqJE2998ulUxWaM=
35,15,9mFFjTk52v4DgXn2Od9nt6OwhhQ=,6oQkq+MUVWfNAuLQm1nPU7tvEqo=
34,15,9mFFjTk52v4DgXn2Od9nt6OwhhQ=,6oQkq+MUVWfNAuLQm1nPU7tvEqo=
33,15,9mFFjTk52v4DgXn2Od9nt6OwhhQ=,6oQkq+MUVWfNAuLQm1nPU7tvEqo=
40,13,9mFFjTk52v4DgXn2Od9nt6OwhhQ=,V+uVjsCE8mGorqJE2998ulUxWaM=
39,14,9mFFjTk52v4DgXn2Od9nt6OwhhQ=,6oQkq+MUVWfNAuLQm1nPU7tvEqo=
32,15,9mFFjTk52v4DgXn2Od9nt6OwhhQ=,6oQkq+MUVWfNAuLQm1nPU7tvEqo=
37,14,9mFFjTk52v4DgXn2Od9nt6OwhhQ=,6oQkq+MUVWfNAuLQm1nPU7tvEqo=
36,14,9mFFjTk52v4DgXn2Od9nt6OwhhQ=,6oQkq+MUVWfNAuLQm1nPU7tvEqo=
38,14,9mFFjTk52v4DgXn2Od9nt6OwhhQ=,6oQkq+MUVWfNAuLQm1nPU7tvEqo=
35,14,9mFFjTk52v4DgXn2Od9nt6OwhhQ=,6oQkq+MUVWfNAuLQm1nPU7tvEqo=
34,14,9mFFjTk52v4DgXn2Od9nt6OwhhQ=,6oQkq+MUVWfNAuLQm1nPU7tvEqo=
40,12,9mFFjTk52v4DgXn2Od9nt6OwhhQ=,V+uVjsCE8mGorqJE2998ulUxWaM=
33,14,9mFFjTk52v4DgXn2Od9nt6OwhhQ=,6oQkq+MUVWfNAuLQm1nPU7tvEqo=
32,14,9mFFjTk52v4DgXn2Od9nt6OwhhQ=,6oQkq+MUVWfNAuLQm1nPU7tvEqo=
39,13,9mFFjTk52v4DgXn2Od9nt6OwhhQ=,6oQkq+MUVWfNAuLQm1nPU7tvEqo=
38,13,9mFFjTk52v4DgXn2Od9nt6OwhhQ=,6oQkq+MUVWfNAuLQm1nPU7tvEqo=
37,13,9mFFjTk52v4DgXn2Od9nt6OwhhQ=,6oQkq+MUVWfNAuLQm1nPU7tvEqo=
36,13,9mFFjTk52v4DgXn2Od9nt6OwhhQ=,6oQkq+MUVWfNAuLQm1nPU7tvEqo=
34,13,9mFFjTk52v4DgXn2Od9nt6OwhhQ=,6oQkq+MUVWfNAuLQm1nPU7tvEqo=
35,13,9mFFjTk52v4DgXn2Od9nt6OwhhQ=,6oQkq+MUVWfNAuLQm1nPU7tvEqo=
33,13,9mFFjTk52v4DgXn2Od9nt6OwhhQ=,6oQkq+MUVWfNAuLQm1nPU7tvEqo=
32,13,9mFFjTk52v4DgXn2Od9nt6OwhhQ=,6oQkq+MUVWfNAuLQm1nPU7tvEqo=
40,10,9mFFjTk52v4DgXn2Od9nt6OwhhQ=,V+uVjsCE8mGorqJE2998ulUxWaM=
39,12,9mFFjTk52v4DgXn2Od9nt6OwhhQ=,6oQkq+MUVWfNAuLQm1nPU7tvEqo=
38,12,9mFFjTk52v4DgXn2Od9nt6OwhhQ=,6oQkq+MUVWfNAuLQm1nPU7tvEqo=
37,12,9mFFjTk52v4DgXn2Od9nt6OwhhQ=,6oQkq+MUVWfNAuLQm1nPU7tvEqo=
36,12,9mFFjTk52v4DgXn2Od9nt6OwhhQ=,6oQkq+MUVWfNAuLQm1nPU7tvEqo=
35,12,9mFFjTk52v4DgXn2Od9nt6OwhhQ=,6oQkq+MUVWfNAuLQm1nPU7tvEqo=
40,11,9mFFjTk52v4DgXn2Od9nt6OwhhQ=,V+uVjsCE8mGorqJE2998ulUxWaM=
33,12,9mFFjTk52v4DgXn2Od9nt6OwhhQ=,6oQkq+MUVWfNAuLQm1nPU7tvEqo=
34,12,9mFFjTk52v4DgXn2Od9nt6OwhhQ=,6oQkq+MUVWfNAuLQm1nPU7tvEqo=
32,12,9mFFjTk52v4DgXn2Od9nt6OwhhQ=,6oQkq+MUVWfNAuLQm1nPU7tvEqo=
39,11,9mFFjTk52v4DgXn2Od9nt6OwhhQ=,6oQkq+MUVWfNAuLQm1nPU7tvEqo=
38,11,9mFFjTk52v4DgXn2Od9nt6OwhhQ=,6oQkq+MUVWfNAuLQm1nPU7tvEqo=
37,11,9mFFjTk52v4DgXn2Od9nt6OwhhQ=,6oQkq+MUVWfNAuLQm1nPU7tvEqo=
36,11,9mFFjTk52v4DgXn2Od9nt6OwhhQ=,6oQkq+MUVWfNAuLQm1nPU7tvEqo=
35,11,9mFFjTk52v4DgXn2Od9nt6OwhhQ=,6oQkq+MUVWfNAuLQm1nPU7tvEqo=
34,11,9mFFjTk52v4DgXn2Od9nt6OwhhQ=,6oQkq+MUVWfNAuLQm1nPU7tvEqo=
33,11,9mFFjTk52v4DgXn2Od9nt6OwhhQ=,6oQkq+MUVWfNAuLQm1nPU7tvEqo=
32,11,9mFFjTk52v4DgXn2Od9nt6OwhhQ=,6oQkq+MUVWfNAuLQm1nPU7tvEqo=
39,10,9mFFjTk52v4DgXn2Od9nt6OwhhQ=,6oQkq+MUVWfNAuLQm1nPU7tvEqo=
38,10,9mFFjTk52v4DgXn2Od9nt6OwhhQ=,6oQkq+MUVWfNAuLQm1nPU7tvEqo=
37,10,9mFFjTk52v4DgXn2Od9nt6OwhhQ=,6oQkq+MUVWfNAuLQm1nPU7tvEqo=
35,10,9mFFjTk52v4DgXn2Od9nt6OwhhQ=,6oQkq+MUVWfNAuLQm1nPU7tvEqo=
34,10,9mFFjTk52v4DgXn2Od9nt6OwhhQ=,6oQkq+MUVWfNAuLQm1nPU7tvEqo=
36,10,9mFFjTk52v4DgXn2Od9nt6OwhhQ=,6oQkq+MUVWfNAuLQm1nPU7tvEqo=
33,10,9mFFjTk52v4DgXn2Od9nt6OwhhQ=,6oQkq+MUVWfNAuLQm1nPU7tvEqo=
32,10,9mFFjTk52v4DgXn2Od9nt6OwhhQ=,6oQkq+MUVWfNAuLQm1nPU7tvEqo=
38,9,9mFFjTk52v4DgXn2Od9nt6OwhhQ=,6oQkq+MUVWfNAuLQm1nPU7tvEqo=
41,9,9mFFjTk52v4DgXn2Od9nt6OwhhQ=,V+uVjsCE8mGorqJE2998ulUxWaM=
35,9,9mFFjTk52v4DgXn2Od9nt6OwhhQ=,6oQkq+MUVWfNAuLQm1nPU7tvEqo=
34,9,9mFFjTk52v4DgXn2Od9nt6OwhhQ=,6oQkq+MUVWfNAuLQm1nPU7tvEqo=
33,9,9mFFjTk52v4DgXn2Od9nt6OwhhQ=,6oQkq+MUVWfNAuLQm1nPU7tvEqo=
39,15,9mFFjTk52v4DgXn2Od9nt6OwhhQ=,6oQkq+MUVWfNAuLQm1nPU7tvEqo=
40,15,9mFFjTk52v4DgXn2Od9nt6OwhhQ=,V+uVjsCE8mGorqJE2998ulUxWaM=
37,15,9mFFjTk52v4DgXn2Od9nt6OwhhQ=,6oQkq+MUVWfNAuLQm1nPU7tvEqo=
38,15,9mFFjTk52v4DgXn2Od9nt6OwhhQ=,6oQkq+MUVWfNAuLQm1nPU7tvEqo=
32,9,9mFFjTk52v4DgXn2Od9nt6OwhhQ=,6oQkq+MUVWfNAuLQm1nPU7tvEqo=
40,9,9mFFjTk52v4DgXn2Od9nt6OwhhQ=,V+uVjsCE8mGorqJE2998ulUxWaM=
37,9,9mFFjTk52v4DgXn2Od9nt6OwhhQ=,6oQkq+MUVWfNAuLQm1nPU7tvEqo=
39,9,9mFFjTk52v4DgXn2Od9nt6OwhhQ=,6oQkq+MUVWfNAuLQm1nPU7tvEqo=
36,9,9mFFjTk52v4DgXn2Od9nt6OwhhQ=,6oQkq+MUVWfNAuLQm1nPU7tvEqo=
33,3,nE08TEtvXTRNeyaSRX3x93MHKW0=,uLX5ngR7/oDDJEy/fSEsLWeU1fI=
37,6,nE08TEtvXTRNeyaSRX3x93MHKW0=,uLX5ngR7/oDDJEy/fSEsLWeU1fI=
37,5,nE08TEtvXTRNeyaSRX3x93MHKW0=,uLX5ngR7/oDDJEy/fSEsLWeU1fI=
36,6,nE08TEtvXTRNeyaSRX3x93MHKW0=,uLX5ngR7/oDDJEy/fSEsLWeU1fI=
39,3,nE08TEtvXTRNeyaSRX3x93MHKW0=,uLX5ngR7/oDDJEy/fSEsLWeU1fI=
38,6,nE08TEtvXTRNeyaSRX3x93MHKW0=,uLX5ngR7/oDDJEy/fSEsLWeU1fI=
35,5,nE08TEtvXTRNeyaSRX3x93MHKW0=,uLX5ngR7/oDDJEy/fSEsLWeU1fI=
36,5,nE08TEtvXTRNeyaSRX3x93MHKW0=,uLX5ngR7/oDDJEy/fSEsLWeU1fI=
35,6,nE08TEtvXTRNeyaSRX3x93MHKW0=,uLX5ngR7/oDDJEy/fSEsLWeU1fI=
34,5,nE08TEtvXTRNeyaSRX3x93MHKW0=,uLX5ngR7/oDDJEy/fSEsLWeU1fI=
40,3,nE08TEtvXTRNeyaSRX3x93MHKW0=,81FoN84RUzMsRc79RJ4JqfMRh1A=
35,0,nE08TEtvXTRNeyaSRX3x93MHKW0=,uLX5ngR7/oDDJEy/fSEsLWeU1fI=
32,5,nE08TEtvXTRNeyaSRX3x93MHKW0=,uLX5ngR7/oDDJEy/fSEsLWeU1fI=
32,3,nE08TEtvXTRNeyaSRX3x93MHKW0=,uLX5ngR7/oDDJEy/fSEsLWeU1fI=
35,7,nE08TEtvXTRNeyaSRX3x93MHKW0=,uLX5ngR7/oDDJEy/fSEsLWeU1fI=
33,5,nE08TEtvXTRNeyaSRX3x93MHKW0=,uLX5ngR7/oDDJEy/fSEsLWeU1fI=
34,6,nE08TEtvXTRNeyaSRX3x93MHKW0=,uLX5ngR7/oDDJEy/fSEsLWeU1fI=
36,7,nE08TEtvXTRNeyaSRX3x93MHKW0=,uLX5ngR7/oDDJEy/fSEsLWeU1fI=
40,2,nE08TEtvXTRNeyaSRX3x93MHKW0=,81FoN84RUzMsRc79RJ4JqfMRh1A=
39,4,nE08TEtvXTRNeyaSRX3x93MHKW0=,uLX5ngR7/oDDJEy/fSEsLWeU1fI=
32,0,nE08TEtvXTRNeyaSRX3x93MHKW0=,uLX5ngR7/oDDJEy/fSEsLWeU1fI=
35,1,nE08TEtvXTRNeyaSRX3x93MHKW0=,uLX5ngR7/oDDJEy/fSEsLWeU1fI=
34,1,nE08TEtvXTRNeyaSRX3x93MHKW0=,uLX5ngR7/oDDJEy/fSEsLWeU1fI=
40,1,nE08TEtvXTRNeyaSRX3x93MHKW0=,81FoN84RUzMsRc79RJ4JqfMRh1A=
33,1,nE08TEtvXTRNeyaSRX3x93MHKW0=,uLX5ngR7/oDDJEy/fSEsLWeU1fI=
32,1,nE08TEtvXTRNeyaSRX3x93MHKW0=,uLX5ngR7/oDDJEy/fSEsLWeU1fI=
35,3,nE08TEtvXTRNeyaSRX3x93MHKW0=,uLX5ngR7/oDDJEy/fSEsLWeU1fI=
34,3,nE08TEtvXTRNeyaSRX3x93MHKW0=,uLX5ngR7/oDDJEy/fSEsLWeU1fI=
39,0,nE08TEtvXTRNeyaSRX3x93MHKW0=,uLX5ngR7/oDDJEy/fSEsLWeU1fI=
38,0,nE08TEtvXTRNeyaSRX3x93MHKW0=,uLX5ngR7/oDDJEy/fSEsLWeU1fI=
37,0,nE08TEtvXTRNeyaSRX3x93MHKW0=,uLX5ngR7/oDDJEy/fSEsLWeU1fI=
34,0,nE08TEtvXTRNeyaSRX3x93MHKW0=,uLX5ngR7/oDDJEy/fSEsLWeU1fI=
37,3,nE08TEtvXTRNeyaSRX3x93MHKW0=,uLX5ngR7/oDDJEy/fSEsLWeU1fI=
38,3,nE08TEtvXTRNeyaSRX3x93MHKW0=,uLX5ngR7/oDDJEy/fSEsLWeU1fI=
34,7,nE08TEtvXTRNeyaSRX3x93MHKW0=,uLX5ngR7/oDDJEy/fSEsLWeU1fI=
36,3,nE08TEtvXTRNeyaSRX3x93MHKW0=,uLX5ngR7/oDDJEy/fSEsLWeU1fI=
40,7,nE08TEtvXTRNeyaSRX3x93MHKW0=,81FoN84RUzMsRc79RJ4JqfMRh1A=
33,7,nE08TEtvXTRNeyaSRX3x93MHKW0=,uLX5ngR7/oDDJEy/fSEsLWeU1fI=
40,6,nE08TEtvXTRNeyaSRX3x93MHKW0=,81FoN84RUzMsRc79RJ4JqfMRh1A=
37,4,nE08TEtvXTRNeyaSRX3x93MHKW0=,uLX5ngR7/oDDJEy/fSEsLWeU1fI=
34,4,nE08TEtvXTRNeyaSRX3x93MHKW0=,uLX5ngR7/oDDJEy/fSEsLWeU1fI=
33,4,nE08TEtvXTRNeyaSRX3x93MHKW0=,uLX5ngR7/oDDJEy/fSEsLWeU1fI=
35,4,nE08TEtvXTRNeyaSRX3x93MHKW0=,uLX5ngR7/oDDJEy/fSEsLWeU1fI=
38,4,nE08TEtvXTRNeyaSRX3x93MHKW0=,uLX5ngR7/oDDJEy/fSEsLWeU1fI=
33,6,nE08TEtvXTRNeyaSRX3x93MHKW0=,uLX5ngR7/oDDJEy/fSEsLWeU1fI=
40,0,nE08TEtvXTRNeyaSRX3x93MHKW0=,81FoN84RUzMsRc79RJ4JqfMRh1A=
32,4,nE08TEtvXTRNeyaSRX3x93MHKW0=,uLX5ngR7/oDDJEy/fSEsLWeU1fI=
36,0,nE08TEtvXTRNeyaSRX3x93MHKW0=,uLX5ngR7/oDDJEy/fSEsLWeU1fI=
33,2,nE08TEtvXTRNeyaSRX3x93MHKW0=,uLX5ngR7/oDDJEy/fSEsLWeU1fI=
32,2,nE08TEtvXTRNeyaSRX3x93MHKW0=,uLX5ngR7/oDDJEy/fSEsLWeU1fI=
39,1,nE08TEtvXTRNeyaSRX3x93MHKW0=,uLX5ngR7/oDDJEy/fSEsLWeU1fI=
38,1,nE08TEtvXTRNeyaSRX3x93MHKW0=,uLX5ngR7/oDDJEy/fSEsLWeU1fI=
39,2,nE08TEtvXTRNeyaSRX3x93MHKW0=,uLX5ngR7/oDDJEy/fSEsLWeU1fI=
35,2,nE08TEtvXTRNeyaSRX3x93MHKW0=,uLX5ngR7/oDDJEy/fSEsLWeU1fI=
32,6,nE08TEtvXTRNeyaSRX3x93MHKW0=,uLX5ngR7/oDDJEy/fSEsLWeU1fI=
36,1,nE08TEtvXTRNeyaSRX3x93MHKW0=,uLX5ngR7/oDDJEy/fSEsLWeU1fI=
37,1,nE08TEtvXTRNeyaSRX3x93MHKW0=,uLX5ngR7/oDDJEy/fSEsLWeU1fI=
33,0,nE08TEtvXTRNeyaSRX3x93MHKW0=,uLX5ngR7/oDDJEy/fSEsLWeU1fI=
36,2,nE08TEtvXTRNeyaSRX3x93MHKW0=,uLX5ngR7/oDDJEy/fSEsLWeU1fI=
36,4,nE08TEtvXTRNeyaSRX3x93MHKW0=,uLX5ngR7/oDDJEy/fSEsLWeU1fI=
37,7,nE08TEtvXTRNeyaSRX3x93MHKW0=,uLX5ngR7/oDDJEy/fSEsLWeU1fI=
40,5,nE08TEtvXTRNeyaSRX3x93MHKW0=,81FoN84RUzMsRc79RJ4JqfMRh1A=
40,4,nE08TEtvXTRNeyaSRX3x93MHKW0=,81FoN84RUzMsRc79RJ4JqfMRh1A=
40,8,9mFFjTk52v4DgXn2Od9nt6OwhhQ=,V+uVjsCE8mGorqJE2998ulUxWaM=
39,6,nE08TEtvXTRNeyaSRX3x93MHKW0=,uLX5ngR7/oDDJEy/fSEsLWeU1fI=
38,8,9mFFjTk52v4DgXn2Od9nt6OwhhQ=,6oQkq+MUVWfNAuLQm1nPU7tvEqo=
37,8,9mFFjTk52v4DgXn2Od9nt6OwhhQ=,6oQkq+MUVWfNAuLQm1nPU7tvEqo=
35,8,9mFFjTk52v4DgXn2Od9nt6OwhhQ=,6oQkq+MUVWfNAuLQm1nPU7tvEqo=
32,7,nE08TEtvXTRNeyaSRX3x93MHKW0=,uLX5ngR7/oDDJEy/fSEsLWeU1fI=
34,2,nE08TEtvXTRNeyaSRX3x93MHKW0=,uLX5ngR7/oDDJEy/fSEsLWeU1fI=
39,5,nE08TEtvXTRNeyaSRX3x93MHKW0=,uLX5ngR7/oDDJEy/fSEsLWeU1fI=
34,8,9mFFjTk52v4DgXn2Od9nt6OwhhQ=,6oQkq+MUVWfNAuLQm1nPU7tvEqo=
39,8,9mFFjTk52v4DgXn2Od9nt6OwhhQ=,6oQkq+MUVWfNAuLQm1nPU7tvEqo=
38,7,nE08TEtvXTRNeyaSRX3x93MHKW0=,uLX5ngR7/oDDJEy/fSEsLWeU1fI=
38,2,nE08TEtvXTRNeyaSRX3x93MHKW0=,uLX5ngR7/oDDJEy/fSEsLWeU1fI=
37,2,nE08TEtvXTRNeyaSRX3x93MHKW0=,uLX5ngR7/oDDJEy/fSEsLWeU1fI=
38,5,nE08TEtvXTRNeyaSRX3x93MHKW0=,uLX5ngR7/oDDJEy/fSEsLWeU1fI=
36,8,9mFFjTk52v4DgXn2Od9nt6OwhhQ=,6oQkq+MUVWfNAuLQm1nPU7tvEqo=
32,8,9mFFjTk52v4DgXn2Od9nt6OwhhQ=,6oQkq+MUVWfNAuLQm1nPU7tvEqo=
33,8,9mFFjTk52v4DgXn2Od9nt6OwhhQ=,6oQkq+MUVWfNAuLQm1nPU7tvEqo=
39,7,nE08TEtvXTRNeyaSRX3x93MHKW0=,uLX5ngR7/oDDJEy/fSEsLWeU1fI=
33,16,9mFFjTk52v4DgXn2Od9nt6OwhhQ=,yqHEUfPsUiaNkwKPF8t4ByB5CH4=
35,18,9mFFjTk52v4DgXn2Od9nt6OwhhQ=,yqHEUfPsUiaNkwKPF8t4ByB5CH4=
39,21,htCgRBK9AfhfTMkpOHPJDyoRchM=,yqHEUfPsUiaNkwKPF8t4ByB5CH4=
35,17,htCgRBK9AfhfTMkpOHPJDyoRchM=,yqHEUfPsUiaNkwKPF8t4ByB5CH4=
39,22,htCgRBK9AfhfTMkpOHPJDyoRchM=,yqHEUfPsUiaNkwKPF8t4ByB5CH4=
38,21,htCgRBK9AfhfTMkpOHPJDyoRchM=,yqHEUfPsUiaNkwKPF8t4ByB5CH4=
35,16,htCgRBK9AfhfTMkpOHPJDyoRchM=,yqHEUfPsUiaNkwKPF8t4ByB5CH4=
38,22,htCgRBK9AfhfTMkpOHPJDyoRchM=,yqHEUfPsUiaNkwKPF8t4ByB5CH4=
33,21,htCgRBK9AfhfTMkpOHPJDyoRchM=,yqHEUfPsUiaNkwKPF8t4ByB5CH4=
37,21,htCgRBK9AfhfTMkpOHPJDyoRchM=,yqHEUfPsUiaNkwKPF8t4ByB5CH4=
32,21,htCgRBK9AfhfTMkpOHPJDyoRchM=,yqHEUfPsUiaNkwKPF8t4ByB5CH4=
33,20,htCgRBK9AfhfTMkpOHPJDyoRchM=,yqHEUfPsUiaNkwKPF8t4ByB5CH4=
34,22,htCgRBK9AfhfTMkpOHPJDyoRchM=,yqHEUfPsUiaNkwKPF8t4ByB5CH4=
39,20,htCgRBK9AfhfTMkpOHPJDyoRchM=,yqHEUfPsUiaNkwKPF8t4ByB5CH4=
39,16,htCgRBK9AfhfTMkpOHPJDyoRchM=,yqHEUfPsUiaNkwKPF8t4ByB5CH4=
34,16,htCgRBK9AfhfTMkpOHPJDyoRchM=,yqHEUfPsUiaNkwKPF8t4ByB5CH4=
34,17,htCgRBK9AfhfTMkpOHPJDyoRchM=,yqHEUfPsUiaNkwKPF8t4ByB5CH4=
33,22,htCgRBK9AfhfTMkpOHPJDyoRchM=,yqHEUfPsUiaNkwKPF8t4ByB5CH4=
36,22,htCgRBK9AfhfTMkpOHPJDyoRchM=,yqHEUfPsUiaNkwKPF8t4ByB5CH4=
33,17,htCgRBK9AfhfTMkpOHPJDyoRchM=,yqHEUfPsUiaNkwKPF8t4ByB5CH4=
35,23,htCgRBK9AfhfTMkpOHPJDyoRchM=,yqHEUfPsUiaNkwKPF8t4ByB5CH4=
37,22,htCgRBK9AfhfTMkpOHPJDyoRchM=,yqHEUfPsUiaNkwKPF8t4ByB5CH4=
34,23,htCgRBK9AfhfTMkpOHPJDyoRchM=,yqHEUfPsUiaNkwKPF8t4ByB5CH4=
32,17,htCgRBK9AfhfTMkpOHPJDyoRchM=,yqHEUfPsUiaNkwKPF8t4ByB5CH4=
39,18,htCgRBK9AfhfTMkpOHPJDyoRchM=,yqHEUfPsUiaNkwKPF8t4ByB5CH4=
32,31,htCgRBK9AfhfTMkpOHPJDyoRchM=,n6xbEtRs+v2pPc0yCti6aZ3mx/A=
33,31,htCgRBK9AfhfTMkpOHPJDyoRchM=,n6xbEtRs+v2pPc0yCti6aZ3mx/A=
38,16,htCgRBK9AfhfTMkpOHPJDyoRchM=,yqHEUfPsUiaNkwKPF8t4ByB5CH4=
32,20,htCgRBK9AfhfTMkpOHPJDyoRchM=,yqHEUfPsUiaNkwKPF8t4ByB5CH4=
38,30,htCgRBK9AfhfTMkpOHPJDyoRchM=,n6xbEtRs+v2pPc0yCti6aZ3mx/A=
38,20,htCgRBK9AfhfTMkpOHPJDyoRchM=,yqHEUfPsUiaNkwKPF8t4ByB5CH4=
33,23,htCgRBK9AfhfTMkpOHPJDyoRchM=,yqHEUfPsUiaNkwKPF8t4ByB5CH4=
37,30,htCgRBK9AfhfTMkpOHPJDyoRchM=,n6xbEtRs+v2pPc0yCti6aZ3mx/A=
34,31,htCgRBK9AfhfTMkpOHPJDyoRchM=,n6xbEtRs+v2pPc0yCti6aZ3mx/A=
39,30,htCgRBK9AfhfTMkpOHPJDyoRchM=,n6xbEtRs+v2pPc0yCti6aZ3mx/A=
35,22,htCgRBK9AfhfTMkpOHPJDyoRchM=,yqHEUfPsUiaNkwKPF8t4ByB5CH4=
32,23,htCgRBK9AfhfTMkpOHPJDyoRchM=,yqHEUfPsUiaNkwKPF8t4ByB5CH4=
38,18,htCgRBK9AfhfTMkpOHPJDyoRchM=,yqHEUfPsUiaNkwKPF8t4ByB5CH4=
36,31,htCgRBK9AfhfTMkpOHPJDyoRchM=,n6xbEtRs+v2pPc0yCti6aZ3mx/A=
36,21,htCgRBK9AfhfTMkpOHPJDyoRchM=,yqHEUfPsUiaNkwKPF8t4ByB5CH4=
37,18,htCgRBK9AfhfTMkpOHPJDyoRchM=,yqHEUfPsUiaNkwKPF8t4ByB5CH4=
33,30,htCgRBK9AfhfTMkpOHPJDyoRchM=,n6xbEtRs+v2pPc0yCti6aZ3mx/A=
32,30,htCgRBK9AfhfTMkpOHPJDyoRchM=,n6xbEtRs+v2pPc0yCti6aZ3mx/A=
32,16,htCgRBK9AfhfTMkpOHPJDyoRchM=,yqHEUfPsUiaNkwKPF8t4ByB5CH4=
37,31,htCgRBK9AfhfTMkpOHPJDyoRchM=,n6xbEtRs+v2pPc0yCti6aZ3mx/A=
38,31,htCgRBK9AfhfTMkpOHPJDyoRchM=,n6xbEtRs+v2pPc0yCti6aZ3mx/A=
33,19,htCgRBK9AfhfTMkpOHPJDyoRchM=,yqHEUfPsUiaNkwKPF8t4ByB5CH4=
35,19,htCgRBK9AfhfTMkpOHPJDyoRchM=,yqHEUfPsUiaNkwKPF8t4ByB5CH4=
37,20,htCgRBK9AfhfTMkpOHPJDyoRchM=,yqHEUfPsUiaNkwKPF8t4ByB5CH4=
39,29,htCgRBK9AfhfTMkpOHPJDyoRchM=,n6xbEtRs+v2pPc0yCti6aZ3mx/A=
38,29,htCgRBK9AfhfTMkpOHPJDyoRchM=,n6xbEtRs+v2pPc0yCti6aZ3mx/A=
32,19,htCgRBK9AfhfTMkpOHPJDyoRchM=,yqHEUfPsUiaNkwKPF8t4ByB5CH4=
35,21,htCgRBK9AfhfTMkpOHPJDyoRchM=,yqHEUfPsUiaNkwKPF8t4ByB5CH4=
37,29,htCgRBK9AfhfTMkpOHPJDyoRchM=,n6xbEtRs+v2pPc0yCti6aZ3mx/A=
39,17,htCgRBK9AfhfTMkpOHPJDyoRchM=,yqHEUfPsUiaNkwKPF8t4ByB5CH4=
36,30,htCgRBK9AfhfTMkpOHPJDyoRchM=,n6xbEtRs+v2pPc0yCti6aZ3mx/A=
38,17,htCgRBK9AfhfTMkpOHPJDyoRchM=,yqHEUfPsUiaNkwKPF8t4ByB5CH4=
34,30,htCgRBK9AfhfTMkpOHPJDyoRchM=,n6xbEtRs+v2pPc0yCti6aZ3mx/A=
34,19,htCgRBK9AfhfTMkpOHPJDyoRchM=,yqHEUfPsUiaNkwKPF8t4ByB5CH4=
35,31,htCgRBK9AfhfTMkpOHPJDyoRchM=,n6xbEtRs+v2pPc0yCti6aZ3mx/A=
37,17,htCgRBK9AfhfTMkpOHPJDyoRchM=,yqHEUfPsUiaNkwKPF8t4ByB5CH4=
34,21,htCgRBK9AfhfTMkpOHPJDyoRchM=,yqHEUfPsUiaNkwKPF8t4ByB5CH4=
32,29,htCgRBK9AfhfTMkpOHPJDyoRchM=,n6xbEtRs+v2pPc0yCti6aZ3mx/A=
36,17,htCgRBK9AfhfTMkpOHPJDyoRchM=,yqHEUfPsUiaNkwKPF8t4ByB5CH4=
37,16,htCgRBK9AfhfTMkpOHPJDyoRchM=,yqHEUfPsUiaNkwKPF8t4ByB5CH4=
39,28,htCgRBK9AfhfTMkpOHPJDyoRchM=,n6xbEtRs+v2pPc0yCti6aZ3mx/A=
38,28,htCgRBK9AfhfTMkpOHPJDyoRchM=,n6xbEtRs+v2pPc0yCti6aZ3mx/A=
35,30,htCgRBK9AfhfTMkpOHPJDyoRchM=,n6xbEtRs+v2pPc0yCti6aZ3mx/A=
33,29,htCgRBK9AfhfTMkpOHPJDyoRchM=,n6xbEtRs+v2pPc0yCti6aZ3mx/A=
36,18,htCgRBK9AfhfTMkpOHPJDyoRchM=,yqHEUfPsUiaNkwKPF8t4ByB5CH4=
37,28,htCgRBK9AfhfTMkpOHPJDyoRchM=,n6xbEtRs+v2pPc0yCti6aZ3mx/A=
34,18,htCgRBK9AfhfTMkpOHPJDyoRchM=,yqHEUfPsUiaNkwKPF8t4ByB5CH4=
36,29,htCgRBK9AfhfTMkpOHPJDyoRchM=,n6xbEtRs+v2pPc0yCti6aZ3mx/A=
39,19,htCgRBK9AfhfTMkpOHPJDyoRchM=,yqHEUfPsUiaNkwKPF8t4ByB5CH4=
32,28,htCgRBK9AfhfTMkpOHPJDyoRchM=,n6xbEtRs+v2pPc0yCti6aZ3mx/A=
36,20,htCgRBK9AfhfTMkpOHPJDyoRchM=,yqHEUfPsUiaNkwKPF8t4ByB5CH4=
39,27,htCgRBK9AfhfTMkpOHPJDyoRchM=,n6xbEtRs+v2pPc0yCti6aZ3mx/A=
38,27,htCgRBK9AfhfTMkpOHPJDyoRchM=,n6xbEtRs+v2pPc0yCti6aZ3mx/A=
33,18,htCgRBK9AfhfTMkpOHPJDyoRchM=,yqHEUfPsUiaNkwKPF8t4ByB5CH4=
38,19,htCgRBK9AfhfTMkpOHPJDyoRchM=,yqHEUfPsUiaNkwKPF8t4ByB5CH4=
32,22,htCgRBK9AfhfTMkpOHPJDyoRchM=,yqHEUfPsUiaNkwKPF8t4ByB5CH4=
37,19,htCgRBK9AfhfTMkpOHPJDyoRchM=,yqHEUfPsUiaNkwKPF8t4ByB5CH4=
35,27,htCgRBK9AfhfTMkpOHPJDyoRchM=,n6xbEtRs+v2pPc0yCti6aZ3mx/A=
33,27,htCgRBK9AfhfTMkpOHPJDyoRchM=,n6xbEtRs+v2pPc0yCti6aZ3mx/A=
32,18,htCgRBK9AfhfTMkpOHPJDyoRchM=,yqHEUfPsUiaNkwKPF8t4ByB5CH4=
34,29,htCgRBK9AfhfTMkpOHPJDyoRchM=,n6xbEtRs+v2pPc0yCti6aZ3mx/A=
32,27,htCgRBK9AfhfTMkpOHPJDyoRchM=,n6xbEtRs+v2pPc0yCti6aZ3mx/A=
39,26,htCgRBK9AfhfTMkpOHPJDyoRchM=,n6xbEtRs+v2pPc0yCti6aZ3mx/A=
33,28,htCgRBK9AfhfTMkpOHPJDyoRchM=,n6xbEtRs+v2pPc0yCti6aZ3mx/A=
35,29,htCgRBK9AfhfTMkpOHPJDyoRchM=,n6xbEtRs+v2pPc0yCti6aZ3mx/A=
36,19,htCgRBK9AfhfTMkpOHPJDyoRchM=,yqHEUfPsUiaNkwKPF8t4ByB5CH4=
35,26,htCgRBK9AfhfTMkpOHPJDyoRchM=,n6xbEtRs+v2pPc0yCti6aZ3mx/A=
34,26,htCgRBK9AfhfTMkpOHPJDyoRchM=,n6xbEtRs+v2pPc0yCti6aZ3mx/A=
36,16,htCgRBK9AfhfTMkpOHPJDyoRchM=,yqHEUfPsUiaNkwKPF8t4ByB5CH4=
33,26,htCgRBK9AfhfTMkpOHPJDyoRchM=,n6xbEtRs+v2pPc0yCti6aZ3mx/A=
32,26,htCgRBK9AfhfTMkpOHPJDyoRchM=,n6xbEtRs+v2pPc0yCti6aZ3mx/A=
34,28,htCgRBK9AfhfTMkpOHPJDyoRchM=,n6xbEtRs+v2pPc0yCti6aZ3mx/A=
37,27,htCgRBK9AfhfTMkpOHPJDyoRchM=,n6xbEtRs+v2pPc0yCti6aZ3mx/A=
38,26,htCgRBK9AfhfTMkpOHPJDyoRchM=,n6xbEtRs+v2pPc0yCti6aZ3mx/A=
36,28,htCgRBK9AfhfTMkpOHPJDyoRchM=,n6xbEtRs+v2pPc0yCti6aZ3mx/A=
39,25,htCgRBK9AfhfTMkpOHPJDyoRchM=,n6xbEtRs+v2pPc0yCti6aZ3mx/A=
35,28,htCgRBK9AfhfTMkpOHPJDyoRchM=,n6xbEtRs+v2pPc0yCti6aZ3mx/A=
36,26,htCgRBK9AfhfTMkpOHPJDyoRchM=,n6xbEtRs+v2pPc0yCti6aZ3mx/A=
34,25,htCgRBK9AfhfTMkpOHPJDyoRchM=,n6xbEtRs+v2pPc0yCti6aZ3mx/A=
33,25,htCgRBK9AfhfTMkpOHPJDyoRchM=,n6xbEtRs+v2pPc0yCti6aZ3mx/A=
32,25,htCgRBK9AfhfTMkpOHPJDyoRchM=,n6xbEtRs+v2pPc0yCti6aZ3mx/A=
36,27,htCgRBK9AfhfTMkpOHPJDyoRchM=,n6xbEtRs+v2pPc0yCti6aZ3mx/A=
39,24,htCgRBK9AfhfTMkpOHPJDyoRchM=,n6xbEtRs+v2pPc0yCti6aZ3mx/A=
37,26,htCgRBK9AfhfTMkpOHPJDyoRchM=,n6xbEtRs+v2pPc0yCti6aZ3mx/A=
35,25,htCgRBK9AfhfTMkpOHPJDyoRchM=,n6xbEtRs+v2pPc0yCti6aZ3mx/A=
35,24,htCgRBK9AfhfTMkpOHPJDyoRchM=,n6xbEtRs+v2pPc0yCti6aZ3mx/A=
34,24,htCgRBK9AfhfTMkpOHPJDyoRchM=,n6xbEtRs+v2pPc0yCti6aZ3mx/A=
34,20,htCgRBK9AfhfTMkpOHPJDyoRchM=,yqHEUfPsUiaNkwKPF8t4ByB5CH4=
33,24,htCgRBK9AfhfTMkpOHPJDyoRchM=,n6xbEtRs+v2pPc0yCti6aZ3mx/A=
32,24,htCgRBK9AfhfTMkpOHPJDyoRchM=,n6xbEtRs+v2pPc0yCti6aZ3mx/A=
39,23,htCgRBK9AfhfTMkpOHPJDyoRchM=,yqHEUfPsUiaNkwKPF8t4ByB5CH4=
35,20,htCgRBK9AfhfTMkpOHPJDyoRchM=,yqHEUfPsUiaNkwKPF8t4ByB5CH4=
39,31,htCgRBK9AfhfTMkpOHPJDyoRchM=,n6xbEtRs+v2pPc0yCti6aZ3mx/A=
36,25,htCgRBK9AfhfTMkpOHPJDyoRchM=,n6xbEtRs+v2pPc0yCti6aZ3mx/A=
38,25,htCgRBK9AfhfTMkpOHPJDyoRchM=,n6xbEtRs+v2pPc0yCti6aZ3mx/A=
37,25,htCgRBK9AfhfTMkpOHPJDyoRchM=,n6xbEtRs+v2pPc0yCti6aZ3mx/A=
38,24,htCgRBK9AfhfTMkpOHPJDyoRchM=,n6xbEtRs+v2pPc0yCti6aZ3mx/A=
34,27,htCgRBK9AfhfTMkpOHPJDyoRchM=,n6xbEtRs+v2pPc0yCti6aZ3mx/A=
36,24,htCgRBK9AfhfTMkpOHPJDyoRchM=,n6xbEtRs+v2pPc0yCti6aZ3mx/A=
36,23,htCgRBK9AfhfTMkpOHPJDyoRchM=,yqHEUfPsUiaNkwKPF8t4ByB5CH4=
37,24,htCgRBK9AfhfTMkpOHPJDyoRchM=,n6xbEtRs+v2pPc0yCti6aZ3mx/A=
38,23,htCgRBK9AfhfTMkpOHPJDyoRchM=,yqHEUfPsUiaNkwKPF8t4ByB5CH4=
37,23,htCgRBK9AfhfTMkpOHPJDyoRchM=,yqHEUfPsUiaNkwKPF8t4ByB5CH4=
54,5,GAfXKap+gynn7lCgR1M+izNfSqM=,4hzogo9x9yZYCSgada1fPhBmG2o=
53,6,GAfXKap+gynn7lCgR1M+izNfSqM=,4hzogo9x9yZYCSgada1fPhBmG2o=
52,6,GAfXKap+gynn7lCgR1M+izNfSqM=,4hzogo9x9yZYCSgada1fPhBmG2o=
51,6,GAfXKap+gynn7lCgR1M+izNfSqM=,4hzogo9x9yZYCSgada1fPhBmG2o=
50,7,GAfXKap+gynn7lCgR1M+izNfSqM=,4hzogo9x9yZYCSgada1fPhBmG2o=
51,7,GAfXKap+gynn7lCgR1M+izNfSqM=,4hzogo9x9yZYCSgada1fPhBmG2o=
49,7,GAfXKap+gynn7lCgR1M+izNfSqM=,4hzogo9x9yZYCSgada1fPhBmG2o=
48,7,GAfXKap+gynn7lCgR1M+izNfSqM=,4hzogo9x9yZYCSgada1fPhBmG2o=
54,6,GAfXKap+gynn7lCgR1M+izNfSqM=,4hzogo9x9yZYCSgada1fPhBmG2o=
49,1,GAfXKap+gynn7lCgR1M+izNfSqM=,4hzogo9x9yZYCSgada1fPhBmG2o=
49,2,GAfXKap+gynn7lCgR1M+izNfSqM=,4hzogo9x9yZYCSgada1fPhBmG2o=
49,0,GAfXKap+gynn7lCgR1M+izNfSqM=,4hzogo9x9yZYCSgada1fPhBmG2o=
53,5,W7eD4r5pc4ofY1dXXiXSMka6G7s=,4hzogo9x9yZYCSgada1fPhBmG2o=
48,1,W7eD4r5pc4ofY1dXXiXSMka6G7s=,4hzogo9x9yZYCSgada1fPhBmG2o=
53,4,W7eD4r5pc4ofY1dXXiXSMka6G7s=,4hzogo9x9yZYCSgada1fPhBmG2o=
50,6,W7eD4r5pc4ofY1dXXiXSMka6G7s=,4hzogo9x9yZYCSgada1fPhBmG2o=
54,0,W7eD4r5pc4ofY1dXXiXSMka6G7s=,4hzogo9x9yZYCSgada1fPhBmG2o=
52,5,W7eD4r5pc4ofY1dXXiXSMka6G7s=,4hzogo9x9yZYCSgada1fPhBmG2o=
49,6,W7eD4r5pc4ofY1dXXiXSMka6G7s=,4hzogo9x9yZYCSgada1fPhBmG2o=
52,4,W7eD4r5pc4ofY1dXXiXSMka6G7s=,4hzogo9x9yZYCSgada1fPhBmG2o=
54,4,W7eD4r5pc4ofY1dXXiXSMka6G7s=,4hzogo9x9yZYCSgada1fPhBmG2o=
51,5,W7eD4r5pc4ofY1dXXiXSMka6G7s=,4hzogo9x9yZYCSgada1fPhBmG2o=
50,5,W7eD4r5pc4ofY1dXXiXSMka6G7s=,4hzogo9x9yZYCSgada1fPhBmG2o=
53,0,W7eD4r5pc4ofY1dXXiXSMka6G7s=,4hzogo9x9yZYCSgada1fPhBmG2o=
54,1,W7eD4r5pc4ofY1dXXiXSMka6G7s=,4hzogo9x9yZYCSgada1fPhBmG2o=
53,1,W7eD4r5pc4ofY1dXXiXSMka6G7s=,4hzogo9x9yZYCSgada1fPhBmG2o=
52,0,W7eD4r5pc4ofY1dXXiXSMka6G7s=,4hzogo9x9yZYCSgada1fPhBmG2o=
48,2,W7eD4r5pc4ofY1dXXiXSMka6G7s=,4hzogo9x9yZYCSgada1fPhBmG2o=
51,1,W7eD4r5pc4ofY1dXXiXSMka6G7s=,4hzogo9x9yZYCSgada1fPhBmG2o=
51,4,W7eD4r5pc4ofY1dXXiXSMka6G7s=,4hzogo9x9yZYCSgada1fPhBmG2o=
48,3,W7eD4r5pc4ofY1dXXiXSMka6G7s=,4hzogo9x9yZYCSgada1fPhBmG2o=
54,2,W7eD4r5pc4ofY1dXXiXSMka6G7s=,4hzogo9x9yZYCSgada1fPhBmG2o=
53,2,W7eD4r5pc4ofY1dXXiXSMka6G7s=,4hzogo9x9yZYCSgada1fPhBmG2o=
50,4,W7eD4r5pc4ofY1dXXiXSMka6G7s=,4hzogo9x9yZYCSgada1fPhBmG2o=
52,2,W7eD4r5pc4ofY1dXXiXSMka6G7s=,4hzogo9x9yZYCSgada1fPhBmG2o=
48,0,W7eD4r5pc4ofY1dXXiXSMka6G7s=,4hzogo9x9yZYCSgada1fPhBmG2o=
51,2,W7eD4r5pc4ofY1dXXiXSMka6G7s=,4hzogo9x9yZYCSgada1fPhBmG2o=
51,0,W7eD4r5pc4ofY1dXXiXSMka6G7s=,4hzogo9x9yZYCSgada1fPhBmG2o=
54,3,W7eD4r5pc4ofY1dXXiXSMka6G7s=,4hzogo9x9yZYCSgada1fPhBmG2o=
49,3,W7eD4r5pc4ofY1dXXiXSMka6G7s=,4hzogo9x9yZYCSgada1fPhBmG2o=
49,5,W7eD4r5pc4ofY1dXXiXSMka6G7s=,4hzogo9x9yZYCSgada1fPhBmG2o=
53,3,W7eD4r5pc4ofY1dXXiXSMka6G7s=,4hzogo9x9yZYCSgada1fPhBmG2o=
52,3,W7eD4r5pc4ofY1dXXiXSMka6G7s=,4hzogo9x9yZYCSgada1fPhBmG2o=
50,1,W7eD4r5pc4ofY1dXXiXSMka6G7s=,4hzogo9x9yZYCSgada1fPhBmG2o=
50,0,W7eD4r5pc4ofY1dXXiXSMka6G7s=,4hzogo9x9yZYCSgada1fPhBmG2o=
52,1,W7eD4r5pc4ofY1dXXiXSMka6G7s=,4hzogo9x9yZYCSgada1fPhBmG2o=
50,3,W7eD4r5pc4ofY1dXXiXSMka6G7s=,4hzogo9x9yZYCSgada1fPhBmG2o=
48,5,W7eD4r5pc4ofY1dXXiXSMka6G7s=,4hzogo9x9yZYCSgada1fPhBmG2o=
48,6,W7eD4r5pc4ofY1dXXiXSMka6G7s=,4hzogo9x9yZYCSgada1fPhBmG2o=
54,7,W7eD4r5pc4ofY1dXXiXSMka6G7s=,4hzogo9x9yZYCSgada1fPhBmG2o=
53,7,W7eD4r5pc4ofY1dXXiXSMka6G7s=,4hzogo9x9yZYCSgada1fPhBmG2o=
52,7,W7eD4r5pc4ofY1dXXiXSMka6G7s=,4hzogo9x9yZYCSgada1fPhBmG2o=
50,2,W7eD4r5pc4ofY1dXXiXSMka6G7s=,4hzogo9x9yZYCSgada1fPhBmG2o=
48,4,W7eD4r5pc4ofY1dXXiXSMka6G7s=,4hzogo9x9yZYCSgada1fPhBmG2o=
51,3,W7eD4r5pc4ofY1dXXiXSMka6G7s=,4hzogo9x9yZYCSgada1fPhBmG2o=
49,4,W7eD4r5pc4ofY1dXXiXSMka6G7s=,4hzogo9x9yZYCSgada1fPhBmG2o=
60,7,W7eD4r5pc4ofY1dXXiXSMka6G7s=,UuhBDn5E083qV16qxZlwZ1AUe+A=
55,5,W7eD4r5pc4ofY1dXXiXSMka6G7s=,4hzogo9x9yZYCSgada1fPhBmG2o=
61,7,W7eD4r5pc4ofY1dXXiXSMka6G7s=,UuhBDn5E083qV16qxZlwZ1AUe+A=
55,7,W7eD4r5pc4ofY1dXXiXSMka6G7s=,4hzogo9x9yZYCSgada1fPhBmG2o=
62,7,W7eD4r5pc4ofY1dXXiXSMka6G7s=,UuhBDn5E083qV16qxZlwZ1AUe+A=
56,0,W7eD4r5pc4ofY1dXXiXSMka6G7s=,UuhBDn5E083qV16qxZlwZ1AUe+A=
57,0,W7eD4r5pc4ofY1dXXiXSMka6G7s=,UuhBDn5E083qV16qxZlwZ1AUe+A=
63,7,W7eD4r5pc4ofY1dXXiXSMka6G7s=,UuhBDn5E083qV16qxZlwZ1AUe+A=
58,0,W7eD4r5pc4ofY1dXXiXSMka6G7s=,UuhBDn5E083qV16qxZlwZ1AUe+A=
59,0,W7eD4r5pc4ofY1dXXiXSMka6G7s=,UuhBDn5E083qV16qxZlwZ1AUe+A=
60,0,W7eD4r5pc4ofY1dXXiXSMka6G7s=,UuhBDn5E083qV16qxZlwZ1AUe+A=
61,0,W7eD4r5pc4ofY1dXXiXSMka6G7s=,UuhBDn5E083qV16qxZlwZ1AUe+A=
62,0,W7eD4r5pc4ofY1dXXiXSMka6G7s=,UuhBDn5E083qV16qxZlwZ1AUe+A=
63,0,W7eD4r5pc4ofY1dXXiXSMka6G7s=,UuhBDn5E083qV16qxZlwZ1AUe+A=
56,1,W7eD4r5pc4ofY1dXXiXSMka6G7s=,UuhBDn5E083qV16qxZlwZ1AUe+A=
57,1,W7eD4r5pc4ofY1dXXiXSMka6G7s=,UuhBDn5E083qV16qxZlwZ1AUe+A=
58,1,W7eD4r5pc4ofY1dXXiXSMka6G7s=,UuhBDn5E083qV16qxZlwZ1AUe+A=
59,1,W7eD4r5pc4ofY1dXXiXSMka6G7s=,UuhBDn5E083qV16qxZlwZ1AUe+A=
60,1,W7eD4r5pc4ofY1dXXiXSMka6G7s=,UuhBDn5E083qV16qxZlwZ1AUe+A=
61,1,W7eD4r5pc4ofY1dXXiXSMka6G7s=,UuhBDn5E083qV16qxZlwZ1AUe+A=
55,3,W7eD4r5pc4ofY1dXXiXSMka6G7s=,4hzogo9x9yZYCSgada1fPhBmG2o=
59,7,W7eD4r5pc4ofY1dXXiXSMka6G7s=,UuhBDn5E083qV16qxZlwZ1AUe+A=
58,7,W7eD4r5pc4ofY1dXXiXSMka6G7s=,UuhBDn5E083qV16qxZlwZ1AUe+A=
57,7,W7eD4r5pc4ofY1dXXiXSMka6G7s=,UuhBDn5E083qV16qxZlwZ1AUe+A=
55,6,W7eD4r5pc4ofY1dXXiXSMka6G7s=,4hzogo9x9yZYCSgada1fPhBmG2o=
56,7,W7eD4r5pc4ofY1dXXiXSMka6G7s=,UuhBDn5E083qV16qxZlwZ1AUe+A=
62,6,W7eD4r5pc4ofY1dXXiXSMka6G7s=,UuhBDn5E083qV16qxZlwZ1AUe+A=
63,6,W7eD4r5pc4ofY1dXXiXSMka6G7s=,UuhBDn5E083qV16qxZlwZ1AUe+A=
61,6,W7eD4r5pc4ofY1dXXiXSMka6G7s=,UuhBDn5E083qV16qxZlwZ1AUe+A=
60,6,W7eD4r5pc4ofY1dXXiXSMka6G7s=,UuhBDn5E083qV16qxZlwZ1AUe+A=
58,6,W7eD4r5pc4ofY1dXXiXSMka6G7s=,UuhBDn5E083qV16qxZlwZ1AUe+A=
59,6,W7eD4r5pc4ofY1dXXiXSMka6G7s=,UuhBDn5E083qV16qxZlwZ1AUe+A=
57,6,W7eD4r5pc4ofY1dXXiXSMka6G7s=,UuhBDn5E083qV16qxZlwZ1AUe+A=
56,6,W7eD4r5pc4ofY1dXXiXSMka6G7s=,UuhBDn5E083qV16qxZlwZ1AUe+A=
55,0,W7eD4r5pc4ofY1dXXiXSMka6G7s=,4hzogo9x9yZYCSgada1fPhBmG2o=
55,2,W7eD4r5pc4ofY1dXXiXSMka6G7s=,4hzogo9x9yZYCSgada1fPhBmG2o=
62,1,W7eD4r5pc4ofY1dXXiXSMka6G7s=,UuhBDn5E083qV16qxZlwZ1AUe+A=
63,1,W7eD4r5pc4ofY1dXXiXSMka6G7s=,UuhBDn5E083qV16qxZlwZ1AUe+A=
56,2,W7eD4r5pc4ofY1dXXiXSMka6G7s=,UuhBDn5E083qV16qxZlwZ1AUe+A=
55,4,W7eD4r5pc4ofY1dXXiXSMka6G7s=,4hzogo9x9yZYCSgada1fPhBmG2o=
62,5,W7eD4r5pc4ofY1dXXiXSMka6G7s=,UuhBDn5E083qV16qxZlwZ1AUe+A=
57,2,W7eD4r5pc4ofY1dXXiXSMka6G7s=,UuhBDn5E083qV16qxZlwZ1AUe+A=
58,2,W7eD4r5pc4ofY1dXXiXSMka6G7s=,UuhBDn5E083qV16qxZlwZ1AUe+A=
59,2,W7eD4r5pc4ofY1dXXiXSMka6G7s=,UuhBDn5E083qV16qxZlwZ1AUe+A=
60,2,W7eD4r5pc4ofY1dXXiXSMka6G7s=,UuhBDn5E083qV16qxZlwZ1AUe+A=
61,2,W7eD4r5pc4ofY1dXXiXSMka6G7s=,UuhBDn5E083qV16qxZlwZ1AUe+A=
62,2,W7eD4r5pc4ofY1dXXiXSMka6G7s=,UuhBDn5E083qV16qxZlwZ1AUe+A=
63,2,W7eD4r5pc4ofY1dXXiXSMka6G7s=,UuhBDn5E083qV16qxZlwZ1AUe+A=
63,5,W7eD4r5pc4ofY1dXXiXSMka6G7s=,UuhBDn5E083qV16qxZlwZ1AUe+A=
56,3,W7eD4r5pc4ofY1dXXiXSMka6G7s=,UuhBDn5E083qV16qxZlwZ1AUe+A=
60,5,W7eD4r5pc4ofY1dXXiXSMka6G7s=,UuhBDn5E083qV16qxZlwZ1AUe+A=
57,5,W7eD4r5pc4ofY1dXXiXSMka6G7s=,UuhBDn5E083qV16qxZlwZ1AUe+A=
56,5,W7eD4r5pc4ofY1dXXiXSMka6G7s=,UuhBDn5E083qV16qxZlwZ1AUe+A=
58,5,W7eD4r5pc4ofY1dXXiXSMka6G7s=,UuhBDn5E083qV16qxZlwZ1AUe+A=
61,5,W7eD4r5pc4ofY1dXXiXSMka6G7s=,UuhBDn5E083qV16qxZlwZ1AUe+A=
59,5,W7eD4r5pc4ofY1dXXiXSMka6G7s=,UuhBDn5E083qV16qxZlwZ1AUe+A=
63,4,W7eD4r5pc4ofY1dXXiXSMka6G7s=,UuhBDn5E083qV16qxZlwZ1AUe+A=
57,3,W7eD4r5pc4ofY1dXXiXSMka6G7s=,UuhBDn5E083qV16qxZlwZ1AUe+A=
62,4,W7eD4r5pc4ofY1dXXiXSMka6G7s=,UuhBDn5E083qV16qxZlwZ1AUe+A=
55,1,W7eD4r5pc4ofY1dXXiXSMka6G7s=,4hzogo9x9yZYCSgada1fPhBmG2o=
58,4,W7eD4r5pc4ofY1dXXiXSMka6G7s=,UuhBDn5E083qV16qxZlwZ1AUe+A=
56,4,W7eD4r5pc4ofY1dXXiXSMka6G7s=,UuhBDn5E083qV16qxZlwZ1AUe+A=
57,4,W7eD4r5pc4ofY1dXXiXSMka6G7s=,UuhBDn5E083qV16qxZlwZ1AUe+A=
63,3,W7eD4r5pc4ofY1dXXiXSMka6G7s=,UuhBDn5E083qV16qxZlwZ1AUe+A=
62,3,W7eD4r5pc4ofY1dXXiXSMka6G7s=,UuhBDn5E083qV16qxZlwZ1AUe+A=
59,4,W7eD4r5pc4ofY1dXXiXSMka6G7s=,UuhBDn5E083qV16qxZlwZ1AUe+A=
61,3,W7eD4r5pc4ofY1dXXiXSMka6G7s=,UuhBDn5E083qV16qxZlwZ1AUe+A=
60,4,W7eD4r5pc4ofY1dXXiXSMka6G7s=,UuhBDn5E083qV16qxZlwZ1AUe+A=
60,3,W7eD4r5pc4ofY1dXXiXSMka6G7s=,UuhBDn5E083qV16qxZlwZ1AUe+A=
61,4,W7eD4r5pc4ofY1dXXiXSMka6G7s=,UuhBDn5E083qV16qxZlwZ1AUe+A=
58,3,W7eD4r5pc4ofY1dXXiXSMka6G7s=,UuhBDn5E083qV16qxZlwZ1AUe+A=
59,3,W7eD4r5pc4ofY1dXXiXSMka6G7s=,UuhBDn5E083qV16qxZlwZ1AUe+A=
